date,open,high,low,close,volume,amt
2013/7/29,2.6330,2.6400,2.6140,2.6260,140433577.0000,3.6922
2013/7/30,2.6320,2.6480,2.6320,2.6460,92993109.0000,2.4572
2013/7/31,2.6430,2.6590,2.6400,2.6570,69976156.0000,1.8558
2013/8/1,2.6530,2.6560,2.6350,2.6430,30006438.0000,0.7932
2013/8/2,2.6300,2.6320,2.5580,2.5780,33021891.0000,0.8578
2013/8/5,2.6210,2.6420,2.6210,2.6300,24012032.0000,0.6317
2013/8/6,2.6200,2.6200,2.5860,2.5910,22336052.0000,0.5808
2013/8/7,2.5620,2.5820,2.5600,2.5740,19501857.0000,0.5005
2013/8/8,2.5880,2.5970,2.5830,2.5860,12626896.0000,0.3269
2013/8/9,2.6250,2.6300,2.6110,2.6160,13213795.0000,0.3464
2013/8/12,2.6560,2.6600,2.6490,2.6590,19916360.0000,0.5288
2013/8/13,2.6620,2.6800,2.6580,2.6750,14718160.0000,0.3924
2013/8/14,2.6400,2.6520,2.6370,2.6400,11130351.0000,0.2942
2013/8/15,2.6800,2.6890,2.6740,2.6800,17191989.0000,0.4607
2013/8/16,2.7300,2.7430,2.7100,2.7120,18664881.0000,0.5087
2013/8/19,2.7400,2.7520,2.7330,2.7370,14228539.0000,0.3906
2013/8/20,2.7250,2.7290,2.6990,2.7050,8921362.0000,0.2419
2013/8/21,2.7200,2.7340,2.7180,2.7240,6369008.0000,0.1736
2013/8/22,2.7170,2.7210,2.7100,2.7140,4756443.0000,0.1291
2013/8/23,2.7310,2.7370,2.7240,2.7330,9361162.0000,0.2558
2013/8/26,2.7700,2.7810,2.7650,2.7720,8727286.0000,0.2419
2013/8/27,2.7720,2.7820,2.7710,2.7790,6336802.0000,0.1760
2013/8/28,2.8100,2.8370,2.8000,2.8270,14239869.0000,0.4012
2013/8/29,2.8080,2.8080,2.7840,2.7960,7396574.0000,0.2066
2013/8/30,2.7810,2.7980,2.7810,2.7870,8631178.0000,0.2407
2013/9/2,2.7700,2.7750,2.7610,2.7670,6896895.0000,0.1909
2013/9/3,2.7700,2.7700,2.7600,2.7620,3896815.0000,0.1077
2013/9/4,2.7910,2.8020,2.7840,2.7870,9480610.0000,0.2649
2013/9/5,2.7650,2.7670,2.7450,2.7510,5750474.0000,0.1584
2013/9/6,2.7300,2.7300,2.7190,2.7250,6594294.0000,0.1797
2013/9/9,2.7510,2.7610,2.7510,2.7560,4079357.0000,0.1125
2013/9/10,2.7560,2.7560,2.7370,2.7420,9294001.0000,0.2551
2013/9/11,2.7120,2.7220,2.7000,2.7220,5937809.0000,0.1610
2013/9/12,2.7140,2.7140,2.6760,2.6820,4885575.0000,0.1318
2013/9/13,2.6550,2.6550,2.6080,2.6220,9302931.0000,0.2451
2013/9/16,2.6360,2.6470,2.6310,2.6310,4727727.0000,0.1249
2013/9/17,2.6150,2.6160,2.6040,2.6090,4041727.0000,0.1055
2013/9/18,2.5850,2.5900,2.5680,2.5890,9692651.0000,0.2499
2013/9/23,2.6180,2.6360,2.6090,2.6290,7860273.0000,0.2060
2013/9/24,2.6280,2.6330,2.6210,2.6220,5245488.0000,0.1379
2013/9/25,2.6220,2.6330,2.6210,2.6290,3117444.0000,0.0819
2013/9/26,2.6360,2.6440,2.6310,2.6320,3558817.0000,0.0939
2013/9/27,2.6250,2.6260,2.6180,2.6220,5737501.0000,0.1505
2013/9/30,2.6330,2.6500,2.6330,2.6490,3166558.0000,0.0838
2013/10/8,2.6380,2.6380,2.6260,2.6300,3119827.0000,0.0820
2013/10/9,2.6250,2.6250,2.6120,2.6150,4958316.0000,0.1297
2013/10/10,2.5880,2.5980,2.5880,2.5950,4941113.0000,0.1281
2013/10/11,2.5740,2.5760,2.5660,2.5690,6301104.0000,0.1619
2013/10/14,2.5400,2.5430,2.5320,2.5430,7780725.0000,0.1974
2013/10/15,2.5380,2.5390,2.5290,2.5330,9691603.0000,0.2456
2013/10/16,2.5400,2.5500,2.5380,2.5490,10926177.0000,0.2781
2013/10/17,2.5520,2.5550,2.5250,2.5310,4716629.0000,0.1197
2013/10/18,2.5910,2.6060,2.5910,2.6050,12044691.0000,0.3129
2013/10/21,2.6000,2.6080,2.5600,2.6080,5543057.0000,0.1440
2013/10/22,2.5890,2.5950,2.5860,2.5950,2821310.0000,0.0731
2013/10/23,2.6230,2.6370,2.6210,2.6240,5489447.0000,0.1444
2013/10/24,2.6260,2.6260,2.6140,2.6240,4725435.0000,0.1239
2013/10/25,2.6240,2.6310,2.6160,2.6190,3593692.0000,0.0943
2013/10/28,2.6340,2.6380,2.6240,2.6260,13332469.0000,0.3507
2013/10/29,2.6320,2.6450,2.6300,2.6390,5023958.0000,0.1325
2013/10/30,2.6200,2.6340,2.6120,2.6310,4521849.0000,0.1185
2013/10/31,2.6180,2.6200,2.6070,2.6130,1966879.0000,0.0514
2013/11/1,2.5950,2.6030,2.5890,2.6020,2440723.0000,0.0634
2013/11/4,2.6030,2.6030,2.5800,2.5840,5231883.0000,0.1353
2013/11/5,2.5850,2.5890,2.5780,2.5820,3757852.0000,0.0970
2013/11/6,2.5790,2.5800,2.5700,2.5780,2367648.0000,0.0610
2013/11/7,2.5800,2.5890,2.5790,2.5890,2269500.0000,0.0587
2013/11/8,2.5800,2.5800,2.5650,2.5730,2525769.0000,0.0649
2013/11/11,2.5350,2.5350,2.5230,2.5290,5121855.0000,0.1295
2013/11/12,2.5270,2.5270,2.5110,2.5170,6627677.0000,0.1668
2013/11/13,2.5030,2.5050,2.4960,2.5010,4315885.0000,0.1079
2013/11/14,2.5060,2.5230,2.5060,2.5160,4446858.0000,0.1118
2013/11/15,2.5210,2.5320,2.5190,2.5260,3751744.0000,0.0949
2013/11/18,2.5290,2.5290,2.5150,2.5270,3623036.0000,0.0915
2013/11/19,2.5200,2.5200,2.4960,2.5010,5072062.0000,0.1268
2013/11/20,2.5010,2.5080,2.5000,2.5080,3838639.0000,0.0962
2013/11/21,2.4880,2.4890,2.4610,2.4630,5986667.0000,0.1475
2013/11/22,2.4630,2.4630,2.4530,2.4580,9728284.0000,0.2388
2013/11/25,2.4570,2.4570,2.4330,2.4370,6220043.0000,0.1522
2013/11/26,2.4490,2.4650,2.4490,2.4650,8938921.0000,0.2199
2013/11/27,2.4500,2.4600,2.4460,2.4530,5079390.0000,0.1244
2013/11/28,2.4460,2.4480,2.4390,2.4400,11876280.0000,0.2902
2013/11/29,2.4400,2.4460,2.4400,2.4430,5352364.0000,0.1308
2013/12/2,2.4440,2.4540,2.4440,2.4500,4013860.0000,0.0982
2013/12/3,2.4210,2.4230,2.4040,2.4110,7018050.0000,0.1690
2013/12/4,2.4110,2.4110,2.4040,2.4080,9073977.0000,0.2183
2013/12/5,2.4310,2.4350,2.4100,2.4290,11311219.0000,0.2745
2013/12/6,2.4160,2.4200,2.4110,2.4180,6066461.0000,0.1465
2013/12/9,2.4240,2.4270,2.4170,2.4250,5340691.0000,0.1293
2013/12/10,2.4300,2.4450,2.4240,2.4450,5382939.0000,0.1312
2013/12/11,2.4610,2.4650,2.4500,2.4620,5159406.0000,0.1268
2013/12/12,2.4540,2.4560,2.4480,2.4500,3571456.0000,0.0876
2013/12/13,2.4150,2.4150,2.4040,2.4100,7463546.0000,0.1797
2013/12/16,2.4120,2.4170,2.4090,2.4110,4697154.0000,0.1134
2013/12/17,2.4190,2.4410,2.4170,2.4380,7037515.0000,0.1708
2013/12/18,2.4200,2.4230,2.4110,2.4190,5882943.0000,0.1424
2013/12/19,2.4130,2.4130,2.3930,2.4000,5242956.0000,0.1258
2013/12/20,2.3710,2.3720,2.3420,2.3420,5200302.0000,0.1224
2013/12/23,2.3550,2.3690,2.3540,2.3660,5651278.0000,0.1334
2013/12/24,2.3570,2.3700,2.3550,2.3660,5956602.0000,0.1409
2013/12/25,2.3610,2.3800,2.3610,2.3760,5292706.0000,0.1256
2013/12/26,2.3760,2.3820,2.3690,2.3770,3120847.0000,0.0742
2013/12/27,2.3800,2.4050,2.3800,2.4010,2678399.0000,0.0641
2013/12/30,2.4020,2.4020,2.3750,2.3770,2035076.0000,0.0487
2013/12/31,2.3660,2.3800,2.3660,2.3760,4401338.0000,0.1045
2014/1/2,2.3890,2.4080,2.3810,2.4030,3141513.0000,0.0753
2014/1/3,2.4130,2.4250,2.4110,2.4240,3824667.0000,0.0924
2014/1/6,2.4370,2.4450,2.4100,2.4350,4816721.0000,0.1174
2014/1/7,2.4300,2.4450,2.4300,2.4420,5129854.0000,0.1253
2014/1/8,2.4150,2.4220,2.4100,2.4110,2095733.0000,0.0506
2014/1/9,2.4100,2.4200,2.4100,2.4120,2028533.0000,0.0489
2014/1/10,2.4140,2.4320,2.4140,2.4280,2530411.0000,0.0613
2014/1/13,2.4510,2.4580,2.4460,2.4480,2339667.0000,0.0574
2014/1/14,2.4490,2.4570,2.4490,2.4550,1755747.0000,0.0431
2014/1/15,2.4400,2.4420,2.4270,2.4340,1803048.0000,0.0439
2014/1/16,2.4320,2.4390,2.4300,2.4370,2087118.0000,0.0508
2014/1/17,2.4340,2.4380,2.4340,2.4350,2566126.0000,0.0625
2014/1/20,2.4360,2.4610,2.4360,2.4590,1958602.0000,0.0482
2014/1/21,2.4560,2.4570,2.4510,2.4510,1958163.0000,0.0481
2014/1/22,2.4390,2.4390,2.4280,2.4320,1528407.0000,0.0372
2014/1/23,2.4280,2.4280,2.4150,2.4260,2698497.0000,0.0653
2014/1/24,2.4580,2.4690,2.4580,2.4600,3387500.0000,0.0834
2014/1/27,2.4700,2.4870,2.4700,2.4760,3390378.0000,0.0841
2014/1/28,2.4680,2.4700,2.4420,2.4630,5135338.0000,0.1264
2014/1/29,2.4520,2.4640,2.4500,2.4550,4412360.0000,0.1082
2014/1/30,2.4650,2.4740,2.4590,2.4610,3317500.0000,0.0818
2014/2/7,2.4610,2.4860,2.4140,2.4800,5862077.0000,0.1440
2014/2/10,2.4900,2.5010,2.4850,2.5010,4295022.0000,0.1072
2014/2/11,2.5080,2.5240,2.5080,2.5150,3289786.0000,0.0828
2014/2/12,2.5190,2.5210,2.5090,2.5210,2803470.0000,0.0706
2014/2/13,2.5230,2.5230,2.5140,2.5170,2973473.0000,0.0749
2014/2/14,2.5310,2.5530,2.5310,2.5520,3616930.0000,0.0921
2014/2/17,2.5920,2.6000,2.5820,2.5960,3716180.0000,0.0963
2014/2/18,2.5960,2.5960,2.5580,2.5700,6234395.0000,0.1607
2014/2/19,2.5680,2.5760,2.5680,2.5750,2882495.0000,0.0742
2014/2/20,2.5630,2.5730,2.5560,2.5660,3261330.0000,0.0836
2014/2/21,2.5660,2.5870,2.5660,2.5820,3007713.0000,0.0776
2014/2/24,2.5700,2.5990,2.5700,2.5990,4063549.0000,0.1052
2014/2/25,2.6090,2.6180,2.6080,2.6120,2705128.0000,0.0707
2014/2/26,2.6170,2.6520,2.6170,2.6510,3659818.0000,0.0963
2014/2/27,2.6390,2.6400,2.5950,2.6020,7466620.0000,0.1945
2014/2/28,2.6110,2.6250,2.6110,2.6210,2955879.0000,0.0775
2014/3/3,2.6430,2.6540,2.6430,2.6510,2562590.0000,0.0679
2014/3/4,2.6750,2.7040,2.6400,2.6430,5511249.0000,0.1470
2014/3/5,2.6260,2.6370,2.6210,2.6240,3253788.0000,0.0855
2014/3/6,2.6240,2.6500,2.6180,2.6230,3220321.0000,0.0848
2014/3/7,2.6480,2.6520,2.6420,2.6490,1664309.0000,0.0441
2014/3/10,2.6250,2.6250,2.6000,2.6100,5192927.0000,0.1356
2014/3/11,2.6150,2.6420,2.6150,2.6410,2781444.0000,0.0731
2014/3/12,2.6510,2.6780,2.6510,2.6680,2780065.0000,0.0742
2014/3/13,2.6890,2.7040,2.6890,2.6940,3129330.0000,0.0844
2014/3/14,2.7050,2.7100,2.6900,2.6920,2321601.0000,0.0626
2014/3/17,2.7010,2.7220,2.7010,2.7220,2618133.0000,0.0711
2014/3/18,2.7040,2.7040,2.6730,2.6860,3829756.0000,0.1027
2014/3/19,2.6700,2.6840,2.6680,2.6800,2212494.0000,0.0592
2014/3/20,2.6400,2.6520,2.6380,2.6470,1557214.0000,0.0412
2014/3/21,2.6590,2.6590,2.6450,2.6470,2432902.0000,0.0645
2014/3/24,2.6500,2.6500,2.6330,2.6400,3217910.0000,0.0849
2014/3/25,2.6240,2.6240,2.6020,2.6080,2917327.0000,0.0761
2014/3/26,2.6230,2.6230,2.6090,2.6140,1253960.0000,0.0328
2014/3/27,2.6050,2.6060,2.5800,2.5800,2138750.0000,0.0555
2014/3/28,2.5740,2.5880,2.5730,2.5880,2938468.0000,0.0758
2014/3/31,2.5700,2.5870,2.5700,2.5730,2518663.0000,0.0650
2014/4/1,2.5640,2.5640,2.5520,2.5550,2203989.0000,0.0563
2014/4/2,2.5530,2.5610,2.5520,2.5610,1353613.0000,0.0346
2014/4/3,2.5710,2.5810,2.5700,2.5730,967558.0000,0.0249
2014/4/4,2.5590,2.5730,2.5570,2.5640,1178101.0000,0.0302
2014/4/8,2.5800,2.6070,2.5800,2.6060,3553820.0000,0.0920
2014/4/9,2.6090,2.6150,2.6060,2.6100,2097806.0000,0.0548
2014/4/10,2.6200,2.6200,2.6120,2.6180,1884868.0000,0.0493
2014/4/11,2.6030,2.6250,2.6030,2.6200,2274045.0000,0.0596
2014/4/14,2.6290,2.6490,2.6290,2.6490,2516896.0000,0.0664
2014/4/15,2.6460,2.6460,2.4100,2.6100,2873834.0000,0.0756
2014/4/16,2.5850,2.5900,2.5730,2.5900,1139684.0000,0.0294
2014/4/17,2.6040,2.6040,2.5800,2.5860,1838264.0000,0.0476
2014/4/18,2.5900,2.5900,2.5750,2.5790,1804490.0000,0.0466
2014/4/21,2.5750,2.5750,2.5580,2.5650,3285982.0000,0.0842
2014/4/22,2.5610,2.5790,2.5610,2.5770,1210900.0000,0.0311
2014/4/23,2.5670,2.5820,2.5660,2.5750,1337099.0000,0.0343
2014/4/24,2.5750,2.5770,2.5670,2.5730,2040702.0000,0.0524
2014/4/25,2.5850,2.5960,2.5850,2.5900,2429920.0000,0.0630
2014/4/28,2.6130,2.6350,2.6130,2.6310,2327696.0000,0.0612
2014/4/29,2.6280,2.6280,2.5990,2.6030,2769118.0000,0.0722
2014/4/30,2.6050,2.6150,2.6020,2.6120,1722206.0000,0.0449
2014/5/5,2.6320,2.6340,2.6160,2.6240,2540455.0000,0.0667
2014/5/6,2.6270,2.6300,2.6160,2.6260,1167839.0000,0.0307
2014/5/7,2.6140,2.6310,2.6140,2.6250,562448.0000,0.0148
2014/5/8,2.5900,2.5960,2.5820,2.5870,1213007.0000,0.0314
2014/5/9,2.5920,2.5920,2.5800,2.5880,599964.0000,0.0155
2014/5/12,2.5860,2.5930,2.5700,2.5930,1432097.0000,0.0370
2014/5/13,2.5920,2.6020,2.5820,2.5950,2719204.0000,0.0706
2014/5/14,2.5960,2.6000,2.5880,2.5980,3202388.0000,0.0832
2014/5/15,2.6100,2.6120,2.6020,2.6100,1635370.0000,0.0427
2014/5/16,2.5950,2.5980,2.5910,2.5940,1181301.0000,0.0307
2014/5/19,2.5860,2.6020,2.5850,2.5960,4212217.0000,0.1094
2014/5/20,2.5960,2.5960,2.5920,2.5930,1835764.0000,0.0476
2014/5/21,2.5990,2.6000,2.5850,2.5940,2762510.0000,0.0717
2014/5/22,2.5910,2.5980,2.5900,2.5970,2554200.0000,0.0662
2014/5/23,2.6010,2.6010,2.5960,2.5970,1642210.0000,0.0427
2014/5/26,2.5900,2.5960,2.5880,2.5940,3191220.0000,0.0828
2014/5/27,2.5940,2.5960,2.5850,2.5890,3263000.0000,0.0846
2014/5/28,2.5750,2.5750,2.5510,2.5530,4110891.0000,0.1050
2014/5/29,2.5580,2.5580,2.5260,2.5260,2769200.0000,0.0703
2014/5/30,2.5460,2.5460,2.5310,2.5350,1938851.0000,0.0491
2014/6/3,2.5260,2.5260,2.5080,2.5170,3874230.0000,0.0973
2014/6/4,2.5110,2.5160,2.5110,2.5140,2863800.0000,0.0720
2014/6/5,2.5150,2.5150,2.5090,2.5100,3828500.0000,0.0961
2014/6/6,2.5220,2.5310,2.5220,2.5300,3522500.0000,0.0890
2014/6/9,2.5310,2.5310,2.5200,2.5220,4857300.0000,0.1226
2014/6/10,2.5200,2.5250,2.5160,2.5210,4028410.0000,0.1016
2014/6/11,2.5280,2.5330,2.5270,2.5300,8198808.0000,0.2074
2014/6/12,2.5290,2.5330,2.5260,2.5300,7060914.0000,0.1786
2014/6/13,2.5470,2.5490,2.5390,2.5440,887301.0000,0.0226
2014/6/16,2.5510,2.5590,2.5440,2.5550,7320801.0000,0.1865
2014/6/17,2.5500,2.5520,2.5340,2.5360,10046424.0000,0.2556
2014/6/18,2.5440,2.5440,2.5340,2.5340,6234922.0000,0.1584
2014/6/19,2.5420,2.5600,2.5420,2.5560,3597687.0000,0.0918
2014/6/20,2.6110,2.6300,2.6100,2.6270,2396490.0000,0.0629
2014/6/23,2.6040,2.6380,2.6040,2.6370,1593623.0000,0.0419
2014/6/24,2.6340,2.6370,2.6290,2.6370,6634645.0000,0.1747
2014/6/25,2.6280,2.6400,2.6250,2.6290,7941783.0000,0.2087
2014/6/26,2.6200,2.6380,2.6200,2.6310,5751110.0000,0.1514
2014/6/27,2.5840,2.6390,2.5840,2.6340,6176686.0000,0.1628
2014/6/30,2.6340,2.6390,2.6200,2.6290,2301684.0000,0.0606
2014/7/1,2.6390,2.6450,2.6350,2.6380,1740553.0000,0.0460
2014/7/2,2.6400,2.6470,2.6390,2.6440,427900.0000,0.0113
2014/7/3,2.6330,2.6460,2.6330,2.6380,1755501.0000,0.0463
2014/7/4,2.6300,2.6380,2.6300,2.6350,1087448.0000,0.0286
2014/7/7,2.6310,2.6310,2.6150,2.6170,942878.0000,0.0247
2014/7/8,2.6220,2.6340,2.6200,2.6290,1032926.0000,0.0271
2014/7/9,2.6190,2.6370,2.6190,2.6330,564152.0000,0.0148
2014/7/10,2.6420,2.6600,2.6420,2.6450,1250371.0000,0.0331
2014/7/11,2.6670,2.6720,2.6510,2.6690,1952612.0000,0.0521
2014/7/14,2.6710,2.6720,2.6300,2.6300,1418601.0000,0.0376
2014/7/15,2.6090,2.6120,2.6030,2.6100,1658627.0000,0.0432
2014/7/16,2.6090,2.6090,2.5900,2.5910,1615686.0000,0.0419
2014/7/17,2.5940,2.6100,2.5940,2.6040,719911.0000,0.0188
2014/7/18,2.6260,2.6390,2.6160,2.6200,3032158.0000,0.0796
2014/7/21,2.6180,2.6200,2.6120,2.6200,10012841.0000,0.2619
2014/7/22,2.6200,2.6200,2.6030,2.6080,5887976.0000,0.1538
2014/7/23,2.6040,2.6080,2.6030,2.6050,5485301.0000,0.1429
2014/7/24,2.6030,2.6030,2.5820,2.5900,9865700.0000,0.2557
2014/7/25,2.5800,2.5800,2.5690,2.5790,5307903.0000,0.1366
2014/7/28,2.5900,2.6010,2.5900,2.5980,5268326.0000,0.1368
2014/7/29,2.5950,2.6040,2.5950,2.5960,2781735.0000,0.0723
2014/7/30,2.5800,2.5930,2.5750,2.5850,405200.0000,0.0105
2014/7/31,2.5800,2.5810,2.5700,2.5770,2375000.0000,0.0612
2014/8/1,2.5750,2.5760,2.5530,2.5600,1059600.0000,0.0271
2014/8/4,2.5840,2.5840,2.5710,2.5780,417979.0000,0.0108
2014/8/5,2.5700,2.5730,2.5630,2.5710,695466.0000,0.0179
2014/8/6,2.5900,2.5900,2.5680,2.5710,1052926.0000,0.0271
2014/8/7,2.5890,2.5980,2.5890,2.5920,1895262.0000,0.0492
2014/8/8,2.5980,2.6210,2.5960,2.6160,4363285.0000,0.1139
2014/8/11,2.6160,2.6160,2.5900,2.5960,2597600.0000,0.0674
2014/8/12,2.5980,2.5990,2.5920,2.5980,1199900.0000,0.0311
2014/8/13,2.5950,2.6000,2.5930,2.5980,2962695.0000,0.0769
2014/8/14,2.6050,2.6050,2.5970,2.5980,2793824.0000,0.0726
2014/8/15,2.5990,2.6010,2.5960,2.5990,1089162.0000,0.0283
2014/8/18,2.5800,2.5810,2.5580,2.5780,1050000.0000,0.0271
2014/8/19,2.5700,2.5750,2.5620,2.5720,1064180.0000,0.0274
2014/8/20,2.5720,2.5720,2.5660,2.5690,976700.0000,0.0251
2014/8/21,2.5680,2.5680,2.5380,2.5430,2658151.0000,0.0678
2014/8/22,2.5430,2.5440,2.5350,2.5440,1128200.0000,0.0287
2014/8/25,2.5450,2.5450,2.5360,2.5370,1333600.0000,0.0339
2014/8/26,2.5470,2.5570,2.5350,2.5570,2324940.0000,0.0591
2014/8/27,2.5530,2.5530,2.5440,2.5490,707260.0000,0.0180
2014/8/28,2.5450,2.5540,2.5400,2.5510,960627.0000,0.0245
2014/8/29,2.5590,2.5590,2.5490,2.5540,1170678.0000,0.0299
2014/9/1,2.5510,2.5540,2.5450,2.5490,564929.0000,0.0144
2014/9/2,2.5530,2.5530,2.5310,2.5330,4640500.0000,0.1178
2014/9/3,2.5280,2.5280,2.5130,2.5240,5440900.0000,0.1371
2014/9/4,2.5240,2.5280,2.5170,2.5210,16859710.0000,0.4252
2014/9/5,2.5150,2.5190,2.5090,2.5160,26286821.0000,0.6607
2014/9/9,2.5120,2.5120,2.4940,2.4980,20278800.0000,0.5066
2014/9/10,2.4930,2.4950,2.4800,2.4900,17944572.0000,0.4467
2014/9/11,2.4860,2.4860,2.4730,2.4790,10109000.0000,0.2504
2014/9/12,2.4680,2.4680,2.4520,2.4640,7667569.0000,0.1885
2014/9/15,2.4550,2.4590,2.4500,2.4580,27377900.0000,0.6717
2014/9/16,2.4650,2.4650,2.4550,2.4580,31096653.0000,0.7652
2014/9/17,2.4600,2.4620,2.4560,2.4590,27320047.0000,0.6718
2014/9/18,2.4390,2.4390,2.4330,2.4350,22370293.0000,0.5448
2014/9/19,2.4310,2.4390,2.4260,2.4340,17990436.0000,0.4375
2014/9/22,2.4220,2.4260,2.4000,2.4060,21750707.0000,0.5232
2014/9/23,2.4100,2.4140,2.4070,2.4110,21795634.0000,0.5256
2014/9/24,2.4160,2.4200,2.4120,2.4180,22299628.0000,0.5390
2014/9/25,2.4090,2.4120,2.3990,2.4020,16837735.0000,0.4052
2014/9/26,2.4180,2.4350,2.4160,2.4290,23522217.0000,0.5700
2014/9/29,2.4250,2.4250,2.4160,2.4240,21313250.0000,0.5159
2014/9/30,2.4240,2.4330,2.4210,2.4290,19049036.0000,0.4617
2014/10/8,2.4180,2.4190,2.4120,2.4180,6780778.0000,0.1638
2014/10/9,2.4290,2.4340,2.4230,2.4310,25493300.0000,0.6188
2014/10/10,2.4330,2.4330,2.4230,2.4240,13556408.0000,0.3288
2014/10/13,2.4360,2.4490,2.4320,2.4410,23028688.0000,0.5617
2014/10/14,2.4430,2.4480,2.4410,2.4440,19835500.0000,0.4848
2014/10/15,2.4400,2.4400,2.4270,2.4280,22177756.0000,0.5388
2014/10/16,2.4420,2.4540,2.4420,2.4460,20394700.0000,0.4996
2014/10/17,2.4490,2.4530,2.4440,2.4490,12089776.0000,0.2961
2014/10/20,2.4490,2.4510,2.4410,2.4480,10583500.0000,0.2587
2014/10/21,2.4530,2.4630,2.4530,2.4610,6010810.0000,0.1478
2014/10/22,2.4610,2.4650,2.4600,2.4640,7353699.0000,0.1811
2014/10/23,2.4540,2.4550,2.4450,2.4480,10789202.0000,0.2646
2014/10/24,2.4350,2.4350,2.4240,2.4310,10997500.0000,0.2670
2014/10/27,2.4350,2.4390,2.4260,2.4270,10075900.0000,0.2447
2014/10/28,2.4250,2.4280,2.4210,2.4220,7863810.0000,0.1906
2014/10/29,2.4230,2.4290,2.4230,2.4280,9071753.0000,0.2202
2014/10/30,2.4170,2.4170,2.3900,2.3960,15114599.0000,0.3630
2014/10/31,2.3880,2.3880,2.3470,2.3490,16908313.0000,0.4001
2014/11/3,2.3150,2.3190,2.3080,2.3190,15241899.0000,0.3526
2014/11/4,2.3160,2.3170,2.3100,2.3160,12938700.0000,0.2993
2014/11/5,2.3120,2.3130,2.2670,2.2720,20614100.0000,0.4737
2014/11/6,2.2650,2.2680,2.2500,2.2620,16449052.0000,0.3716
2014/11/7,2.2510,2.2610,2.2400,2.2580,18352001.0000,0.4131
2014/11/10,2.3090,2.3120,2.2960,2.3050,22729739.0000,0.5238
2014/11/11,2.2890,2.2890,2.2680,2.2710,16919800.0000,0.3852
2014/11/12,2.2850,2.3070,2.2850,2.3030,21001253.0000,0.4827
2014/11/13,2.2940,2.3010,2.2900,2.2930,22780829.0000,0.5229
2014/11/14,2.2920,2.2970,2.2750,2.2820,30742176.0000,0.7041
2014/11/17,2.3250,2.3430,2.3250,2.3350,36624577.0000,0.8556
2014/11/18,2.3310,2.3420,2.3310,2.3400,27845300.0000,0.6511
2014/11/19,2.3500,2.3530,2.3480,2.3500,24177997.0000,0.5684
2014/11/20,2.3200,2.3460,2.3200,2.3300,25705338.0000,0.5991
2014/11/21,2.3410,2.3530,2.3410,2.3490,25135546.0000,0.5905
2014/11/24,2.3520,2.3660,2.3520,2.3590,25620213.0000,0.6051
2014/11/25,2.3590,2.3640,2.3590,2.3610,26638104.0000,0.6290
2014/11/26,2.3650,2.3670,2.3610,2.3630,30473300.0000,0.7203
2014/11/27,2.3650,2.3700,2.3510,2.3690,28114050.0000,0.6645
2014/11/28,2.3580,2.3580,2.3500,2.3530,24746148.0000,0.5824
2014/12/1,2.3050,2.3090,2.2950,2.3020,38714171.0000,0.8898
2014/12/2,2.3600,2.3920,2.3600,2.3900,26253778.0000,0.6248
2014/12/3,2.3840,2.3870,2.3700,2.3840,26588984.0000,0.6336
2014/12/4,2.3920,2.3970,2.3890,2.3920,28273302.0000,0.6768
2014/12/5,2.3920,2.3950,2.3890,2.3940,36464054.0000,0.8722
2014/12/8,2.3860,2.3860,2.3710,2.3730,60243464.0000,1.4336
2014/12/9,2.3810,2.4100,2.3810,2.4080,57182904.0000,1.3695
2014/12/10,2.4450,2.4680,2.4450,2.4630,89254879.0000,2.1930
2014/12/11,2.4620,2.4620,2.4390,2.4410,70553803.0000,1.7299
2014/12/12,2.4390,2.4470,2.4320,2.4340,92502921.0000,2.2589
2014/12/15,2.4300,2.4390,2.4200,2.4370,58294985.0000,1.4179
2014/12/16,2.4080,2.4080,2.3930,2.4040,59197887.0000,1.4223
2014/12/17,2.3930,2.4070,2.3930,2.4010,64746292.0000,1.5549
2014/12/18,2.4010,2.4300,2.3950,2.4090,58912691.0000,1.4225
2014/12/19,2.4070,2.4170,2.4050,2.4140,75845720.0000,1.8301
2014/12/22,2.4130,2.4150,2.4090,2.4090,46849011.0000,1.1305
2014/12/23,2.3940,2.3940,2.3790,2.3800,6792498.0000,0.1618
2014/12/24,2.3810,2.3810,2.3730,2.3780,23139356.0000,0.5502
2014/12/25,2.3740,2.3790,2.3700,2.3760,59074355.0000,1.4031
2014/12/26,2.3700,2.3930,2.3700,2.3860,44541376.0000,1.0629
2014/12/29,2.4000,2.4090,2.3980,2.4060,50615276.0000,1.2164
2014/12/30,2.3910,2.3960,2.3860,2.3880,84633568.0000,2.0241
2014/12/31,2.4110,2.4170,2.4100,2.4120,33708804.0000,0.8137
2015/1/5,2.4130,2.4160,2.4010,2.4140,3334378.0000,0.0803
2015/1/6,2.4160,2.4370,2.4160,2.4350,4066454.0000,0.0986
2015/1/7,2.4420,2.4520,2.4350,2.4450,9323508.0000,0.2280
2015/1/8,2.4450,2.4450,2.4280,2.4310,17678176.0000,0.4308
2015/1/9,2.4310,2.4410,2.4310,2.4390,19942986.0000,0.4860
2015/1/12,2.4560,2.4660,2.4510,2.4580,36432522.0000,0.8952
2015/1/13,2.4720,2.4800,2.4700,2.4710,10451650.0000,0.2588
2015/1/14,2.4720,2.4750,2.4510,2.4660,10426211.0000,0.2566
2015/1/15,2.4600,2.4660,2.4560,2.4620,7151600.0000,0.1760
2015/1/16,2.5060,2.5190,2.5060,2.5180,11268403.0000,0.2835
2015/1/19,2.5490,2.5720,2.5490,2.5670,10512183.0000,0.2698
2015/1/20,2.6000,2.6000,2.5520,2.5700,9365228.0000,0.2405
2015/1/21,2.5980,2.6230,2.5980,2.6200,8017780.0000,0.2093
2015/1/22,2.5990,2.6000,2.5800,2.5890,8049002.0000,0.2085
2015/1/23,2.5970,2.6100,2.5970,2.6070,5361436.0000,0.1397
2015/1/26,2.6090,2.6160,2.6030,2.6090,51269942.0000,1.3378
2015/1/27,2.5900,2.5910,2.5780,2.5890,24670007.0000,0.6375
2015/1/28,2.6050,2.6050,2.5960,2.5980,2758410.0000,0.0717
2015/1/29,2.5900,2.5920,2.5810,2.5850,1743500.0000,0.0451
2015/1/30,2.5630,2.5630,2.5110,2.5420,51276400.0000,1.3020
2015/2/2,2.5800,2.5910,2.5800,2.5860,23320600.0000,0.6037
2015/2/3,2.5750,2.5890,2.5740,2.5880,17317900.0000,0.4463
2015/2/4,2.5590,2.5600,2.5470,2.5600,5629817.0000,0.1439
2015/2/5,2.5630,2.5770,2.5630,2.5760,2087200.0000,0.0537
2015/2/6,2.5600,2.5660,2.5510,2.5640,1799827.0000,0.0460
2015/2/9,2.5390,2.5390,2.4990,2.5040,22984154.0000,0.5757
2015/2/10,2.5040,2.5160,2.5030,2.5140,10443000.0000,0.2621
2015/2/11,2.5060,2.5080,2.5020,2.5040,3105875.0000,0.0778
2015/2/12,2.4930,2.4930,2.4750,2.4790,3086700.0000,0.0765
2015/2/13,2.4790,2.4970,2.4790,2.4960,26709500.0000,0.6636
2015/2/16,2.4990,2.4990,2.4940,2.4980,2950100.0000,0.0736
2015/2/17,2.4980,2.4990,2.4860,2.4880,27485100.0000,0.6857
2015/2/25,2.4800,2.4800,2.4580,2.4660,27551500.0000,0.6793
2015/2/26,2.4620,2.4660,2.4560,2.4640,4469101.0000,0.1100
2015/2/27,2.4670,2.4690,2.4590,2.4650,28982300.0000,0.7151
2015/3/2,2.4720,2.4870,2.4720,2.4850,5021152.0000,0.1246
2015/3/3,2.4740,2.4740,2.4430,2.4670,48859900.0000,1.2023
2015/3/4,2.4680,2.4680,2.4580,2.4590,46059900.0000,1.1330
2015/3/5,2.4570,2.4570,2.4460,2.4490,45651600.0000,1.1189
2015/3/6,2.4450,2.4450,2.4350,2.4390,46936700.0000,1.1443
2015/3/9,2.3840,2.3920,2.3800,2.3890,67835500.0000,1.6179
2015/3/10,2.3820,2.3840,2.3630,2.3680,47261100.0000,1.1242
2015/3/11,2.3680,2.3700,2.3640,2.3690,49000200.0000,1.1603
2015/3/12,2.3600,2.3740,2.3490,2.3720,47481966.0000,1.1165
2015/3/13,2.3680,2.3680,2.3570,2.3590,40918000.0000,0.9665
2015/3/16,2.3570,2.3740,2.3560,2.3740,48522484.0000,1.1471
2015/3/17,2.3640,2.3640,2.3540,2.3580,66890808.0000,1.5777
2015/3/18,2.3530,2.3530,2.3390,2.3410,63002535.0000,1.4777
2015/3/19,2.3700,2.3730,2.3600,2.3630,67769185.0000,1.6038
2015/3/20,2.3650,2.3650,2.3540,2.3540,67529378.0000,1.5918
2015/3/23,2.3690,2.3750,2.3680,2.3740,59673531.0000,1.4144
2015/3/24,2.3800,2.3840,2.3760,2.3830,54509853.0000,1.2964
2015/3/25,2.3830,2.3840,2.3770,2.3810,56473527.0000,1.3456
2015/3/26,2.3890,2.4050,2.3860,2.4040,54558404.0000,1.3071
2015/3/27,2.4040,2.4080,2.3970,2.4060,53715877.0000,1.2911
2015/3/30,2.3980,2.3980,2.3800,2.3800,51680388.0000,1.2316
2015/3/31,2.3690,2.3710,2.3590,2.3660,48402229.0000,1.1430
2015/4/1,2.3660,2.3750,2.3650,2.3710,47975605.0000,1.1382
2015/4/2,2.3910,2.3970,2.3860,2.3970,56571298.0000,1.3536
2015/4/3,2.3820,2.3920,2.3810,2.3920,54059764.0000,1.2899
2015/4/7,2.4060,2.4070,2.4010,2.4070,49949057.0000,1.2004
2015/4/8,2.4010,2.4090,2.4000,2.4080,52853413.0000,1.2706
2015/4/9,2.3960,2.3960,2.3830,2.3850,53026641.0000,1.2666
2015/4/10,2.3810,2.3870,2.3720,2.3840,50789017.0000,1.2092
2015/4/13,2.3930,2.4050,2.3920,2.3940,52514717.0000,1.2587
2015/4/14,2.3900,2.3900,2.3690,2.3740,50636347.0000,1.2087
2015/4/15,2.3730,2.3780,2.3640,2.3680,52220395.0000,1.2380
2015/4/16,2.3830,2.3870,2.3780,2.3860,51026490.0000,1.2155
2015/4/17,2.3800,2.3950,2.3760,2.3950,52780361.0000,1.2588
2015/4/20,2.3930,2.4180,2.3930,2.4170,56865738.0000,1.3653
2015/4/21,2.4080,2.4080,2.3940,2.3990,52685959.0000,1.2642
2015/4/22,2.4010,2.4130,2.4000,2.4110,53080703.0000,1.2763
2015/4/23,2.3920,2.3980,2.3840,2.3900,163142406.0000,3.9014
2015/4/24,2.3930,2.4100,2.3910,2.3990,45269366.0000,1.0834
2015/4/27,2.3690,2.3880,2.3690,2.3760,45956622.0000,1.0953
2015/4/28,2.3960,2.4010,2.3920,2.3980,11533075.0000,0.2765
2015/4/29,2.4050,2.4130,2.4030,2.4110,16389709.0000,0.3951
2015/4/30,2.4090,2.4120,2.4060,2.4090,5560900.0000,0.1340
2015/5/4,2.3810,2.3900,2.3810,2.3850,13533716.0000,0.3226
2015/5/5,2.3890,2.3890,2.3790,2.3810,7022386.0000,0.1673
2015/5/6,2.3870,2.3870,2.3810,2.3830,9391000.0000,0.2239
2015/5/7,2.3800,2.3800,2.3510,2.3580,9938266.0000,0.2350
2015/5/8,2.3590,2.3690,2.3560,2.3690,9907730.0000,0.2343
2015/5/11,2.3700,2.3770,2.3690,2.3770,9744256.0000,0.2313
2015/5/12,2.3740,2.3770,2.3700,2.3760,9373435.0000,0.2225
2015/5/13,2.3830,2.3850,2.3760,2.3840,9968914.0000,0.2374
2015/5/14,2.4100,2.4220,2.4060,2.4200,15635296.0000,0.3772
2015/5/15,2.4220,2.4290,2.4150,2.4250,11405292.0000,0.2762
2015/5/18,2.4240,2.4600,2.4210,2.4520,15345755.0000,0.3748
2015/5/19,2.4520,2.4520,2.4270,2.4330,5350679.0000,0.1302
2015/5/20,2.4000,2.4100,2.3980,2.4060,11443900.0000,0.2753
2015/5/21,2.4080,2.4100,2.4060,2.4070,4266126.0000,0.1027
2015/5/22,2.4040,2.4120,2.4000,2.4110,9065943.0000,0.2182
2015/5/25,2.4110,2.4230,2.4060,2.4230,9658204.0000,0.2331
2015/5/26,2.4180,2.4290,2.4090,2.4100,15332642.0000,0.3708
2015/5/27,2.4010,2.4010,2.3870,2.3940,11071007.0000,0.2650
2015/5/28,2.3900,2.3960,2.3890,2.3910,12794854.0000,0.3061
2015/5/29,2.3890,2.3890,2.3790,2.3810,4537218.0000,0.1081
2015/6/1,2.3830,2.3880,2.3770,2.3850,11465700.0000,0.2731
2015/6/2,2.3820,2.3830,2.3770,2.3790,8592759.0000,0.2044
2015/6/3,2.3790,2.3820,2.3690,2.3700,11965100.0000,0.2843
2015/6/4,2.3590,2.3660,2.3570,2.3630,7202200.0000,0.1700
2015/6/5,2.3630,2.3710,2.3610,2.3680,15332521.0000,0.3630
2015/6/8,2.3700,2.3740,2.3590,2.3690,17098200.0000,0.4045
2015/6/9,2.3670,2.3710,2.3650,2.3660,12564595.0000,0.2976
2015/6/10,2.3680,2.3710,2.3600,2.3710,17590999.0000,0.4163
2015/6/11,2.3720,2.3770,2.3660,2.3710,24699675.0000,0.5859
2015/6/12,2.3700,2.3790,2.3680,2.3750,23234352.0000,0.5514
2015/6/15,2.3770,2.3770,2.3660,2.3720,26802450.0000,0.6357
2015/6/16,2.3750,2.3750,2.3650,2.3680,10525200.0000,0.2496
2015/6/17,2.3670,2.3670,2.3530,2.3610,24876408.0000,0.5870
2015/6/18,2.3650,2.3690,2.3490,2.3600,31746902.0000,0.7503
2015/6/19,2.3730,2.3750,2.3610,2.3640,13260201.0000,0.3140
2015/6/23,2.3590,2.3590,2.3460,2.3540,39001100.0000,0.9170
2015/6/24,2.3540,2.3640,2.3440,2.3630,86209287.0000,2.0315
2015/6/25,2.3570,2.3650,2.3560,2.3590,53811000.0000,1.2702
2015/6/26,2.3580,2.3640,2.3500,2.3530,45206926.0000,1.0667
2015/6/29,2.3540,2.3590,2.3470,2.3550,13370233.0000,0.3144
2015/6/30,2.3530,2.3540,2.3310,2.3460,8475352.0000,0.1985
2015/7/1,2.3430,2.3500,2.3410,2.3490,4558965.0000,0.1069
2015/7/2,2.3310,2.3380,2.3200,2.3300,6282652.0000,0.1461
2015/7/3,2.3300,2.3300,2.3060,2.3120,5064579.0000,0.1173
2015/7/6,2.3150,2.3360,2.3150,2.3300,5665592.0000,0.1317
2015/7/7,2.3260,2.3280,2.3070,2.3130,5165470.0000,0.1196
2015/7/8,2.2960,2.2960,2.2310,2.2360,10184400.0000,0.2285
2015/7/9,2.2360,2.3470,2.2360,2.3150,5419719.0000,0.1241
2015/7/10,2.2980,2.3290,2.2600,2.3010,11286943.0000,0.2612
2015/7/13,2.3010,2.3130,2.2920,2.3100,3179300.0000,0.0734
2015/7/14,2.3080,2.3130,2.3030,2.3090,3264378.0000,0.0754
2015/7/15,2.3050,2.3130,2.3030,2.3070,2904920.0000,0.0670
2015/7/16,2.2990,2.3040,2.2810,2.2990,2307176.0000,0.0530
2015/7/17,2.2990,2.3000,2.2800,2.2990,2807083.0000,0.0645
2015/7/20,2.2880,2.2880,2.2310,2.2430,30639000.0000,0.6873
2015/7/21,2.2330,2.2330,2.2220,2.2260,42648865.0000,0.9493
2015/7/22,2.2210,2.2230,2.2000,2.2040,14646701.0000,0.3236
2015/7/23,2.2030,2.2140,2.2010,2.2090,7339132.0000,0.1621
2015/7/24,2.1910,2.1930,2.1760,2.1860,14607176.0000,0.3189
2015/7/27,2.1890,2.2150,2.1880,2.2130,16769962.0000,0.3689
2015/7/28,2.2010,2.2010,2.1830,2.1920,9213121.0000,0.2016
2015/7/29,2.1920,2.1990,2.1880,2.1970,3215278.0000,0.0705
2015/7/30,2.1970,2.1980,2.1770,2.1800,6694000.0000,0.1464
2015/7/31,2.1790,2.1800,2.1610,2.1670,8775100.0000,0.1902
2015/8/3,2.1770,2.1900,2.1740,2.1890,9061349.0000,0.1979
2015/8/4,2.1680,2.1810,2.1650,2.1800,3547654.0000,0.0772
2015/8/5,2.1780,2.1810,2.1740,2.1770,3491812.0000,0.0760
2015/8/6,2.1770,2.1780,2.1730,2.1770,2224911.0000,0.0484
2015/8/7,2.1800,2.1880,2.1770,2.1870,4133011.0000,0.0902
2015/8/10,2.1900,2.1960,2.1880,2.1950,7533800.0000,0.1651
2015/8/11,2.2070,2.2530,2.2020,2.2510,27920329.0000,0.6243
2015/8/12,2.2780,2.3290,2.2570,2.3270,40191132.0000,0.9248
2015/8/13,2.3500,2.3640,2.2980,2.3150,33252187.0000,0.7731
2015/8/14,2.2920,2.3000,2.2850,2.2990,18617424.0000,0.4266
2015/8/17,2.2950,2.3040,2.2910,2.3010,11209200.0000,0.2574
2015/8/18,2.3050,2.3110,2.2980,2.3020,9788256.0000,0.2255
2015/8/19,2.2990,2.3110,2.2880,2.3100,5213275.0000,0.1200
2015/8/20,2.3380,2.3730,2.3350,2.3460,17005144.0000,0.3993
2015/8/21,2.3950,2.4330,2.3850,2.3900,27896293.0000,0.6696
2015/8/24,2.3910,2.4800,2.3760,2.3810,61715967.0000,1.4926
2015/8/25,2.3990,2.4280,2.3670,2.3680,25639305.0000,0.6131
2015/8/26,2.3490,2.3580,2.3100,2.3490,22994703.0000,0.5387
2015/8/27,2.3210,2.3400,2.3200,2.3220,12083554.0000,0.2811
2015/8/28,2.3270,2.3420,2.3230,2.3330,15006658.0000,0.3498
2015/8/31,2.3350,2.3440,2.3310,2.3390,11008362.0000,0.2574
2015/9/1,2.3500,2.3620,2.3460,2.3540,11469681.0000,0.2697
2015/9/2,2.3540,2.3690,2.3200,2.3510,7288491.0000,0.1711
2015/9/7,2.3280,2.3280,2.3100,2.3130,5662026.0000,0.1311
2015/9/8,2.3040,2.3110,2.3000,2.3030,7038150.0000,0.1623
2015/9/9,2.3070,2.3170,2.3070,2.3130,6813448.0000,0.1577
2015/9/10,2.2810,2.2930,2.2810,2.2860,10022700.0000,0.2292
2015/9/11,2.2940,2.2940,2.2850,2.2870,4793917.0000,0.1098
2015/9/14,2.2870,2.2880,2.2810,2.2820,6756757.0000,0.1544
2015/9/15,2.2820,2.2840,2.2790,2.2800,3738862.0000,0.0853
2015/9/16,2.2720,2.2800,2.2710,2.2770,4538920.0000,0.1033
2015/9/17,2.3060,2.3080,2.3020,2.3050,10017039.0000,0.2309
2015/9/18,2.3280,2.3280,2.3160,2.3180,7796700.0000,0.1809
2015/9/21,2.3290,2.3510,2.3290,2.3470,10045941.0000,0.2351
2015/9/22,2.3380,2.3440,2.3320,2.3330,4577457.0000,0.1069
2015/9/23,2.3190,2.3350,2.3110,2.3260,4230362.0000,0.0981
2015/9/24,2.3330,2.3450,2.3330,2.3440,10262401.0000,0.2399
2015/9/25,2.3690,2.3730,2.3550,2.3590,7061392.0000,0.1670
2015/9/28,2.3450,2.3590,2.3410,2.3450,5524446.0000,0.1300
2015/9/29,2.3400,2.3400,2.3080,2.3140,5812456.0000,0.1353
2015/9/30,2.3060,2.3140,2.3050,2.3140,4031126.0000,0.0931
2015/10/8,2.3350,2.3470,2.3350,2.3460,167443014.0000,3.9215
2015/10/9,2.3400,2.3570,2.3350,2.3500,5906958.0000,0.1387
2015/10/12,2.3700,2.3770,2.3600,2.3750,12651099.0000,0.2993
2015/10/13,2.3680,2.3680,2.3500,2.3610,12546770.0000,0.2958
2015/10/14,2.3820,2.3970,2.3820,2.3970,11247037.0000,0.2688
2015/10/15,2.4150,2.4190,2.4060,2.4070,10328250.0000,0.2489
2015/10/16,2.4030,2.4060,2.3950,2.4020,11507556.0000,0.2764
2015/10/19,2.4000,2.4030,2.3930,2.3980,5270775.0000,0.1263
2015/10/20,2.3900,2.3950,2.3850,2.3930,6454214.0000,0.1542
2015/10/21,2.4000,2.4080,2.3980,2.3990,5824140.0000,0.1399
2015/10/22,2.3820,2.3890,2.3800,2.3890,4045100.0000,0.0964
2015/10/23,2.3890,2.4050,2.3890,2.4030,4752300.0000,0.1137
2015/10/26,2.3930,2.3930,2.3850,2.3870,5431369.0000,0.1297
2015/10/27,2.3840,2.3980,2.3840,2.3940,6907339.0000,0.1650
2015/10/28,2.3900,2.4080,2.3900,2.4060,6723297.0000,0.1613
2015/10/29,2.3890,2.3980,2.3700,2.3840,11817008.0000,0.2816
2015/10/30,2.3590,2.3650,2.3480,2.3510,12745200.0000,0.3002
2015/11/2,2.3330,2.3440,2.3280,2.3400,7653899.0000,0.1787
2015/11/3,2.3350,2.3350,2.3270,2.3270,8407150.0000,0.1958
2015/11/4,2.3040,2.3050,2.2980,2.3010,29895600.0000,0.6878
2015/11/5,2.2900,2.2900,2.2790,2.2810,35511376.0000,0.8102
2015/11/6,2.2800,2.2830,2.2770,2.2820,29762660.0000,0.6784
2015/11/9,2.2490,2.2540,2.2460,2.2500,28587540.0000,0.6431
2015/11/10,2.2500,2.2530,2.2470,2.2500,21551399.0000,0.4847
2015/11/11,2.2490,2.2510,2.2460,2.2490,19023400.0000,0.4279
2015/11/12,2.2480,2.2480,2.2400,2.2430,15310100.0000,0.3434
2015/11/13,2.2360,2.2370,2.2280,2.2300,14379970.0000,0.3207
2015/11/16,2.2500,2.2610,2.2500,2.2600,25155800.0000,0.5670
2015/11/17,2.2400,2.2400,2.2250,2.2260,24527412.0000,0.5473
2015/11/18,2.2060,2.2150,2.2010,2.2120,16490630.0000,0.3639
2015/11/19,2.2190,2.2230,2.2170,2.2210,9829846.0000,0.2183
2015/11/20,2.2310,2.2350,2.2260,2.2340,17042059.0000,0.3801
2015/11/23,2.2200,2.2220,2.2100,2.2120,14891833.0000,0.3297
2015/11/24,2.2110,2.2140,2.2090,2.2120,7403743.0000,0.1637
2015/11/25,2.2230,2.2310,2.2220,2.2260,13803833.0000,0.3073
2015/11/26,2.2130,2.2200,2.2100,2.2170,10149918.0000,0.2249
2015/11/27,2.2160,2.2170,2.2010,2.2060,12002100.0000,0.2651
2015/11/30,2.1770,2.1850,2.1770,2.1830,9366816.0000,0.2043
2015/12/1,2.1960,2.2180,2.1940,2.2160,13548511.0000,0.2995
2015/12/2,2.2160,2.2160,2.2040,2.2080,5427200.0000,0.1198
2015/12/3,2.1750,2.1860,2.1710,2.1820,25148850.0000,0.5477
2015/12/4,2.1980,2.2010,2.1920,2.2000,16158639.0000,0.3550
2015/12/7,2.2390,2.2440,2.2370,2.2400,22015654.0000,0.4930
2015/12/8,2.2250,2.2260,2.2130,2.2250,9866199.0000,0.2190
2015/12/9,2.2300,2.2330,2.2280,2.2310,6187999.0000,0.1380
2015/12/10,2.2310,2.2330,2.2260,2.2300,7224200.0000,0.1610
2015/12/11,2.2210,2.2320,2.2160,2.2300,8732490.0000,0.1940
2015/12/14,2.2360,2.2440,2.2350,2.2420,12058010.0000,0.2702
2015/12/15,2.2260,2.2350,2.2240,2.2250,12100900.0000,0.2696
2015/12/16,2.2220,2.2300,2.2220,2.2270,21654372.0000,0.4822
2015/12/17,2.2400,2.2400,2.2260,2.2280,22463600.0000,0.5011
2015/12/18,2.2060,2.2170,2.2050,2.2170,18884043.0000,0.4177
2015/12/21,2.2320,2.2400,2.2300,2.2380,20465481.0000,0.4574
2015/12/22,2.2500,2.2540,2.2400,2.2490,16109900.0000,0.3618
2015/12/23,2.2420,2.2500,2.2400,2.2440,13377031.0000,0.3001
2015/12/24,2.2420,2.2450,2.2390,2.2450,7358854.0000,0.1651
2015/12/25,2.2470,2.2510,2.2470,2.2500,6666753.0000,0.1499
2015/12/28,2.2480,2.2500,2.2390,2.2440,9363157.0000,0.2101
2015/12/29,2.2400,2.2490,2.2400,2.2480,11786320.0000,0.2648
2015/12/30,2.2450,2.2490,2.2440,2.2450,8846564.0000,0.1987
2015/12/31,2.2360,2.2360,2.2300,2.2320,15567300.0000,0.3475
2016/1/4,2.2350,2.2530,2.2290,2.2510,15472899.0000,0.3467
2016/1/5,2.2570,2.2750,2.2560,2.2700,22234102.0000,0.5034
2016/1/6,2.2620,2.3180,2.2610,2.2890,48668380.0000,1.1135
2016/1/7,2.3080,2.3730,2.3080,2.3390,84189760.0000,1.9703
2016/1/8,2.3430,2.3470,2.3090,2.3380,56803944.0000,1.3271
2016/1/11,2.3450,2.3580,2.3380,2.3470,26097153.0000,0.6123
2016/1/12,2.3190,2.3240,2.3100,2.3180,22655600.0000,0.5252
2016/1/13,2.2990,2.3040,2.2950,2.3000,22418900.0000,0.5156
2016/1/14,2.3080,2.3240,2.3080,2.3170,23907450.0000,0.5542
2016/1/15,2.2940,2.3050,2.2910,2.3040,19853000.0000,0.4559
2016/1/18,2.3160,2.3190,2.3110,2.3130,26298786.0000,0.6089
2016/1/19,2.3030,2.3160,2.3020,2.3110,17038650.0000,0.3932
2016/1/20,2.3130,2.3300,2.3130,2.3290,74769117.0000,1.7350
2016/1/21,2.3340,2.3580,2.3310,2.3500,95525742.0000,2.2382
2016/1/22,2.3310,2.3400,2.3270,2.3350,34823820.0000,0.8132
2016/1/25,2.3320,2.3470,2.3320,2.3390,32919500.0000,0.7701
2016/1/26,2.3500,2.3850,2.3500,2.3790,91704739.0000,2.1710
2016/1/27,2.3800,2.3850,2.3700,2.3750,37595779.0000,0.8943
2016/1/28,2.3750,2.3790,2.3570,2.3610,47764275.0000,1.1310
2016/1/29,2.3570,2.3670,2.3530,2.3630,49345409.0000,1.1644
2016/2/1,2.3670,2.3880,2.3670,2.3830,88838665.0000,2.1166
2016/2/2,2.3980,2.3980,2.3860,2.3890,31783750.0000,0.7595
2016/2/3,2.3880,2.4010,2.3880,2.3990,52179361.0000,1.2510
2016/2/4,2.4150,2.4300,2.4150,2.4210,43608993.0000,1.0557
2016/2/5,2.4490,2.4540,2.4430,2.4510,63769576.0000,1.5603
2016/2/15,2.5980,2.6000,2.5360,2.5470,114928256.0000,2.9444
2016/2/16,2.5170,2.5200,2.4960,2.5120,139251117.0000,3.4913
2016/2/17,2.5120,2.5390,2.5070,2.5330,87228932.0000,2.2029
2016/2/18,2.5280,2.5390,2.5280,2.5370,42988223.0000,1.0896
2016/2/19,2.5610,2.5760,2.5610,2.5740,69751765.0000,1.7927
2016/2/22,2.5740,2.5740,2.5500,2.5550,60567588.0000,1.5494
2016/2/23,2.5490,2.5650,2.5420,2.5570,70210939.0000,1.7946
2016/2/24,2.5720,2.6000,2.5720,2.5770,113421214.0000,2.9287
2016/2/25,2.5950,2.6150,2.5930,2.6140,182551774.0000,4.7542
2016/2/26,2.6080,2.6150,2.6060,2.6120,80429673.0000,2.0997
2016/2/29,2.5910,2.5980,2.5850,2.5870,156610329.0000,4.0584
2016/3/1,2.6200,2.6330,2.6110,2.6260,173666827.0000,4.5611
2016/3/2,2.5930,2.5980,2.5900,2.5950,188301765.0000,4.8860
2016/3/3,2.6010,2.6170,2.6010,2.6170,101386245.0000,2.6461
2016/3/4,2.6450,2.6560,2.6420,2.6510,181716900.0000,4.8120
2016/3/7,2.6600,2.6630,2.6270,2.6490,241650035.0000,6.3832
2016/3/8,2.6550,2.6720,2.6540,2.6620,172582057.0000,4.5958
2016/3/9,2.6330,2.6420,2.6180,2.6340,120764512.0000,3.1809
2016/3/10,2.6210,2.6300,2.6170,2.6180,153453368.0000,4.0247
2016/3/11,2.6730,2.6800,2.6480,2.6510,181093469.0000,4.8342
2016/3/14,2.6220,2.6310,2.6210,2.6240,134549216.0000,3.5352
2016/3/15,2.5840,2.5870,2.5680,2.5720,169458187.0000,4.3643
2016/3/16,2.5750,2.5910,2.5740,2.5910,87754983.0000,2.2672
2016/3/17,2.6250,2.6250,2.6130,2.6170,274579724.0000,7.1896
2016/3/18,2.6250,2.6280,2.6120,2.6170,209482297.0000,5.4842
2016/3/21,2.5990,2.6000,2.5670,2.5760,197737344.0000,5.1127
2016/3/22,2.5780,2.5980,2.5780,2.5970,98591502.0000,2.5506
2016/3/23,2.5920,2.5920,2.5670,2.5700,97781192.0000,2.5191
2016/3/24,2.5330,2.5460,2.5320,2.5340,84656767.0000,2.1497
2016/3/25,2.5380,2.5510,2.5380,2.5490,89114950.0000,2.2686
2016/3/28,2.5390,2.5450,2.5310,2.5410,118271700.0000,2.9987
2016/3/29,2.5440,2.5480,2.5400,2.5470,80689617.0000,2.0539
2016/3/30,2.5800,2.5820,2.5690,2.5700,92308982.0000,2.3759
2016/3/31,2.5480,2.5530,2.5450,2.5480,107420785.0000,2.7383
2016/4/1,2.5530,2.5660,2.5490,2.5640,43537076.0000,1.1130
2016/4/5,2.5480,2.5530,2.5440,2.5520,100249288.0000,2.5556
2016/4/6,2.5580,2.5600,2.5520,2.5540,39461575.0000,1.0088
2016/4/7,2.5480,2.5580,2.5460,2.5530,45814274.0000,1.1693
2016/4/8,2.5660,2.5760,2.5660,2.5700,69476639.0000,1.7863
2016/4/11,2.5920,2.5980,2.5850,2.5930,93021084.0000,2.4109
2016/4/12,2.6000,2.6070,2.5960,2.6070,60747680.0000,1.5793
2016/4/13,2.6010,2.6030,2.5830,2.5840,96663100.0000,2.5060
2016/4/14,2.5640,2.5660,2.5580,2.5630,93463135.0000,2.3949
2016/4/15,2.5530,2.5660,2.5520,2.5620,72469300.0000,1.8551
2016/4/18,2.5700,2.5760,2.5620,2.5640,50433300.0000,1.2961
2016/4/19,2.5590,2.5930,2.5560,2.5880,52249898.0000,1.3403
2016/4/20,2.6020,2.6110,2.5820,2.5940,99758319.0000,2.5933
2016/4/21,2.5950,2.6310,2.5940,2.6260,132589853.0000,3.4610
2016/4/22,2.5990,2.6100,2.5900,2.5920,81711242.0000,2.1259
2016/4/25,2.5710,2.5880,2.5690,2.5780,68649000.0000,1.7695
2016/4/26,2.5900,2.5930,2.5720,2.5730,47209418.0000,1.2187
2016/4/27,2.5950,2.6020,2.5910,2.6010,83386219.0000,2.1646
2016/4/28,2.5880,2.6180,2.5860,2.6130,90957812.0000,2.3678
2016/4/29,2.6340,2.6700,2.6340,2.6600,226511071.0000,6.0180
2016/5/3,2.7000,2.7110,2.6710,2.7020,219202049.0000,5.8999
2016/5/4,2.6800,2.6810,2.6740,2.6770,104873100.0000,2.8086
2016/5/5,2.6760,2.6900,2.6740,2.6750,125997994.0000,3.3803
2016/5/6,2.6740,2.6870,2.6720,2.6800,161477699.0000,4.3278
2016/5/9,2.6860,2.6930,2.6660,2.6700,213335388.0000,5.7200
2016/5/10,2.6470,2.6610,2.6400,2.6570,169232785.0000,4.4905
2016/5/11,2.6640,2.6740,2.6600,2.6690,161295858.0000,4.3019
2016/5/12,2.6740,2.6740,2.6590,2.6600,85297875.0000,2.2757
2016/5/13,2.6590,2.6860,2.6570,2.6820,204938699.0000,5.4802
2016/5/16,2.6820,2.6990,2.6810,2.6950,191540049.0000,5.1526
2016/5/17,2.6900,2.6910,2.6780,2.6820,180837512.0000,4.8583
2016/5/18,2.6880,2.6910,2.6800,2.6810,82168293.0000,2.2072
2016/5/19,2.6590,2.6600,2.6390,2.6400,158044897.0000,4.1905
2016/5/20,2.6410,2.6470,2.6330,2.6380,115062739.0000,3.0381
2016/5/23,2.6440,2.6470,2.6340,2.6350,131051763.0000,3.4606
2016/5/24,2.6310,2.6360,2.6230,2.6230,103017668.0000,2.7117
2016/5/25,2.5950,2.6060,2.5780,2.5810,161862550.0000,4.1942
2016/5/26,2.5930,2.5980,2.5870,2.5910,94629722.0000,2.4549
2016/5/27,2.5770,2.5840,2.5640,2.5800,113719213.0000,2.9296
2016/5/30,2.5500,2.5550,2.5380,2.5540,107801473.0000,2.7456
2016/5/31,2.5690,2.5770,2.5660,2.5760,103017334.0000,2.6502
2016/6/1,2.5830,2.5900,2.5770,2.5790,93262967.0000,2.4100
2016/6/2,2.5720,2.5820,2.5700,2.5810,60755881.0000,1.5653
2016/6/3,2.5720,2.5750,2.5700,2.5740,58239000.0000,1.4977
2016/6/6,2.6250,2.6290,2.6180,2.6210,138563896.0000,3.6324
2016/6/7,2.6260,2.6300,2.6220,2.6250,69357474.0000,1.8218
2016/6/8,2.6290,2.6460,2.6270,2.6460,78811227.0000,2.0790
2016/6/13,2.6930,2.7290,2.6930,2.7240,231403741.0000,6.2677
2016/6/14,2.7220,2.7250,2.7100,2.7170,130261994.0000,3.5414
2016/6/15,2.7270,2.7350,2.7220,2.7300,106851852.0000,2.9145
2016/6/16,2.7500,2.7850,2.7450,2.7770,130987818.0000,3.6159
2016/6/17,2.7180,2.7300,2.7110,2.7150,167567175.0000,4.5555
2016/6/20,2.7200,2.7240,2.7110,2.7170,74261449.0000,2.0185
2016/6/21,2.7210,2.7240,2.7080,2.7120,82937779.0000,2.2547
2016/6/22,2.6930,2.6940,2.6700,2.6750,67045402.0000,1.7987
2016/6/23,2.6750,2.6900,2.6720,2.6810,107597176.0000,2.8822
2016/6/24,2.7030,2.9460,2.6860,2.8050,456008754.0000,12.6711
2016/6/27,2.8270,2.8350,2.8230,2.8280,126749246.0000,3.5846
2016/6/28,2.8280,2.8280,2.8140,2.8170,94415501.0000,2.6639
2016/6/29,2.8200,2.8320,2.8190,2.8300,106775100.0000,3.0191
2016/6/30,2.8220,2.8240,2.8130,2.8180,118471382.0000,3.3390
2016/7/1,2.8390,2.8670,2.8390,2.8580,198857568.0000,5.6739
2016/7/4,2.9040,2.9170,2.8840,2.8990,208950149.0000,6.0577
2016/7/5,2.9000,2.9020,2.8710,2.8900,104610561.0000,3.0190
2016/7/6,2.9460,2.9600,2.9400,2.9470,186661905.0000,5.5064
2016/7/7,2.9460,2.9580,2.9340,2.9360,142208649.0000,4.1903
2016/7/8,2.9110,2.9260,2.9110,2.9160,131755846.0000,3.8447
2016/7/11,2.9450,2.9630,2.9330,2.9420,243961465.0000,7.1945
2016/7/12,2.9280,2.9290,2.9150,2.9190,117135921.0000,3.4220
2016/7/13,2.8630,2.8930,2.8600,2.8920,121228397.0000,3.4827
2016/7/14,2.9000,2.9000,2.8700,2.8720,104660300.0000,3.0149
2016/7/15,2.8660,2.8760,2.8590,2.8750,120689689.0000,3.4611
2016/7/18,2.8640,2.8740,2.8570,2.8650,121951800.0000,3.4949
2016/7/19,2.8670,2.8760,2.8610,2.8700,97810935.0000,2.8076
2016/7/20,2.8700,2.8770,2.8570,2.8580,124887910.0000,3.5817
2016/7/21,2.8260,2.8330,2.8220,2.8300,107163010.0000,3.0304
2016/7/22,2.8570,2.8570,2.8400,2.8440,125548637.0000,3.5752
2016/7/25,2.8260,2.8350,2.8210,2.8300,80434574.0000,2.2763
2016/7/26,2.8380,2.8400,2.8270,2.8340,70764056.0000,2.0053
2016/7/27,2.8320,2.8380,2.8270,2.8360,95361300.0000,2.7016
2016/7/28,2.8730,2.8780,2.8620,2.8760,134634566.0000,3.8665
2016/7/29,2.8710,2.8720,2.8550,2.8590,73268508.0000,2.0997
2016/8/1,2.8810,2.8870,2.8760,2.8770,95500300.0000,2.7523
2016/8/2,2.8840,2.8950,2.8790,2.8950,68389829.0000,1.9737
2016/8/3,2.9070,2.9160,2.9050,2.9120,124978552.0000,3.6358
2016/8/4,2.8960,2.9010,2.8800,2.8810,138204300.0000,3.9954
2016/8/5,2.9020,2.9190,2.9020,2.9180,146666029.0000,4.2684
2016/8/8,2.8690,2.8700,2.8520,2.8570,129258300.0000,3.7013
2016/8/9,2.8590,2.8630,2.8530,2.8550,68438400.0000,1.9564
2016/8/10,2.8760,2.8990,2.8760,2.8960,124349025.0000,3.5886
2016/8/11,2.8720,2.8750,2.8680,2.8710,70512600.0000,2.0245
2016/8/12,2.8660,2.8710,2.8650,2.8700,56492625.0000,1.6202
2016/8/15,2.8640,2.8650,2.8570,2.8640,89518075.0000,2.5613
2016/8/16,2.8680,2.8800,2.8650,2.8750,112115396.0000,3.2200
2016/8/17,2.8700,2.8700,2.8590,2.8610,83937800.0000,2.4041
2016/8/18,2.8810,2.8860,2.8740,2.8760,120309846.0000,3.4675
2016/8/19,2.8720,2.8850,2.8690,2.8770,73955786.0000,2.1276
2016/8/22,2.8590,2.8610,2.8530,2.8550,78312584.0000,2.2380
2016/8/23,2.8610,2.8620,2.8550,2.8600,65806964.0000,1.8813
2016/8/24,2.8600,2.8630,2.8600,2.8610,45565560.0000,1.3038
2016/8/25,2.8350,2.8410,2.8330,2.8370,76289893.0000,2.1642
2016/8/26,2.8310,2.8420,2.8310,2.8410,60493407.0000,1.7165
2016/8/29,2.8300,2.8330,2.8270,2.8300,52924300.0000,1.4978
2016/8/30,2.8410,2.8460,2.8350,2.8360,76029129.0000,2.1608
2016/8/31,2.8290,2.8310,2.8220,2.8230,129435900.0000,3.6601
2016/9/1,2.8190,2.8230,2.8140,2.8150,77310338.0000,2.1796
2016/9/2,2.8220,2.8280,2.8170,2.8210,137341800.0000,3.8790
2016/9/5,2.8430,2.8520,2.8430,2.8510,131857900.0000,3.7518
2016/9/6,2.8500,2.8540,2.8490,2.8520,75961299.0000,2.1659
2016/9/7,2.8890,2.8990,2.8880,2.8910,149852275.0000,4.3356
2016/9/8,2.8840,2.8900,2.8830,2.8890,57854534.0000,1.6692
2016/9/9,2.8740,2.8770,2.8700,2.8720,59368600.0000,1.7063
2016/9/12,2.8550,2.8550,2.8460,2.8520,203518902.0000,5.7985
2016/9/13,2.8550,2.8630,2.8540,2.8570,91280100.0000,2.6089
2016/9/14,2.8350,2.8450,2.8310,2.8430,87606100.0000,2.4848
2016/9/19,2.8260,2.8310,2.8220,2.8260,134765800.0000,3.8085
2016/9/20,2.8280,2.8330,2.8270,2.8310,55211200.0000,1.5628
2016/9/21,2.8310,2.8410,2.8270,2.8380,115994300.0000,3.2852
2016/9/22,2.8600,2.8630,2.8550,2.8590,127406600.0000,3.6422
2016/9/23,2.8660,2.8670,2.8610,2.8620,86501201.0000,2.4778
2016/9/26,2.8690,2.8700,2.8590,2.8630,116406300.0000,3.3332
2016/9/27,2.8700,2.8710,2.8570,2.8580,118447516.0000,3.3898
2016/9/28,2.8410,2.8440,2.8360,2.8370,121164738.0000,3.4412
2016/9/29,2.8400,2.8430,2.8320,2.8320,88786384.0000,2.5207
2016/9/30,2.8380,2.8440,2.8340,2.8430,103079837.0000,2.9269
2016/10/10,2.7290,2.7390,2.7200,2.7370,336163563.0000,9.1840
2016/10/11,2.7290,2.7330,2.7240,2.7310,140294663.0000,3.8267
2016/10/12,2.7270,2.7300,2.7240,2.7250,81963400.0000,2.2354
2016/10/13,2.7260,2.7380,2.7260,2.7340,134422200.0000,3.6737
2016/10/14,2.7310,2.7340,2.7220,2.7240,92203426.0000,2.5144
2016/10/17,2.7220,2.7350,2.7220,2.7340,145611042.0000,3.9739
2016/10/18,2.7370,2.7450,2.7340,2.7400,141136790.0000,3.8644
2016/10/19,2.7440,2.7460,2.7390,2.7400,110565627.0000,3.0328
2016/10/20,2.7570,2.7660,2.7560,2.7610,111395651.0000,3.0767
2016/10/21,2.7540,2.7560,2.7490,2.7510,128181400.0000,3.5279
2016/10/24,2.7560,2.7640,2.7550,2.7600,176317660.0000,4.8630
2016/10/25,2.7620,2.7730,2.7620,2.7700,218486639.0000,6.0456
2016/10/26,2.7840,2.7910,2.7820,2.7830,141044852.0000,3.9303
2016/10/27,2.7700,2.7750,2.7680,2.7720,132065500.0000,3.6607
2016/10/28,2.7780,2.7830,2.7720,2.7750,121080200.0000,3.3645
2016/10/31,2.7870,2.7950,2.7860,2.7880,194485200.0000,5.4283
2016/11/1,2.7930,2.8030,2.7910,2.7990,180300938.0000,5.0418
2016/11/2,2.8180,2.8250,2.8130,2.8240,226306100.0000,6.3768
2016/11/3,2.8330,2.8330,2.8190,2.8230,345698715.0000,9.7718
2016/11/4,2.8290,2.8320,2.8000,2.8040,303960000.0000,8.5572
2016/11/7,2.8060,2.8100,2.7850,2.7920,296698000.0000,8.2875
2016/11/8,2.7780,2.7980,2.7780,2.7980,367000298.0000,10.2344
2016/11/9,2.7860,2.8900,2.7850,2.8650,936780927.0000,26.6460
2016/11/10,2.7990,2.8150,2.7970,2.8130,295147848.0000,8.2929
2016/11/11,2.7790,2.7800,2.7490,2.7690,271228396.0000,7.5007
2016/11/14,2.6750,2.6860,2.6750,2.6830,342814128.0000,9.1868
2016/11/15,2.7120,2.7130,2.7050,2.7090,269889893.0000,7.3110
2016/11/16,2.7150,2.7250,2.7150,2.7220,278734490.0000,7.5860
2016/11/17,2.7220,2.7240,2.7140,2.7160,153261500.0000,4.1681
2016/11/18,2.7000,2.7000,2.6840,2.6870,256489142.0000,6.8969
2016/11/21,2.6960,2.7110,2.6950,2.7090,193083951.0000,5.2170
2016/11/22,2.7200,2.7210,2.7130,2.7150,213722100.0000,5.8065
2016/11/23,2.7150,2.7230,2.7120,2.7170,439951000.0000,11.9600
2016/11/24,2.6860,2.6910,2.6820,2.6840,373477036.0000,10.0313
2016/11/25,2.6710,2.6750,2.6410,2.6620,480639904.0000,12.7640
2016/11/28,2.6870,2.6920,2.6770,2.6780,404889800.0000,10.8729
2016/11/29,2.6800,2.6820,2.6650,2.6660,302806900.0000,8.0936
2016/11/30,2.6640,2.6670,2.6510,2.6520,384540700.0000,10.2226
2016/12/1,2.6250,2.6440,2.6190,2.6400,357559700.0000,9.4100
2016/12/2,2.6430,2.6440,2.6310,2.6380,303914382.0000,8.0089
2016/12/5,2.6400,2.6420,2.6270,2.6290,414309996.0000,10.9128
2016/12/6,2.6320,2.6360,2.6250,2.6260,413349241.0000,10.8767
2016/12/7,2.6230,2.6300,2.6210,2.6210,340960633.0000,8.9472
2016/12/8,2.6380,2.6500,2.6360,2.6440,462494454.0000,12.2317
2016/12/9,2.6420,2.6440,2.6330,2.6430,503371955.0000,13.2846
2016/12/12,2.6400,2.6400,2.6240,2.6300,435474494.0000,11.4563
2016/12/13,2.6340,2.6430,2.6310,2.6320,418943700.0000,11.0467
2016/12/14,2.6360,2.6520,2.6340,2.6500,547207685.0000,14.4532
2016/12/15,2.6220,2.6270,2.6130,2.6150,404355020.0000,10.5974
2016/12/16,2.6030,2.6070,2.6000,2.6020,319719678.0000,8.3259
2016/12/19,2.6140,2.6170,2.6090,2.6150,406629700.0000,10.6206
2016/12/20,2.6120,2.6160,2.5980,2.6010,348718877.0000,9.1077
2016/12/21,2.5810,2.6020,2.5790,2.5950,351069706.0000,9.0965
2016/12/22,2.5890,2.5910,2.5750,2.5770,568855660.0000,14.7016
2016/12/23,2.5840,2.5890,2.5820,2.5830,336334518.0000,8.6983
2016/12/26,2.5860,2.5950,2.5840,2.5920,444794800.0000,11.5047
2016/12/27,2.5920,2.6000,2.5910,2.5950,534855100.0000,13.8896
2016/12/28,2.5980,2.6090,2.5970,2.6030,423130310.0000,11.0176
2016/12/29,2.6120,2.6170,2.6080,2.6160,297308248.0000,7.7670
2016/12/30,2.6400,2.6420,2.6260,2.6360,301608599.0000,7.9445
2017/1/3,2.6350,2.6360,2.6250,2.6260,181075000.0000,4.7644
2017/1/4,2.6320,2.6420,2.6320,2.6380,212835300.0000,5.6117
2017/1/5,2.6400,2.6410,2.6290,2.6360,354570218.0000,9.3437
2017/1/6,2.6370,2.6410,2.6320,2.6330,260777900.0000,6.8785
2017/1/9,2.6380,2.6450,2.6380,2.6450,258229786.0000,6.8250
2017/1/10,2.6560,2.6660,2.6550,2.6630,377936541.0000,10.0543
2017/1/11,2.6650,2.6670,2.6610,2.6640,308698388.0000,8.2228
2017/1/12,2.6650,2.6710,2.6650,2.6710,278315772.0000,7.4244
2017/1/13,2.6580,2.6670,2.6550,2.6620,197409900.0000,5.2521
2017/1/16,2.6670,2.6860,2.6660,2.6820,257864475.0000,6.9004
2017/1/17,2.6850,2.6990,2.6820,2.6940,327169208.0000,8.8042
2017/1/18,2.6970,2.6970,2.6820,2.6850,286081700.0000,7.7008
2017/1/19,2.6690,2.6740,2.6550,2.6620,395254948.0000,10.5391
2017/1/20,2.6670,2.6720,2.6660,2.6680,244129252.0000,6.5183
2017/1/23,2.6860,2.6910,2.6810,2.6810,232755110.0000,6.2547
2017/1/24,2.6840,2.6850,2.6740,2.6770,187725200.0000,5.0350
2017/1/25,2.6630,2.6700,2.6500,2.6510,253252137.0000,6.7473
2017/1/26,2.6450,2.6450,2.6390,2.6410,130353715.0000,3.4436
2017/2/3,2.6780,2.6800,2.6730,2.6740,129077780.0000,3.4538
2017/2/6,2.6960,2.7030,2.6950,2.7010,127672372.0000,3.4465
2017/2/7,2.7120,2.7260,2.7120,2.7220,191113366.0000,5.1923
2017/2/8,2.7260,2.7320,2.7210,2.7220,219687663.0000,5.9939
2017/2/9,2.7380,2.7430,2.7380,2.7400,279073549.0000,7.6487
2017/2/10,2.7090,2.7150,2.7060,2.7120,201598814.0000,5.4665
2017/2/13,2.7250,2.7280,2.7180,2.7190,265602808.0000,7.2328
2017/2/14,2.7130,2.7210,2.7120,2.7200,181995206.0000,4.9421
2017/2/15,2.7120,2.7150,2.7050,2.7070,313300681.0000,8.4931
2017/2/16,2.7270,2.7310,2.7230,2.7250,221665737.0000,6.0473
2017/2/17,2.7340,2.7390,2.7300,2.7370,194761200.0000,5.3266
2017/2/20,2.7300,2.7370,2.7260,2.7300,275224704.0000,7.5145
2017/2/21,2.7300,2.7370,2.7280,2.7360,348796900.0000,9.5289
2017/2/22,2.7390,2.7420,2.7330,2.7350,126931100.0000,3.4766
2017/2/23,2.7390,2.7410,2.7360,2.7390,252002387.0000,6.9022
2017/2/24,2.7630,2.7790,2.7610,2.7750,207142433.0000,5.7310
2017/2/27,2.7810,2.7870,2.7810,2.7840,283702072.0000,7.8976
2017/2/28,2.7740,2.7780,2.7730,2.7740,301758351.0000,8.3753
2017/3/1,2.7520,2.7640,2.7520,2.7550,379102340.0000,10.4573
2017/3/2,2.7630,2.7630,2.7580,2.7580,312689164.0000,8.6335
2017/3/3,2.7360,2.7410,2.7360,2.7370,300231000.0000,8.2229
2017/3/6,2.7430,2.7450,2.7390,2.7390,293031694.0000,8.0368
2017/3/7,2.7330,2.7330,2.7290,2.7290,298208801.0000,8.1430
2017/3/8,2.7180,2.7220,2.7170,2.7170,275404923.0000,7.4901
2017/3/9,2.7100,2.7110,2.7050,2.7080,254149999.0000,6.8850
2017/3/10,2.6950,2.6960,2.6880,2.6900,216490981.0000,5.8280
2017/3/13,2.7020,2.7190,2.7020,2.7180,240945118.0000,6.5263
2017/3/14,2.7060,2.7170,2.7060,2.7090,325857500.0000,8.8419
2017/3/15,2.7080,2.7140,2.7050,2.7090,497124800.0000,13.4672
2017/3/16,2.7480,2.7550,2.7460,2.7500,440838053.0000,12.1216
2017/3/17,2.7480,2.7550,2.7470,2.7540,252645645.0000,6.9517
2017/3/20,2.7590,2.7710,2.7590,2.7660,253052786.0000,7.0027
2017/3/21,2.7640,2.7660,2.7490,2.7510,342563587.0000,9.4413
2017/3/22,2.7680,2.7790,2.7670,2.7760,271414386.0000,7.5327
2017/3/23,2.7740,2.7810,2.7710,2.7790,262792700.0000,7.2925
2017/3/24,2.7710,2.7760,2.7690,2.7730,241971200.0000,6.7105
2017/3/27,2.7960,2.8020,2.7920,2.8000,306135393.0000,8.5637
2017/3/28,2.7970,2.7990,2.7900,2.7930,208106253.0000,5.8192
2017/3/29,2.7830,2.7880,2.7820,2.7860,268546300.0000,7.4789
2017/3/30,2.7850,2.7870,2.7800,2.7840,233824200.0000,6.5094
2017/3/31,2.7670,2.7670,2.7600,2.7610,169832700.0000,4.6931
2017/4/5,2.7840,2.8010,2.7810,2.7920,456001267.0000,12.7302
2017/4/6,2.7910,2.7950,2.7910,2.7940,257795382.0000,7.2024
2017/4/7,2.8090,2.8320,2.8070,2.8190,425401092.0000,12.0037
2017/4/10,2.7990,2.8130,2.7980,2.8080,345133703.0000,9.6783
2017/4/11,2.8090,2.8260,2.8060,2.8140,437335667.0000,12.2996
2017/4/12,2.8530,2.8550,2.8380,2.8420,392259902.0000,11.1711
2017/4/13,2.8600,2.8630,2.8520,2.8530,447248030.0000,12.7843
2017/4/14,2.8600,2.8650,2.8540,2.8590,730981524.0000,20.9071
2017/4/17,2.8610,2.8680,2.8490,2.8520,535638411.0000,15.3375
2017/4/18,2.8450,2.8480,2.8400,2.8430,563579514.0000,16.0321
2017/4/19,2.8460,2.8500,2.8400,2.8410,387814300.0000,11.0362
2017/4/20,2.8390,2.8430,2.8310,2.8360,190530700.0000,5.4042
2017/4/21,2.8360,2.8360,2.8260,2.8270,254897900.0000,7.2108
2017/4/24,2.8250,2.8270,2.8040,2.8050,260367173.0000,7.3391
2017/4/25,2.8060,2.8110,2.8040,2.8070,522297232.0000,14.6630
2017/4/26,2.7970,2.8000,2.7920,2.7940,509403430.0000,14.2442
2017/4/27,2.8010,2.8050,2.8000,2.8020,345790680.0000,9.6935
2017/4/28,2.8030,2.8140,2.8020,2.8120,222355522.0000,6.2454
2017/5/2,2.7920,2.7970,2.7870,2.7880,204937459.0000,5.7241
2017/5/3,2.7900,2.7910,2.7860,2.7880,140222100.0000,3.9110
2017/5/4,2.7650,2.7670,2.7360,2.7450,486179400.0000,13.4189
2017/5/5,2.7320,2.7490,2.7310,2.7470,206251200.0000,5.6442
2017/5/8,2.7450,2.7480,2.7370,2.7380,123977082.0000,3.4020
2017/5/9,2.7410,2.7460,2.7340,2.7410,221091033.0000,6.0621
2017/5/10,2.7310,2.7310,2.7230,2.7260,196083934.0000,5.3476
2017/5/11,2.7260,2.7350,2.7260,2.7310,270641230.0000,7.3845
2017/5/12,2.7370,2.7430,2.7330,2.7390,191292700.0000,5.2380
2017/5/15,2.7400,2.7530,2.7390,2.7500,285646800.0000,7.8444
2017/5/16,2.7530,2.7590,2.7530,2.7570,306440850.0000,8.4458
2017/5/17,2.7660,2.7710,2.7650,2.7680,252469250.0000,6.9886
2017/5/18,2.8030,2.8040,2.7900,2.7910,223546000.0000,6.2548
2017/5/19,2.7820,2.7870,2.7780,2.7840,194081136.0000,5.4001
2017/5/22,2.7850,2.7910,2.7840,2.7900,194402036.0000,5.4181
2017/5/23,2.8020,2.8070,2.7990,2.8030,239645600.0000,6.7205
2017/5/24,2.7840,2.7850,2.7700,2.7720,233939600.0000,6.5028
2017/5/25,2.7900,2.7910,2.7840,2.7840,131834425.0000,3.6753
2017/5/26,2.7760,2.7890,2.7750,2.7880,142931400.0000,3.9722
2017/5/31,2.7860,2.7880,2.7730,2.7750,189973766.0000,5.2832
2017/6/1,2.7790,2.7800,2.7730,2.7770,163529076.0000,4.5408
2017/6/2,2.7670,2.7740,2.7670,2.7710,288869106.0000,8.0028
2017/6/5,2.8100,2.8180,2.8010,2.8050,257516134.0000,7.2313
2017/6/6,2.8090,2.8240,2.8070,2.8220,230903572.0000,6.5016
2017/6/7,2.8230,2.8270,2.8220,2.8230,130614414.0000,3.6892
2017/6/8,2.8150,2.8160,2.8060,2.8060,292750202.0000,8.2306
2017/6/9,2.7850,2.7890,2.7760,2.7800,242817543.0000,6.7606
2017/6/12,2.7700,2.7730,2.7670,2.7700,222177500.0000,6.1534
2017/6/13,2.7670,2.7770,2.7670,2.7750,167042179.0000,4.6330
2017/6/14,2.7800,2.7900,2.7780,2.7820,178508350.0000,4.9696
2017/6/15,2.7810,2.7840,2.7580,2.7590,263557508.0000,7.3072
2017/6/16,2.7520,2.7640,2.7500,2.7550,283736609.0000,7.8218
2017/6/19,2.7540,2.7590,2.7500,2.7530,274401700.0000,7.5598
2017/6/20,2.7440,2.7480,2.7400,2.7430,295482800.0000,8.1066
2017/6/21,2.7420,2.7510,2.7420,2.7450,251314470.0000,6.9037
2017/6/22,2.7600,2.7650,2.7580,2.7600,322677800.0000,8.9123
2017/6/23,2.7580,2.7670,2.7570,2.7640,305384419.0000,8.4355
2017/6/26,2.7660,2.7690,2.7600,2.7640,404564805.0000,11.1846
2017/6/27,2.7420,2.7540,2.7410,2.7510,405555255.0000,11.1366
2017/6/28,2.7450,2.7520,2.7440,2.7470,207760200.0000,5.7093
2017/6/29,2.7440,2.7460,2.7360,2.7400,159141900.0000,4.3649
2017/6/30,2.7310,2.7310,2.7130,2.7140,243688600.0000,6.6295
2017/7/3,2.7090,2.7100,2.7040,2.7070,191573100.0000,5.1863
2017/7/4,2.6870,2.6920,2.6810,2.6890,249095400.0000,6.6935
2017/7/5,2.6950,2.6960,2.6850,2.6880,181787700.0000,4.8932
2017/7/6,2.6890,2.7010,2.6890,2.6940,231496238.0000,6.2369
2017/7/7,2.6880,2.6910,2.6850,2.6860,196593600.0000,5.2841
2017/7/10,2.6630,2.6710,2.6530,2.6580,268947039.0000,7.1703
2017/7/11,2.6690,2.6710,2.6640,2.6670,267348300.0000,7.1317
2017/7/12,2.6820,2.6840,2.6760,2.6760,296629200.0000,7.9500
2017/7/13,2.6820,2.6870,2.6820,2.6840,230910070.0000,6.1990
2017/7/14,2.6710,2.6770,2.6690,2.6750,213173300.0000,5.6937
2017/7/17,2.6980,2.7010,2.6950,2.6950,264807100.0000,7.1438
2017/7/18,2.7100,2.7130,2.7060,2.7080,230198201.0000,6.2382
2017/7/19,2.7110,2.7120,2.7070,2.7090,208062814.0000,5.6389
2017/7/20,2.7090,2.7180,2.7070,2.7080,255257458.0000,6.9185
2017/7/21,2.7150,2.7260,2.7140,2.7240,191589073.0000,5.2094
2017/7/24,2.7390,2.7390,2.7270,2.7270,208943387.0000,5.7155
2017/7/25,2.7280,2.7350,2.7270,2.7330,174617249.0000,4.7677
2017/7/26,2.7180,2.7200,2.7080,2.7100,282764783.0000,7.6788
2017/7/27,2.7420,2.7430,2.7370,2.7390,188794111.0000,5.1751
2017/7/28,2.7380,2.7400,2.7340,2.7350,138660387.0000,3.7956
2017/7/31,2.7490,2.7490,2.7410,2.7420,227104000.0000,6.2365
2017/8/1,2.7400,2.7500,2.7400,2.7450,273149100.0000,7.4995
2017/8/2,2.7420,2.7450,2.7400,2.7420,291707701.0000,7.9995
2017/8/3,2.7350,2.7390,2.7300,2.7310,368820700.0000,10.0884
2017/8/4,2.7410,2.7500,2.7410,2.7480,186423497.0000,5.1164
2017/8/7,2.7270,2.7380,2.7230,2.7250,206075398.0000,5.6173
2017/8/8,2.7260,2.7270,2.7170,2.7200,183905700.0000,5.0069
2017/8/9,2.7270,2.7310,2.7260,2.7270,189100369.0000,5.1592
2017/8/10,2.7400,2.7510,2.7390,2.7490,300750288.0000,8.2534
2017/8/11,2.7580,2.7670,2.7580,2.7630,268024800.0000,7.4066
2017/8/14,2.7610,2.7670,2.7580,2.7600,270339916.0000,7.4635
2017/8/15,2.7400,2.7410,2.7340,2.7400,224336600.0000,6.1424
2017/8/16,2.7350,2.7400,2.7320,2.7330,190353600.0000,5.2108
2017/8/17,2.7640,2.7660,2.7580,2.7600,193589100.0000,5.3482
2017/8/18,2.7600,2.7640,2.7580,2.7630,194893300.0000,5.3805
2017/8/21,2.7510,2.7560,2.7500,2.7520,217838648.0000,5.9977
2017/8/22,2.7540,2.7560,2.7480,2.7490,134779855.0000,3.7111
2017/8/23,2.7450,2.7520,2.7450,2.7500,141661200.0000,3.8919
2017/8/24,2.7530,2.7570,2.7500,2.7510,124154146.0000,3.4174
2017/8/25,2.7480,2.7510,2.7460,2.7490,242966484.0000,6.6772
2017/8/28,2.7570,2.7660,2.7560,2.7620,300555300.0000,8.2928
2017/8/29,2.7820,2.7970,2.7820,2.7920,275648588.0000,7.6953
2017/8/30,2.7780,2.7780,2.7580,2.7600,354088300.0000,9.8125
2017/8/31,2.7600,2.7630,2.7510,2.7560,235860628.0000,6.5004
2017/9/1,2.7780,2.7810,2.7730,2.7750,277918668.0000,7.7227
2017/9/4,2.7940,2.7980,2.7890,2.7960,291057302.0000,8.1313
2017/9/5,2.7900,2.7950,2.7880,2.7920,324979020.0000,9.0732
2017/9/6,2.7950,2.7980,2.7940,2.7950,375950665.0000,10.5092
2017/9/7,2.7820,2.7900,2.7800,2.7860,349673300.0000,9.7375
2017/9/8,2.7940,2.7950,2.7880,2.7940,387559316.0000,10.8201
2017/9/11,2.7830,2.7840,2.7800,2.7810,273447646.0000,7.6075
2017/9/12,2.7750,2.7750,2.7670,2.7690,295534192.0000,8.1927
2017/9/13,2.7740,2.7790,2.7730,2.7730,367809865.0000,10.2125
2017/9/14,2.7670,2.7700,2.7660,2.7680,346189200.0000,9.5811
2017/9/15,2.7830,2.7860,2.7800,2.7800,468300400.0000,13.0371
2017/9/18,2.7700,2.7700,2.7570,2.7580,468270563.0000,12.9315
2017/9/19,2.7530,2.7640,2.7530,2.7590,506349965.0000,13.9718
2017/9/20,2.7610,2.7660,2.7610,2.7620,477897660.0000,13.2102
2017/9/21,2.7490,2.7490,2.7330,2.7330,465914692.0000,12.7799
2017/9/22,2.7370,2.7380,2.7330,2.7380,557338300.0000,15.2424
2017/9/25,2.7350,2.7360,2.7320,2.7340,333994700.0000,9.1302
2017/9/26,2.7720,2.7790,2.7700,2.7720,483180000.0000,13.4105
2017/9/27,2.7530,2.7540,2.7460,2.7480,405637885.0000,11.1647
2017/9/28,2.7370,2.7380,2.7310,2.7320,594981900.0000,16.2715
2017/9/29,2.7410,2.7450,2.7390,2.7420,323550300.0000,8.8704
2017/10/9,2.7320,2.7360,2.7270,2.7290,493269600.0000,13.4808
2017/10/10,2.7350,2.7350,2.7280,2.7300,564558100.0000,15.4238
2017/10/11,2.7310,2.7310,2.7230,2.7240,620864200.0000,16.9271
2017/10/12,2.7300,2.7370,2.7290,2.7340,523613180.0000,14.3085
2017/10/13,2.7350,2.7370,2.7300,2.7340,446502900.0000,12.2021
2017/10/16,2.7420,2.7490,2.7400,2.7480,920993302.0000,25.2787
2017/10/17,2.7350,2.7380,2.7320,2.7350,780854386.0000,21.3594
2017/10/18,2.7310,2.7330,2.7270,2.7290,797236386.0000,21.7661
2017/10/19,2.7270,2.7330,2.7200,2.7240,513583000.0000,14.0033
2017/10/20,2.7290,2.7300,2.7220,2.7230,835107400.0000,22.7554
2017/10/23,2.7100,2.7170,2.7100,2.7130,917274100.0000,24.8995
2017/10/24,2.7220,2.7340,2.7210,2.7230,762449325.0000,20.7766
2017/10/25,2.7190,2.7220,2.7110,2.7120,1025123806.0000,27.8504
2017/10/26,2.7180,2.7240,2.7180,2.7230,1593489800.0000,43.3528
2017/10/27,2.7100,2.7120,2.7040,2.7060,1491488600.0000,40.3975
2017/10/30,2.7110,2.7180,2.7090,2.7110,1398672600.0000,37.9428
2017/10/31,2.7160,2.7230,2.7150,2.7180,1755616100.0000,47.7380
2017/11/1,2.7140,2.7150,2.7020,2.7110,1874814180.0000,50.7780
2017/11/2,2.7130,2.7160,2.7090,2.7120,1131182300.0000,30.6690
2017/11/3,2.7120,2.7160,2.7120,2.7130,1049606700.0000,28.4826
2017/11/6,2.7090,2.7100,2.7060,2.7070,849722800.0000,23.0086
2017/11/7,2.7160,2.7220,2.7160,2.7190,1998576874.0000,54.3645
2017/11/8,2.7200,2.7280,2.7190,2.7200,1566701706.0000,42.6499
2017/11/9,2.7250,2.7310,2.7230,2.7290,2683144905.0000,73.1233
2017/11/10,2.7380,2.7400,2.7340,2.7350,767205800.0000,21.0076
2017/11/13,2.7280,2.7280,2.7230,2.7240,891936700.0000,24.3083
2017/11/14,2.7240,2.7250,2.7190,2.7190,1044141624.0000,28.4216
2017/11/15,2.7250,2.7300,2.7240,2.7240,1126098778.0000,30.7087
2017/11/16,2.7210,2.7230,2.7170,2.7190,996861800.0000,27.1161
2017/11/17,2.7210,2.7290,2.7210,2.7280,817133900.0000,22.2730
2017/11/20,2.7420,2.7450,2.7400,2.7420,953651200.0000,26.1491
2017/11/21,2.7260,2.7280,2.7240,2.7260,660856502.0000,18.0149
2017/11/22,2.7270,2.7280,2.7230,2.7260,568354070.0000,15.4884
2017/11/23,2.7320,2.7320,2.7270,2.7280,465487300.0000,12.7006
2017/11/24,2.7290,2.7330,2.7260,2.7320,645468095.0000,17.6147
2017/11/27,2.7270,2.7320,2.7260,2.7310,455169550.0000,12.4220
2017/11/28,2.7400,2.7460,2.7360,2.7360,720347250.0000,19.7512
2017/11/29,2.7390,2.7420,2.7360,2.7380,529118353.0000,14.4945
2017/11/30,2.7260,2.7260,2.7150,2.7200,588001589.0000,15.9961
2017/12/1,2.7090,2.7100,2.7010,2.7020,489774247.0000,13.2514
2017/12/4,2.7010,2.7020,2.6960,2.7000,461775817.0000,12.4627
2017/12/5,2.7020,2.7050,2.7000,2.7020,448740394.0000,12.1260
2017/12/6,2.6840,2.6870,2.6820,2.6860,674718200.0000,18.1077
2017/12/7,2.6830,2.6830,2.6600,2.6680,599279200.0000,16.0444
2017/12/8,2.6500,2.6530,2.6470,2.6510,794255007.0000,21.0440
2017/12/11,2.6500,2.6540,2.6490,2.6530,485740600.0000,12.8763
2017/12/12,2.6490,2.6510,2.6430,2.6490,819793366.0000,21.6936
2017/12/13,2.6460,2.6540,2.6460,2.6500,573478920.0000,15.2016
2017/12/14,2.6720,2.6830,2.6720,2.6740,772202963.0000,20.6595
2017/12/15,2.6720,2.6750,2.6700,2.6730,720889500.0000,19.2646
2017/12/18,2.6730,2.6760,2.6690,2.6740,713594894.0000,19.0720
2017/12/19,2.6800,2.6900,2.6790,2.6860,624408905.0000,16.7568
2017/12/20,2.6850,2.6870,2.6780,2.6800,594463420.0000,15.9556
2017/12/21,2.6790,2.6800,2.6750,2.6760,877010204.0000,23.4896
2017/12/22,2.6760,2.6800,2.6760,2.6780,573722165.0000,15.3615
2017/12/25,2.6910,2.6960,2.6910,2.6930,762491785.0000,20.5386
2017/12/26,2.6920,2.6920,2.6770,2.6770,857279316.0000,23.0383
2017/12/27,2.6880,2.6960,2.6850,2.6910,1107523365.0000,29.7931
2017/12/28,2.6980,2.7120,2.6910,2.6920,1442528642.0000,38.9934
2017/12/29,2.7030,2.7100,2.7000,2.7080,1258080119.0000,34.0279
2018/1/2,2.7220,2.7240,2.7200,2.7230,268039860.0000,7.2961
2018/1/3,2.7400,2.7440,2.7310,2.7330,354279182.0000,9.6942
2018/1/4,2.7190,2.7210,2.7130,2.7190,632938221.0000,17.1914
2018/1/5,2.7300,2.7330,2.7270,2.7280,542954100.0000,14.8238
2018/1/8,2.7300,2.7340,2.7290,2.7300,471453129.0000,12.8766
2018/1/9,2.7340,2.7420,2.7340,2.7360,405923883.0000,11.1088
2018/1/10,2.7300,2.7360,2.7260,2.7290,572827692.0000,15.6561
2018/1/11,2.7390,2.7450,2.7330,2.7340,636679800.0000,17.4475
2018/1/12,2.7400,2.7760,2.7400,2.7740,544568806.0000,15.0689
2018/1/15,2.7830,2.7900,2.7810,2.7830,424900992.0000,11.8327
2018/1/16,2.7830,2.7860,2.7800,2.7810,532178700.0000,14.8068
2018/1/17,2.7830,2.7900,2.7740,2.7740,498351476.0000,13.8687
2018/1/18,2.7600,2.7630,2.7550,2.7590,453078271.0000,12.5002
2018/1/19,2.7550,2.7570,2.7500,2.7510,387418700.0000,10.6695
2018/1/22,2.7580,2.7590,2.7530,2.7540,405992232.0000,11.1928
2018/1/23,2.7580,2.7650,2.7580,2.7620,477492094.0000,13.1883
2018/1/24,2.7670,2.7750,2.7660,2.7740,329331418.0000,9.1169
2018/1/25,2.7820,2.7890,2.7810,2.7840,505346742.0000,14.0723
2018/1/26,2.7670,2.7860,2.7630,2.7670,632817967.0000,17.5105
2018/1/29,2.7590,2.7600,2.7520,2.7540,404473300.0000,11.1467
2018/1/30,2.7430,2.7450,2.7290,2.7310,475208500.0000,12.9993
2018/1/31,2.7340,2.7390,2.7320,2.7350,509417194.0000,13.9340
2018/2/1,2.7310,2.7350,2.7270,2.7290,339087446.0000,9.2604
2018/2/2,2.7330,2.7370,2.7290,2.7310,508966572.0000,13.9137
2018/2/5,2.7120,2.7130,2.7040,2.7050,381283005.0000,10.3289
2018/2/6,2.7220,2.7430,2.7210,2.7260,320840116.0000,8.7600
2018/2/7,2.6860,2.6890,2.6830,2.6890,291550802.0000,7.8305
2018/2/8,2.6740,2.6800,2.6670,2.6800,213313573.0000,5.7021
2018/2/9,2.6960,2.6990,2.6880,2.6920,235617577.0000,6.3416
2018/2/12,2.6830,2.7000,2.6820,2.6940,314311600.0000,8.4623
2018/2/13,2.7010,2.7090,2.6960,2.7080,219308049.0000,5.9224
2018/2/14,2.7170,2.7350,2.7160,2.7300,181068620.0000,4.9375
2018/2/22,2.7070,2.7090,2.7030,2.7040,241299445.0000,6.5281
2018/2/23,2.7120,2.7150,2.7100,2.7120,219833871.0000,5.9645
2018/2/26,2.7140,2.7280,2.7130,2.7270,289166934.0000,7.8697
2018/2/27,2.7170,2.7170,2.7110,2.7120,291763905.0000,7.9164
2018/2/28,2.6950,2.6970,2.6910,2.6920,221450472.0000,5.9637
2018/3/1,2.6920,2.6970,2.6840,2.6890,228742611.0000,6.1573
2018/3/2,2.6930,2.7040,2.6930,2.7000,249987451.0000,6.7515
2018/3/5,2.7100,2.7120,2.7060,2.7100,179883557.0000,4.8727
2018/3/6,2.7030,2.7090,2.7020,2.7090,363345624.0000,9.8330
2018/3/7,2.7230,2.7320,2.7170,2.7190,409224062.0000,11.1465
2018/3/8,2.7100,2.7150,2.7090,2.7140,184364197.0000,5.0012
2018/3/9,2.7030,2.7040,2.6980,2.7000,657086832.0000,17.7482
2018/3/12,2.7010,2.7060,2.6980,2.6990,422937078.0000,11.4281
2018/3/13,2.7010,2.7030,2.6960,2.6980,320114999.0000,8.6429
2018/3/14,2.7030,2.7100,2.7010,2.7020,242219247.0000,6.5547
2018/3/15,2.7010,2.7050,2.6980,2.6990,445169279.0000,12.0258
2018/3/16,2.6870,2.6920,2.6850,2.6880,458271501.0000,12.3258
2018/3/19,2.6820,2.6910,2.6740,2.6780,432844164.0000,11.6185
2018/3/20,2.6870,2.6900,2.6840,2.6890,365635261.0000,9.8268
2018/3/21,2.6850,2.6900,2.6840,2.6900,309106716.0000,8.3014
2018/3/22,2.7150,2.7160,2.7090,2.7130,324138938.0000,8.7914
2018/3/23,2.7300,2.7420,2.7290,2.7410,335752003.0000,9.1815
2018/3/26,2.7430,2.7500,2.7360,2.7380,276735717.0000,7.5939
2018/3/27,2.7320,2.7370,2.7310,2.7360,431715586.0000,11.8006
2018/3/28,2.7270,2.7290,2.7180,2.7210,323802291.0000,8.8261
2018/3/29,2.7010,2.7050,2.6860,2.6880,344351389.0000,9.2999
2018/3/30,2.6900,2.6930,2.6890,2.6920,312499045.0000,8.4115
2018/4/2,2.6980,2.6990,2.6940,2.6960,384201257.0000,10.3578
2018/4/3,2.7170,2.7170,2.7120,2.7160,344700034.0000,9.3577
2018/4/4,2.7030,2.7140,2.7010,2.7120,480182502.0000,13.0063
2018/4/9,2.7070,2.7180,2.7060,2.7070,545865934.0000,14.7996
2018/4/10,2.7170,2.7200,2.7080,2.7100,639726061.0000,17.3573
2018/4/11,2.7170,2.7270,2.7160,2.7260,485658678.0000,13.2113
2018/4/12,2.7320,2.7370,2.7310,2.7350,453193111.0000,12.3897
2018/4/13,2.7170,2.7250,2.7130,2.7140,352767200.0000,9.5947
2018/4/16,2.7280,2.7320,2.7220,2.7250,450344224.0000,12.2833
2018/4/17,2.7280,2.7310,2.7240,2.7290,429079500.0000,11.7055
2018/4/18,2.7260,2.7300,2.7240,2.7270,410878818.0000,11.2011
2018/4/19,2.7290,2.7350,2.7290,2.7340,390560282.0000,10.6675
2018/4/20,2.7260,2.7260,2.7180,2.7220,352749519.0000,9.5969
2018/4/23,2.7070,2.7100,2.7050,2.7080,444161563.0000,12.0302
2018/4/24,2.6980,2.7050,2.6980,2.7000,508994588.0000,13.7566
2018/4/25,2.7040,2.7050,2.6970,2.6990,238489021.0000,6.4437
2018/4/26,2.6980,2.7040,2.6980,2.7020,554327731.0000,14.9729
2018/4/27,2.6910,2.6960,2.6900,2.6920,293302014.0000,7.9011
2018/5/2,2.6810,2.6870,2.6800,2.6840,465298628.0000,12.4902
2018/5/3,2.6900,2.6910,2.6830,2.6840,379977858.0000,10.2100
2018/5/4,2.6880,2.6890,2.6860,2.6870,490669400.0000,13.1874
2018/5/7,2.7000,2.7010,2.6930,2.6940,347592628.0000,9.3757
2018/5/8,2.6960,2.6970,2.6910,2.6920,450032130.0000,12.1220
2018/5/9,2.6930,2.6930,2.6880,2.6890,401502569.0000,10.8064
2018/5/10,2.6930,2.6960,2.6890,2.6900,564085940.0000,15.1922
2018/5/11,2.6940,2.6970,2.6930,2.6930,438075485.0000,11.8054
2018/5/14,2.6940,2.6960,2.6930,2.6940,373026525.0000,10.0495
2018/5/15,2.6850,2.6860,2.6800,2.6800,306499297.0000,8.2234
2018/5/16,2.6540,2.6560,2.6520,2.6540,463930310.0000,12.3123
2018/5/17,2.6460,2.6510,2.6410,2.6420,371192840.0000,9.8274
2018/5/18,2.6440,2.6520,2.6430,2.6440,500551006.0000,13.2480
2018/5/21,2.6490,2.6510,2.6380,2.6390,474601298.0000,12.5658
2018/5/22,2.6480,2.6500,2.6450,2.6460,299771500.0000,7.9387
2018/5/23,2.6520,2.6530,2.6490,2.6490,241767319.0000,6.4095
2018/5/24,2.6590,2.6670,2.6580,2.6650,366710265.0000,9.7630
2018/5/25,2.6760,2.6830,2.6750,2.6780,415839200.0000,11.1374
2018/5/28,2.6700,2.6760,2.6650,2.6670,557933800.0000,14.9015
2018/5/29,2.6780,2.6800,2.6760,2.6760,394176882.0000,10.5561
2018/5/30,2.6880,2.6880,2.6800,2.6830,200417432.0000,5.3806
2018/5/31,2.6840,2.6870,2.6820,2.6860,196129307.0000,5.2646
2018/6/1,2.6770,2.6820,2.6760,2.6800,202313200.0000,5.4197
2018/6/4,2.6710,2.6720,2.6640,2.6650,173260702.0000,4.6237
2018/6/5,2.6620,2.6640,2.6590,2.6620,276100600.0000,7.3483
2018/6/6,2.6680,2.6700,2.6660,2.6660,523769100.0000,13.9734
2018/6/7,2.6640,2.6680,2.6630,2.6640,571769156.0000,15.2377
2018/6/8,2.6650,2.6680,2.6630,2.6640,422498400.0000,11.2644
2018/6/11,2.6700,2.6780,2.6700,2.6710,300984000.0000,8.0518
2018/6/12,2.6740,2.6780,2.6680,2.6690,438409300.0000,11.7174
2018/6/13,2.6690,2.6710,2.6660,2.6670,481664678.0000,12.8513
2018/6/14,2.6690,2.6790,2.6680,2.6770,656293625.0000,17.5270
2018/6/15,2.6860,2.6950,2.6790,2.6820,573506240.0000,15.4030
2018/6/19,2.6780,2.6780,2.6570,2.6590,683026540.0000,18.1682
2018/6/20,2.6560,2.6570,2.6500,2.6510,458422200.0000,12.1637
2018/6/21,2.6430,2.6460,2.6390,2.6410,525459700.0000,13.8871
2018/6/22,2.6490,2.6540,2.6480,2.6530,374303900.0000,9.9240
2018/6/25,2.6630,2.6650,2.6570,2.6580,290722400.0000,7.7373
2018/6/26,2.6590,2.6650,2.6570,2.6570,343864400.0000,9.1505
2018/6/27,2.6580,2.6630,2.6570,2.6630,255159002.0000,6.7869
2018/6/28,2.6630,2.6650,2.6540,2.6550,365827900.0000,9.7329
2018/6/29,2.6600,2.6630,2.6580,2.6610,340827100.0000,9.0659
2018/7/2,2.6650,2.6690,2.6640,2.6670,231152000.0000,6.1639
2018/7/3,2.6650,2.6710,2.6640,2.6650,601371900.0000,16.0427
2018/7/4,2.6790,2.6840,2.6720,2.6730,326257900.0000,8.7365
2018/7/5,2.6760,2.6790,2.6740,2.6750,200200052.0000,5.3579
2018/7/6,2.6780,2.6820,2.6760,2.6800,321201200.0000,8.6056
2018/7/9,2.6780,2.6800,2.6740,2.6770,241943000.0000,6.4756
2018/7/10,2.6680,2.6730,2.6660,2.6680,226141100.0000,6.0364
2018/7/11,2.6740,2.6770,2.6740,2.6760,163048600.0000,4.3629
2018/7/12,2.6740,2.6760,2.6670,2.6680,278364300.0000,7.4385
2018/7/13,2.6680,2.6690,2.6640,2.6650,263820100.0000,7.0369
2018/7/16,2.6680,2.6730,2.6680,2.6690,210601918.0000,5.6246
2018/7/17,2.6580,2.6650,2.6570,2.6640,347724600.0000,9.2495
2018/7/18,2.6470,2.6470,2.6350,2.6390,338152000.0000,8.9351
2018/7/19,2.6440,2.6520,2.6440,2.6500,288456200.0000,7.6383
2018/7/20,2.6530,2.6580,2.6520,2.6550,377227100.0000,10.0156
2018/7/23,2.6670,2.6700,2.6660,2.6680,375675600.0000,10.0233
2018/7/24,2.6680,2.6710,2.6640,2.6660,276063100.0000,7.3668
2018/7/25,2.6690,2.6710,2.6660,2.6680,279890201.0000,7.4678
2018/7/26,2.6670,2.6730,2.6660,2.6720,410178700.0000,10.9512
2018/7/27,2.6700,2.6700,2.6660,2.6690,596535900.0000,15.9195
2018/7/30,2.6700,2.6760,2.6700,2.6710,515122200.0000,13.7674
2018/7/31,2.6710,2.6750,2.6710,2.6730,387943300.0000,10.3721
2018/8/1,2.6720,2.6730,2.6670,2.6720,434403900.0000,11.6019
2018/8/2,2.6650,2.6690,2.6640,2.6640,309875100.0000,8.2628
2018/8/3,2.6610,2.6650,2.6590,2.6630,264859700.0000,7.0490
2018/8/6,2.6650,2.6690,2.6620,2.6630,381922200.0000,10.1774
2018/8/7,2.6610,2.6670,2.6600,2.6620,405645800.0000,10.8026
2018/8/8,2.6530,2.6580,2.6520,2.6580,305058777.0000,8.0978
2018/8/9,2.6590,2.6590,2.6550,2.6580,309142700.0000,8.2149
2018/8/10,2.6580,2.6600,2.6540,2.6560,189036000.0000,5.0247
2018/8/13,2.6640,2.6660,2.6620,2.6640,359274100.0000,9.5732
2018/8/14,2.6410,2.6450,2.6400,2.6410,531743600.0000,14.0520
2018/8/15,2.6400,2.6420,2.6360,2.6370,389608700.0000,10.2812
2018/8/16,2.6100,2.6390,2.5950,2.6040,645604300.0000,16.8326
2018/8/17,2.6020,2.6070,2.5980,2.5980,407896500.0000,10.6186
2018/8/20,2.6080,2.6160,2.6070,2.6150,314296300.0000,8.2088
2018/8/21,2.6200,2.6280,2.6190,2.6270,528785600.0000,13.8756
2018/8/22,2.6270,2.6320,2.6250,2.6260,357676300.0000,9.4020
2018/8/23,2.6280,2.6300,2.6270,2.6270,241076000.0000,6.3377
2018/8/24,2.6230,2.6300,2.6210,2.6280,357995300.0000,9.3978
2018/8/27,2.6380,2.6440,2.6370,2.6410,320946000.0000,8.4729
2018/8/28,2.6440,2.6520,2.6440,2.6500,259108700.0000,6.8582
2018/8/29,2.6360,2.6400,2.6350,2.6380,394416100.0000,10.4053
2018/8/30,2.6430,2.6460,2.6400,2.6410,285422400.0000,7.5456
2018/8/31,2.6420,2.6490,2.6420,2.6460,334959800.0000,8.8598
2018/9/3,2.6400,2.6410,2.6350,2.6350,315035700.0000,8.3125
2018/9/4,2.6370,2.6370,2.6260,2.6260,311586800.0000,8.2044
2018/9/5,2.6250,2.6280,2.6230,2.6240,314869600.0000,8.2669
2018/9/6,2.6320,2.6380,2.6320,2.6330,198596008.0000,5.2327
2018/9/7,2.6380,2.6430,2.6380,2.6420,291121900.0000,7.6897
2018/9/10,2.6370,2.6380,2.6310,2.6330,546479000.0000,14.4020
2018/9/11,2.6370,2.6400,2.6360,2.6400,178637300.0000,4.7123
2018/9/12,2.6410,2.6450,2.6380,2.6390,261636900.0000,6.9107
2018/9/13,2.6460,2.6520,2.6460,2.6500,250974850.0000,6.6508
2018/9/14,2.6490,2.6560,2.6480,2.6560,246267766.0000,6.5289
2018/9/17,2.6450,2.6450,2.6410,2.6420,201007500.0000,5.3119
2018/9/18,2.6480,2.6520,2.6440,2.6460,523164800.0000,13.8586
2018/9/19,2.6460,2.6500,2.6450,2.6480,147587600.0000,3.9069
2018/9/20,2.6510,2.6550,2.6500,2.6510,159143500.0000,4.2224
2018/9/21,2.6540,2.6580,2.6540,2.6570,362960500.0000,9.6417
2018/9/25,2.6480,2.6500,2.6430,2.6490,455910900.0000,12.0611
2018/9/26,2.6520,2.6560,2.6520,2.6530,245120900.0000,6.5057
2018/9/27,2.6480,2.6490,2.6420,2.6420,476146700.0000,12.6003
2018/9/28,2.6350,2.6350,2.6190,2.6230,243587400.0000,6.4016
2018/10/8,2.6500,2.6570,2.6500,2.6560,222829500.0000,5.9121
2018/10/9,2.6510,2.6620,2.6490,2.6520,268104700.0000,7.1121
2018/10/10,2.6510,2.6550,2.6510,2.6520,205685944.0000,5.4574
2018/10/11,2.6630,2.6660,2.6610,2.6650,380657155.0000,10.1387
2018/10/12,2.7000,2.7080,2.6980,2.7020,406349300.0000,10.9786
2018/10/15,2.7150,2.7290,2.7130,2.7280,438026200.0000,11.9049
2018/10/16,2.7280,2.7310,2.7240,2.7270,523189333.0000,14.2724
2018/10/17,2.7150,2.7210,2.7150,2.7190,473428664.0000,12.8697
2018/10/18,2.7240,2.7270,2.7180,2.7220,298446632.0000,8.1316
2018/10/19,2.7380,2.7400,2.7320,2.7340,382399399.0000,10.4638
2018/10/22,2.7320,2.7360,2.7290,2.7300,487572828.0000,13.3293
2018/10/23,2.7290,2.7450,2.7280,2.7440,425684546.0000,11.6371
2018/10/24,2.7540,2.7550,2.7450,2.7450,559755051.0000,15.4065
2018/10/25,2.7630,2.7670,2.7580,2.7590,528652200.0000,14.6079
2018/10/26,2.7510,2.7630,2.7510,2.7570,424072300.0000,11.6986
2018/10/29,2.7580,2.7620,2.7520,2.7530,356000355.0000,9.8218
2018/10/30,2.7490,2.7510,2.7440,2.7470,419154450.0000,11.5197
2018/10/31,2.7350,2.7350,2.7230,2.7240,310166100.0000,8.4631
2018/11/1,2.7220,2.7310,2.7200,2.7300,500617300.0000,13.6360
2018/11/2,2.7330,2.7390,2.7280,2.7310,580979499.0000,15.8915
2018/11/5,2.7310,2.7370,2.7280,2.7320,467519700.0000,12.7799
2018/11/6,2.7350,2.7370,2.7330,2.7340,376615100.0000,10.3008
2018/11/7,2.7300,2.7370,2.7290,2.7350,523227100.0000,14.3026
2018/11/8,2.7290,2.7300,2.7220,2.7240,300989600.0000,8.2043
2018/11/9,2.7220,2.7250,2.7170,2.7180,341781800.0000,9.3022
2018/11/12,2.7020,2.7050,2.6960,2.6980,409750500.0000,11.0685
2018/11/13,2.6960,2.6960,2.6870,2.6890,481083000.0000,12.9518
2018/11/14,2.6870,2.6920,2.6840,2.6880,508318600.0000,13.6667
2018/11/15,2.6960,2.7040,2.6960,2.7030,554875000.0000,14.9788
2018/11/16,2.7050,2.7080,2.7040,2.7070,604428400.0000,16.3519
2018/11/19,2.7180,2.7230,2.7130,2.7140,707403100.0000,19.2307
2018/11/20,2.7200,2.7270,2.7200,2.7240,579856600.0000,15.7856
2018/11/21,2.7230,2.7230,2.7200,2.7230,256473200.0000,6.9812
2018/11/22,2.7270,2.7310,2.7270,2.7280,333472700.0000,9.0997
2018/11/23,2.7290,2.7370,2.7290,2.7310,310832672.0000,8.4965
2018/11/26,2.7270,2.7320,2.7260,2.7270,400785680.0000,10.9384
2018/11/27,2.7260,2.7260,2.7210,2.7220,283640520.0000,7.7256
2018/11/28,2.7150,2.7150,2.7060,2.7100,331109600.0000,8.9775
2018/11/29,2.7240,2.7340,2.7230,2.7310,555219398.0000,15.1487
2018/11/30,2.7320,2.7340,2.7300,2.7320,564752875.0000,15.4287
2018/12/3,2.7210,2.7280,2.7190,2.7200,554063400.0000,15.0949
2018/12/4,2.7270,2.7290,2.7190,2.7200,482779900.0000,13.1512
2018/12/5,2.7220,2.7260,2.7210,2.7250,415521400.0000,11.3170
2018/12/6,2.7350,2.7420,2.7350,2.7350,420803557.0000,11.5241
2018/12/7,2.7390,2.7420,2.7370,2.7380,375634000.0000,10.2901
2018/12/10,2.7580,2.7680,2.7580,2.7670,547519119.0000,15.1321
2018/12/11,2.7650,2.7670,2.7600,2.7630,408519000.0000,11.2858
2018/12/12,2.7560,2.7560,2.7490,2.7500,379948545.0000,10.4578
2018/12/13,2.7490,2.7500,2.7450,2.7480,459343900.0000,12.6210
2018/12/14,2.7470,2.7500,2.7430,2.7450,333992550.0000,9.1773
2018/12/17,2.7440,2.7550,2.7440,2.7460,465013482.0000,12.7717
2018/12/18,2.7610,2.7670,2.7600,2.7610,435741301.0000,12.0443
2018/12/19,2.7650,2.7720,2.7650,2.7700,485996300.0000,13.4558
2018/12/20,2.7610,2.7770,2.7610,2.7700,559565100.0000,15.4797
2018/12/21,2.7910,2.7930,2.7820,2.7880,381568900.0000,10.6340
2018/12/24,2.7980,2.8040,2.7960,2.7980,448686583.0000,12.5618
2018/12/25,2.8090,2.8380,2.8080,2.8200,496249700.0000,13.9920
2018/12/26,2.8170,2.8270,2.8160,2.8190,561542240.0000,15.8504
2018/12/27,2.8150,2.8160,2.8050,2.8090,266816961.0000,7.5030
2018/12/28,2.8180,2.8280,2.8160,2.8260,384245016.0000,10.8409
2019/1/2,2.8210,2.8400,2.8210,2.8370,271467105.0000,7.6882
2019/1/3,2.8400,2.8700,2.8400,2.8680,272014302.0000,7.7594
2019/1/4,2.8810,2.8830,2.8530,2.8530,265619621.0000,7.6110
2019/1/7,2.8400,2.8430,2.8350,2.8410,254184900.0000,7.2177
2019/1/8,2.8370,2.8370,2.8240,2.8280,391408991.0000,11.0753
2019/1/9,2.8270,2.8300,2.8130,2.8170,453104500.0000,12.7846
2019/1/10,2.8280,2.8320,2.8220,2.8230,401473826.0000,11.3524
2019/1/11,2.8110,2.8120,2.8000,2.8050,369845800.0000,10.3770
2019/1/14,2.8000,2.8090,2.7950,2.8070,533010500.0000,14.9315
2019/1/15,2.8050,2.8050,2.7980,2.8010,272275100.0000,7.6269
2019/1/16,2.8050,2.8090,2.8010,2.8030,310583622.0000,8.7139
2019/1/17,2.8060,2.8100,2.8050,2.8100,403118400.0000,11.3160
2019/1/18,2.8090,2.8130,2.8090,2.8110,289615460.0000,8.1403
2019/1/21,2.7990,2.8000,2.7930,2.8000,198226960.0000,5.5431
2019/1/22,2.7970,2.8000,2.7910,2.7990,203367800.0000,5.6849
2019/1/23,2.8080,2.8100,2.8010,2.8020,186071900.0000,5.2207
2019/1/24,2.8000,2.8020,2.7970,2.8000,264653817.0000,7.4104
2019/1/25,2.8000,2.8000,2.7950,2.7970,145219300.0000,4.0625
2019/1/28,2.8190,2.8250,2.8190,2.8230,253508900.0000,7.1531
2019/1/29,2.8280,2.8350,2.8270,2.8330,222985100.0000,6.3126
2019/1/30,2.8390,2.8430,2.8370,2.8420,203295400.0000,5.7747
2019/1/31,2.8420,2.8430,2.8350,2.8370,239965197.0000,6.8156
2019/2/1,2.8390,2.8540,2.8390,2.8520,127835350.0000,3.6423
2019/2/11,2.8470,2.8540,2.8390,2.8400,400450100.0000,11.4020
2019/2/12,2.8440,2.8510,2.8430,2.8510,334178200.0000,9.5098
2019/2/13,2.8450,2.8470,2.8430,2.8470,313033600.0000,8.9069
2019/2/14,2.8440,2.8460,2.8410,2.8430,303446200.0000,8.6279
2019/2/15,2.8480,2.8610,2.8480,2.8610,341081200.0000,9.7355
2019/2/18,2.8720,2.8770,2.8720,2.8760,338256456.0000,9.7232
2019/2/19,2.8800,2.8830,2.8770,2.8780,294766900.0000,8.4920
2019/2/20,2.9060,2.9090,2.8960,2.8980,439634100.0000,12.7661
2019/2/21,2.8890,2.8910,2.8800,2.8800,276372800.0000,7.9777
2019/2/22,2.8650,2.8670,2.8590,2.8600,342634700.0000,9.8143
2019/2/25,2.8530,2.8670,2.8530,2.8580,359299200.0000,10.2764
2019/2/26,2.8540,2.8600,2.8520,2.8560,317336502.0000,9.0626
2019/2/27,2.8560,2.8590,2.8510,2.8530,486555498.0000,13.8925
2019/2/28,2.8430,2.8430,2.8270,2.8330,376814500.0000,10.6788
2019/3/1,2.8270,2.8300,2.8210,2.8260,299146200.0000,8.4572
2019/3/4,2.7980,2.7980,2.7830,2.7840,361547401.0000,10.0882
2019/3/5,2.7840,2.7840,2.7670,2.7700,945119932.0000,26.2526
2019/3/6,2.7730,2.7850,2.7730,2.7840,823241500.0000,22.8639
2019/3/7,2.7820,2.7840,2.7690,2.7730,789401900.0000,21.9368
2019/3/8,2.7830,2.8000,2.7810,2.7990,349222900.0000,9.7367
2019/3/11,2.8090,2.8110,2.8020,2.8080,700637222.0000,19.6688
2019/3/12,2.7980,2.8100,2.7980,2.8080,643828400.0000,18.0619
2019/3/13,2.8180,2.8260,2.8180,2.8200,567751800.0000,16.0203
2019/3/14,2.8220,2.8220,2.8150,2.8150,555956100.0000,15.6693
2019/3/15,2.8010,2.8160,2.8000,2.8110,624286450.0000,17.5143
2019/3/18,2.8070,2.8100,2.8030,2.8070,585919519.0000,16.4471
2019/3/19,2.8150,2.8250,2.8150,2.8230,539127800.0000,15.2179
2019/3/20,2.8200,2.8230,2.8180,2.8190,694750700.0000,19.5928
2019/3/21,2.8330,2.8400,2.8320,2.8390,730728150.0000,20.7293
2019/3/22,2.8260,2.8340,2.8250,2.8330,568941400.0000,16.0862
2019/3/25,2.8490,2.8520,2.8460,2.8490,574762800.0000,16.3746
2019/3/26,2.8550,2.8580,2.8490,2.8500,628462760.0000,17.9403
2019/3/27,2.8500,2.8540,2.8450,2.8480,637518700.0000,18.1715
2019/3/28,2.8410,2.8440,2.8370,2.8420,625596900.0000,17.7675
2019/3/29,2.8090,2.8090,2.7860,2.7880,635224900.0000,17.7720
2019/4/1,2.7890,2.7980,2.7870,2.7880,597777800.0000,16.6965
2019/4/2,2.7900,2.7970,2.7890,2.7920,739649800.0000,20.6615
2019/4/3,2.7970,2.8040,2.7950,2.7970,612837300.0000,17.1643
2019/4/4,2.7940,2.8080,2.7930,2.7980,564403133.0000,15.7917
2019/4/8,2.8000,2.8140,2.8000,2.8100,720304100.0000,20.2305
2019/4/9,2.8160,2.8170,2.8100,2.8110,519789300.0000,14.6261
2019/4/10,2.8190,2.8250,2.8170,2.8250,654152471.0000,18.4442
2019/4/11,2.8280,2.8320,2.8270,2.8280,635048300.0000,17.9629
2019/4/12,2.8040,2.8080,2.7990,2.8000,581057000.0000,16.2948
2019/4/15,2.7890,2.7910,2.7840,2.7850,583537300.0000,16.2704
2019/4/16,2.7840,2.7880,2.7810,2.7850,696907400.0000,19.4071
2019/4/17,2.7720,2.7770,2.7680,2.7690,1160978300.0000,32.1847
2019/4/18,2.7590,2.7610,2.7490,2.7510,457560200.0000,12.6148
2019/4/19,2.7630,2.7690,2.7620,2.7620,720871100.0000,19.9455
2019/4/22,2.7650,2.7750,2.7640,2.7720,655271100.0000,18.1587
2019/4/23,2.7710,2.7720,2.7550,2.7570,810683500.0000,22.4042
2019/4/24,2.7560,2.7580,2.7500,2.7540,839056600.0000,23.1097
2019/4/25,2.7650,2.7690,2.7630,2.7670,664273400.0000,18.3761
2019/4/26,2.7740,2.7770,2.7690,2.7730,763719200.0000,21.1790
2019/4/29,2.7780,2.7850,2.7680,2.7690,583232700.0000,16.2053
2019/4/30,2.7700,2.7800,2.7700,2.7770,464756100.0000,12.8935
2019/5/6,2.7980,2.8050,2.7880,2.7930,603640800.0000,16.8629
2019/5/7,2.7910,2.7940,2.7860,2.7870,382434300.0000,10.6739
2019/5/8,2.7980,2.8050,2.7950,2.8040,440894100.0000,12.3479
2019/5/9,2.8000,2.8080,2.7980,2.8060,311959600.0000,8.7428
2019/5/10,2.8060,2.8200,2.8050,2.8080,347269218.0000,9.7566
2019/5/13,2.8210,2.8280,2.8210,2.8260,205388161.0000,5.8014
2019/5/14,2.8630,2.8650,2.8570,2.8580,314489900.0000,8.9955
2019/5/15,2.8580,2.8580,2.8420,2.8440,456673791.0000,13.0281
2019/5/16,2.8520,2.8590,2.8520,2.8580,338677670.0000,9.6701
2019/5/17,2.8410,2.8550,2.8410,2.8540,208880791.0000,5.9493
2019/5/20,2.8390,2.8390,2.8320,2.8350,227941807.0000,6.4598
2019/5/21,2.8350,2.8360,2.8300,2.8340,164771285.0000,4.6690
2019/5/22,2.8280,2.8380,2.8280,2.8340,254293526.0000,7.2061
2019/5/23,2.8360,2.8450,2.8360,2.8410,333779085.0000,9.4821
2019/5/24,2.8550,2.8580,2.8520,2.8560,236942851.0000,6.7644
2019/5/27,2.8580,2.8610,2.8560,2.8580,422357479.0000,12.0727
2019/5/28,2.8530,2.8560,2.8510,2.8540,199726837.0000,5.6996
2019/5/29,2.8500,2.8620,2.8490,2.8610,245359900.0000,7.0043
2019/5/30,2.8500,2.8510,2.8410,2.8470,230790213.0000,6.5713
2019/5/31,2.8760,2.8790,2.8720,2.8780,209625933.0000,6.0271
2019/6/3,2.9060,2.9170,2.9060,2.9140,273433420.0000,7.9689
2019/6/4,2.9450,2.9470,2.9350,2.9440,264697900.0000,7.7875
2019/6/5,2.9430,2.9640,2.9420,2.9630,364983292.0000,10.7632
2019/6/6,2.9550,2.9660,2.9530,2.9620,310944463.0000,9.2068
2019/6/10,2.9600,2.9690,2.9480,2.9530,486804235.0000,14.4116
2019/6/11,2.9540,2.9580,2.9370,2.9370,409523865.0000,12.0775
2019/6/12,2.9440,2.9790,2.9440,2.9720,392367038.0000,11.6210
2019/6/13,2.9660,2.9770,2.9640,2.9770,326014100.0000,9.6906
2019/6/14,2.9860,3.0240,2.9860,3.0220,318099939.0000,9.5521
2019/6/17,3.0000,3.0010,2.9820,2.9830,336138686.0000,10.0634
2019/6/18,2.9910,3.0120,2.9910,3.0040,463566208.0000,13.9101
2019/6/19,2.9800,2.9910,2.9780,2.9890,413338100.0000,12.3387
2019/6/20,3.0500,3.0600,3.0500,3.0540,495764952.0000,15.1523
2019/6/21,3.0750,3.1070,3.0750,3.0790,408071218.0000,12.6208
2019/6/24,3.1090,3.1110,3.1000,3.1010,337802823.0000,10.4923
2019/6/25,3.1480,3.1850,3.1450,3.1660,636065395.0000,20.0893
2019/6/26,3.1320,3.1340,3.0710,3.1080,330553803.0000,10.3168
2019/6/27,3.1130,3.1180,3.0970,3.1000,364054054.0000,11.3242
2019/6/28,3.1240,3.1500,3.1040,3.1090,314557194.0000,9.8551
2019/7/1,3.0500,3.0630,3.0290,3.0340,488079943.0000,14.8767
2019/7/2,3.0520,3.0710,3.0520,3.0660,269922222.0000,8.2633
2019/7/3,3.1720,3.1770,3.1380,3.1520,410295592.0000,12.9423
2019/7/4,3.1420,3.1420,3.1130,3.1190,260507200.0000,8.1450
2019/7/5,3.1300,3.1360,3.1200,3.1250,315912250.0000,9.8864
2019/7/8,3.0910,3.1110,3.0870,3.1090,287130515.0000,8.8990
2019/7/9,3.0830,3.0890,3.0780,3.0810,216956600.0000,6.6884
2019/7/10,3.0840,3.0880,3.0750,3.0790,117133000.0000,3.6109
2019/7/11,3.1390,3.1480,3.1300,3.1320,297145960.0000,9.3257
2019/7/12,3.1130,3.1130,3.1000,3.1110,171391800.0000,5.3250
2019/7/15,3.1180,3.1240,3.1130,3.1230,217680600.0000,6.7875
2019/7/16,3.1210,3.1270,3.1180,3.1200,170196600.0000,5.3133
2019/7/17,3.1090,3.1110,3.0990,3.1030,200137800.0000,6.2119
2019/7/18,3.1470,3.1500,3.1310,3.1350,193447411.0000,6.0739
2019/7/19,3.1850,3.1900,3.1720,3.1770,172257311.0000,5.4850
2019/7/22,3.1450,3.1590,3.1420,3.1530,141411900.0000,4.4572
2019/7/23,3.1300,3.1380,3.1250,3.1300,243241300.0000,7.6177
2019/7/24,3.1400,3.1440,3.1370,3.1430,183008600.0000,5.7458
2019/7/25,3.1410,3.1470,3.1380,3.1470,219652900.0000,6.8990
2019/7/26,3.1300,3.1340,3.1230,3.1340,120810479.0000,3.7793
2019/7/29,3.1470,3.1480,3.1360,3.1390,231651546.0000,7.2812
2019/7/30,3.1430,3.1540,3.1430,3.1520,277639200.0000,8.7373
2019/7/31,3.1580,3.1670,3.1550,3.1640,184705200.0000,5.8354
2019/8/1,3.1250,3.1260,3.1100,3.1120,208158615.0000,6.4950
2019/8/2,3.1870,3.1900,3.1800,3.1840,260350110.0000,8.2952
2019/8/5,3.2390,3.3040,3.2380,3.2890,387473572.0000,12.6879
2019/8/6,3.3320,3.3320,3.2950,3.2960,344814092.0000,11.4112
2019/8/7,3.3460,3.3740,3.3460,3.3630,420427786.0000,14.1308
2019/8/8,3.3830,3.4060,3.3690,3.3860,327716167.0000,11.1171
2019/8/9,3.4040,3.4200,3.3930,3.4030,339983606.0000,11.5906
2019/8/12,3.4020,3.4020,3.3810,3.3820,250876994.0000,8.5180
2019/8/13,3.4440,3.4690,3.4400,3.4650,538414533.0000,18.5875
2019/8/14,3.3690,3.4050,3.3660,3.3760,433844000.0000,14.6948
2019/8/15,3.4350,3.4450,3.3970,3.4140,356056425.0000,12.2097
2019/8/16,3.4360,3.4380,3.4130,3.4190,259045200.0000,8.8849
2019/8/19,3.3940,3.4190,3.3930,3.4020,362706559.0000,12.3495
2019/8/20,3.3940,3.3940,3.3820,3.3880,417012311.0000,14.1264
2019/8/21,3.3990,3.4030,3.3880,3.3910,346091728.0000,11.7628
2019/8/22,3.3950,3.4030,3.3950,3.4010,141758300.0000,4.8193
2019/8/23,3.3990,3.4000,3.3920,3.3980,215351667.0000,7.3157
2019/8/26,3.5210,3.5340,3.5100,3.5200,318150249.0000,11.2196
2019/8/27,3.5110,3.5260,3.5010,3.5220,236948129.0000,8.3202
2019/8/28,3.5430,3.5430,3.5130,3.5240,234293665.0000,8.2665
2019/8/29,3.5300,3.5660,3.5290,3.5650,288905600.0000,10.2419
2019/8/30,3.5030,3.5230,3.4950,3.5080,361491818.0000,12.6751
2019/9/2,3.5020,3.5050,3.4920,3.4960,282898777.0000,9.8995
2019/9/3,3.5100,3.5170,3.5000,3.5110,218523874.0000,7.6686
2019/9/4,3.5570,3.5600,3.5220,3.5240,305799837.0000,10.8253
2019/9/5,3.5420,3.5440,3.5250,3.5390,199025129.0000,7.0250
2019/9/6,3.4640,3.4760,3.4240,3.4290,396414545.0000,13.7270
2019/9/9,3.4360,3.4480,3.4310,3.4420,311284400.0000,10.7103
2019/9/10,3.3820,3.3920,3.3710,3.3890,290756026.0000,9.8487
2019/9/11,3.3970,3.4080,3.3960,3.4040,350938726.0000,11.9316
2019/9/12,3.3950,3.4040,3.3930,3.4040,198023281.0000,6.7253
2019/9/16,3.4140,3.4140,3.3970,3.4070,292905251.0000,9.9787
2019/9/17,3.4050,3.4050,3.3920,3.3940,220324615.0000,7.4903
2019/9/18,3.4070,3.4130,3.4040,3.4070,276284495.0000,9.4167
2019/9/19,3.3870,3.4030,3.3850,3.4010,238282800.0000,8.0888
2019/9/20,3.4070,3.4160,3.4060,3.4120,192641700.0000,6.5711
2019/9/23,3.4370,3.4610,3.4370,3.4410,347806152.0000,12.0041
2019/9/24,3.4630,3.4660,3.4540,3.4600,360332600.0000,12.4718
2019/9/25,3.4800,3.4820,3.4730,3.4800,226073380.0000,7.8627
2019/9/26,3.4440,3.4490,3.4290,3.4340,303687073.0000,10.4485
2019/9/27,3.4260,3.4350,3.4000,3.4040,162748549.0000,5.5775
2019/9/30,3.4000,3.4030,3.3860,3.3960,143680001.0000,4.8813
2019/10/8,3.4020,3.4050,3.3850,3.3900,157931900.0000,5.3581
2019/10/9,3.4350,3.4410,3.4340,3.4400,234839800.0000,8.0722
2019/10/10,3.4400,3.4450,3.4130,3.4220,228907973.0000,7.8462
2019/10/11,3.3910,3.4060,3.3890,3.4050,142708831.0000,4.8446
2019/10/14,3.3670,3.3670,3.3450,3.3560,248654138.0000,8.3430
2019/10/15,3.3630,3.3770,3.3610,3.3630,271436067.0000,9.1449
2019/10/16,3.3560,3.3590,3.3450,3.3500,287978864.0000,9.6630
2019/10/17,3.3660,3.3770,3.3650,3.3740,293707318.0000,9.8921
2019/10/18,3.3670,3.3730,3.3650,3.3710,330803855.0000,11.1436
2019/10/21,3.3620,3.3720,3.3610,3.3690,185654731.0000,6.2457
2019/10/22,3.3490,3.3590,3.3490,3.3560,275427600.0000,9.2439
2019/10/23,3.3630,3.3720,3.3610,3.3710,295457200.0000,9.9466
2019/10/24,3.3670,3.3690,3.3630,3.3640,352689875.0000,11.8723
2019/10/25,3.3880,3.4000,3.3870,3.3980,491833062.0000,16.6914
2019/10/28,3.3940,3.3960,3.3880,3.3950,261459849.0000,8.8704
2019/10/29,3.3640,3.3650,3.3560,3.3600,192562500.0000,6.4730
2019/10/30,3.3570,3.3620,3.3530,3.3560,175427800.0000,5.8892
2019/10/31,3.3650,3.3690,3.3620,3.3630,204958100.0000,6.8986
2019/11/1,3.3960,3.3980,3.3000,3.3870,276259950.0000,9.3644
2019/11/4,3.3910,3.3920,3.3810,3.3830,212931000.0000,7.2105
2019/11/5,3.3740,3.3760,3.3590,3.3620,210859178.0000,7.1077
2019/11/6,3.3200,3.3200,3.3060,3.3130,345977101.0000,11.4595
2019/11/7,3.3290,3.3350,3.3250,3.3310,284447708.0000,9.4747
2019/11/8,3.2530,3.2710,3.2500,3.2690,292557600.0000,9.5439
2019/11/11,3.2600,3.2670,3.2550,3.2660,274300774.0000,8.9407
2019/11/12,3.2500,3.2500,3.2280,3.2330,245390600.0000,7.9588
2019/11/13,3.2590,3.2700,3.2570,3.2670,333857466.0000,10.8915
2019/11/14,3.2660,3.2770,3.2650,3.2760,269470470.0000,8.8110
2019/11/15,3.2740,3.2760,3.2650,3.2680,186043900.0000,6.0849
2019/11/18,3.2710,3.2760,3.2680,3.2690,349158352.0000,11.4231
2019/11/19,3.2920,3.2940,3.2830,3.2900,307934512.0000,10.1247
2019/11/20,3.2970,3.3030,3.2960,3.3010,467298900.0000,15.4160
2019/11/21,3.3030,3.3100,3.2920,3.2940,307522203.0000,10.1479
2019/11/22,3.2780,3.2880,3.2730,3.2870,234239913.0000,7.6809
2019/11/25,3.2690,3.2780,3.2620,3.2640,371195751.0000,12.1398
2019/11/26,3.2540,3.2640,3.2470,3.2630,278298171.0000,9.0589
2019/11/27,3.2700,3.2710,3.2640,3.2680,160851982.0000,5.2560
2019/11/28,3.2640,3.2660,3.2600,3.2610,153670061.0000,5.0155
2019/11/29,3.2640,3.2710,3.2640,3.2650,372259384.0000,12.1652
2019/12/2,3.2710,3.2720,3.2680,3.2690,192269202.0000,6.2868
2019/12/3,3.2780,3.2830,3.2740,3.2770,279989779.0000,9.1804
2019/12/4,3.3260,3.3380,3.3250,3.3370,368420476.0000,12.2709
2019/12/5,3.3170,3.3220,3.3160,3.3210,182131400.0000,6.0445
2019/12/6,3.3150,3.3160,3.2960,3.2970,308697801.0000,10.2210
2019/12/9,3.2720,3.2790,3.2700,3.2750,403280335.0000,13.2043
2019/12/10,3.2780,3.2830,3.2760,3.2800,201343638.0000,6.6021
2019/12/11,3.2830,3.2880,3.2820,3.2820,263164004.0000,8.6425
2019/12/12,3.3030,3.3130,3.3000,3.3000,277906578.0000,9.1884
2019/12/13,3.2600,3.2680,3.2590,3.2610,263320590.0000,8.5921
2019/12/16,3.2820,3.2970,3.2810,3.2940,248243739.0000,8.1589
2019/12/17,3.2920,3.2940,3.2890,3.2920,384993837.0000,12.6724
2019/12/18,3.2930,3.2970,3.2910,3.2950,383959296.0000,12.6464
2019/12/19,3.2910,3.2990,3.2910,3.2920,359961300.0000,11.8592
2019/12/20,3.2960,3.3030,3.2950,3.3020,311080320.0000,10.2617
2019/12/23,3.3010,3.3150,3.3000,3.3130,344127900.0000,11.3776
2019/12/24,3.3180,3.3330,3.3170,3.3310,382142068.0000,12.7126
2019/12/25,3.3480,3.3540,3.3440,3.3520,302903084.0000,10.1511
2019/12/26,3.3530,3.3570,3.3450,3.3530,335218524.0000,11.2386
2019/12/27,3.3640,3.3820,3.3600,3.3630,442596076.0000,14.9294
2019/12/30,3.3720,3.3740,3.3610,3.3610,384684900.0000,12.9559
2019/12/31,3.3750,3.3860,3.3730,3.3840,402632694.0000,13.6097
2020/1/2,3.3710,3.3770,3.3680,3.3700,381843814.0000,12.8758
2020/1/3,3.3920,3.4280,3.3900,3.4220,367914983.0000,12.5488
2020/1/6,3.4960,3.5100,3.4930,3.4970,460780493.0000,16.1349
2020/1/7,3.4720,3.4750,3.4470,3.4660,361056966.0000,12.4970
2020/1/8,3.5470,3.5600,3.5110,3.5310,546298189.0000,19.2668
2020/1/9,3.4400,3.4510,3.3970,3.4080,445819020.0000,15.3408
2020/1/10,3.4130,3.4250,3.4130,3.4180,272050841.0000,9.3057
2020/1/13,3.4230,3.4350,3.4130,3.4180,430474242.0000,14.7421
2020/1/14,3.3680,3.3760,3.3630,3.3740,424502086.0000,14.3042
2020/1/15,3.3980,3.4140,3.3950,3.4030,420875402.0000,14.3437
2020/1/16,3.4130,3.4200,3.4030,3.4060,491406222.0000,16.7727
2020/1/17,3.4020,3.4100,3.4000,3.4040,333220663.0000,11.3425
2020/1/20,3.4070,3.4100,3.4030,3.4050,430093564.0000,14.6511
2020/1/21,3.4250,3.4490,3.4240,3.4370,509390317.0000,17.5148
2020/1/22,3.4090,3.4190,3.4010,3.4070,359960480.0000,12.2754
2020/1/23,3.4280,3.4370,3.4210,3.4300,256121000.0000,8.7807
2020/2/3,3.5100,3.5270,3.5100,3.5200,351086537.0000,12.3517
2020/2/4,3.5090,3.5120,3.4880,3.4920,335443599.0000,11.7468
2020/2/5,3.4590,3.4760,3.4530,3.4690,391975435.0000,13.5797
2020/2/6,3.4480,3.4540,3.4390,3.4520,356182627.0000,12.2802
2020/2/7,3.4800,3.4820,3.4630,3.4680,215436733.0000,7.4869
2020/2/10,3.4910,3.4970,3.4790,3.4810,339872403.0000,11.8482
2020/2/11,3.4790,3.4820,3.4700,3.4720,272462207.0000,9.4696
2020/2/12,3.4660,3.4700,3.4590,3.4650,371946240.0000,12.8907
2020/2/13,3.4740,3.4930,3.4740,3.4900,319584440.0000,11.1316
2020/2/14,3.4950,3.4980,3.4860,3.4940,198147469.0000,6.9210
2020/2/17,3.5090,3.5110,3.5020,3.5050,296965567.0000,10.4101
2020/2/18,3.5140,3.5230,3.5140,3.5220,411444070.0000,14.4773
2020/2/19,3.5630,3.5690,3.5550,3.5620,407130062.0000,14.5023
2020/2/20,3.5680,3.5950,3.5680,3.5740,344032467.0000,12.3225
2020/2/21,3.6110,3.6480,3.6110,3.6460,447405401.0000,16.2459
2020/2/24,3.7280,3.7300,3.7070,3.7250,596541448.0000,22.1660
2020/2/25,3.6790,3.7030,3.6400,3.6480,915555049.0000,33.7365
2020/2/26,3.6670,3.6780,3.6320,3.6680,777739323.0000,28.4946
2020/2/27,3.6650,3.6900,3.6650,3.6690,605671218.0000,22.2599
2020/2/28,3.6520,3.6600,3.6050,3.6230,500792209.0000,18.2303
2020/3/2,3.5490,3.5560,3.5160,3.5420,604472471.0000,21.3839
2020/3/3,3.5320,3.5420,3.5300,3.5360,440703227.0000,15.5801
2020/3/4,3.6080,3.6280,3.6070,3.6120,536789980.0000,19.4072
2020/3/5,3.6030,3.6120,3.6000,3.6110,380561927.0000,13.7141
2020/3/6,3.6770,3.7050,3.6720,3.6860,513592422.0000,18.9226
2020/3/9,3.7160,3.7280,3.3170,3.6590,711691432.0000,26.2420
2020/3/10,3.6470,3.6560,3.5930,3.6120,535616366.0000,19.4566
2020/3/11,3.6210,3.6490,3.6210,3.6480,582121976.0000,21.1565
2020/3/12,3.6220,3.6250,3.5970,3.6080,459953530.0000,16.5897
2020/3/13,3.4720,3.5190,3.4370,3.5020,597822634.0000,20.7683
2020/3/16,3.4000,3.4360,3.3820,3.4140,587541169.0000,20.0565
2020/3/17,3.3150,3.3160,3.2500,3.2550,633399975.0000,20.8099
2020/3/18,3.3800,3.3900,3.3060,3.3260,795759336.0000,26.7588
2020/3/19,3.2950,3.3180,3.2530,3.3120,640338967.0000,21.0481
2020/3/20,3.3170,3.3610,3.3050,3.3460,492491948.0000,16.3612
2020/3/23,3.3250,3.3550,3.3240,3.3370,481077100.0000,16.0779
2020/3/24,3.5500,3.5540,3.4890,3.5230,580565796.0000,20.4257
2020/3/25,3.6010,3.6100,3.5730,3.5810,629555198.0000,22.6185
2020/3/26,3.5680,3.5940,3.5670,3.5720,528919132.0000,18.9224
2020/3/27,3.6050,3.6210,3.5990,3.6120,477157440.0000,17.2202
2020/3/30,3.5970,3.6010,3.5770,3.5830,451756034.0000,16.2207
2020/3/31,3.5830,3.5900,3.5810,3.5860,486541736.0000,17.4438
2020/4/1,3.5050,3.5370,3.5030,3.5280,419471001.0000,14.7507
2020/4/2,3.5260,3.5500,3.5240,3.5430,332260141.0000,11.7365
2020/4/3,3.5820,3.5990,3.5680,3.5750,285008082.0000,10.2060
2020/4/7,3.6860,3.6910,3.6710,3.6760,420795297.0000,15.4985
2020/4/8,3.6430,3.6540,3.6390,3.6410,413460942.0000,15.0841
2020/4/9,3.6420,3.6510,3.6400,3.6500,332076298.0000,12.0983
2020/4/10,3.6810,3.6870,3.6640,3.6710,449865781.0000,16.5437
2020/4/13,3.6750,3.6760,3.6550,3.6700,364959800.0000,13.3662
2020/4/14,3.6980,3.7360,3.6850,3.7120,439242092.0000,16.3111
2020/4/15,3.7130,3.7290,3.7000,3.7020,486799589.0000,18.1092
2020/4/16,3.7020,3.7430,3.7000,3.7300,451034200.0000,16.7377
2020/4/17,3.6900,3.6960,3.6430,3.6690,426186400.0000,15.6702
2020/4/20,3.6340,3.6610,3.6330,3.6510,392433929.0000,14.3189
2020/4/21,3.6740,3.6870,3.6710,3.6840,646262863.0000,23.7655
2020/4/22,3.6860,3.6900,3.6650,3.6740,407596770.0000,15.0016
2020/4/23,3.7350,3.7480,3.7300,3.7390,400188828.0000,14.9689
2020/4/24,3.7410,3.7750,3.7390,3.7690,355274966.0000,13.3263
2020/4/27,3.7630,3.7630,3.7390,3.7410,345923540.0000,12.9821
2020/4/28,3.7170,3.7210,3.6940,3.7140,495536894.0000,18.3766
2020/4/29,3.7290,3.7410,3.7280,3.7330,544862579.0000,20.3459
2020/4/30,3.7280,3.7510,3.7230,3.7460,282604624.0000,10.5472
2020/5/6,3.7480,3.7500,3.7340,3.7410,324289050.0000,12.1369
2020/5/7,3.7320,3.7400,3.7210,3.7230,482188056.0000,18.0014
2020/5/8,3.7750,3.7790,3.7670,3.7690,444158000.0000,16.7537
2020/5/11,3.7510,3.7600,3.7470,3.7540,455091700.0000,17.0865
2020/5/12,3.7410,3.7540,3.7400,3.7460,386522300.0000,14.4842
2020/5/13,3.7550,3.7590,3.7490,3.7570,402964666.0000,15.1253
2020/5/14,3.7720,3.7820,3.7710,3.7810,415694104.0000,15.6913
2020/5/15,3.8180,3.8420,3.8140,3.8340,310070368.0000,11.8527
2020/5/18,3.9000,3.9390,3.8990,3.9270,471884826.0000,18.5168
2020/5/19,3.8680,3.8860,3.8520,3.8650,550857200.0000,21.3487
2020/5/20,3.9080,3.9160,3.9000,3.9060,542869223.0000,21.2078
2020/5/21,3.8900,3.8940,3.8670,3.8700,453316287.0000,17.5979
2020/5/22,3.8460,3.8680,3.8340,3.8650,468965627.0000,18.0539
2020/5/25,3.8550,3.8680,3.8510,3.8580,401116823.0000,15.4844
2020/5/26,3.8730,3.8870,3.8710,3.8760,318601556.0000,12.3569
2020/5/27,3.8450,3.8470,3.8300,3.8350,404343113.0000,15.5265
2020/5/28,3.8500,3.8710,3.8460,3.8630,382322800.0000,14.7523
2020/5/29,3.8570,3.8690,3.8540,3.8640,418602612.0000,16.1672
2020/6/1,3.8810,3.9060,3.8810,3.8950,479072109.0000,18.6479
2020/6/2,3.8850,3.8960,3.8830,3.8880,499594675.0000,19.4326
2020/6/3,3.8520,3.8660,3.8480,3.8530,451340148.0000,17.4144
2020/6/4,3.8150,3.8340,3.8130,3.8200,537853718.0000,20.5730
2020/6/5,3.8450,3.8470,3.8130,3.8170,423175661.0000,16.2098
2020/6/8,3.7740,3.7880,3.7710,3.7830,469382502.0000,17.7243
2020/6/9,3.7930,3.7960,3.7780,3.7820,302404190.0000,11.4472
2020/6/10,3.8230,3.8250,3.8180,3.8210,299804900.0000,11.4548
2020/6/11,3.8440,3.8560,3.8410,3.8550,492642290.0000,18.9524
2020/6/12,3.8500,3.8560,3.8410,3.8540,597308803.0000,22.9767
2020/6/15,3.8600,3.8660,3.8330,3.8440,455092000.0000,17.5266
2020/6/16,3.8420,3.8520,3.8290,3.8400,618127823.0000,23.7517
2020/6/17,3.8420,3.8480,3.8370,3.8420,443191028.0000,17.0282
2020/6/18,3.8470,3.8470,3.8340,3.8360,502325771.0000,19.2976
2020/6/19,3.8370,3.8490,3.8370,3.8440,634811235.0000,24.3909
2020/6/22,3.8910,3.9010,3.8850,3.8860,690726506.0000,26.8846
2020/6/23,3.8960,3.8960,3.8770,3.8820,597215211.0000,23.2159
2020/6/24,3.9130,3.9150,3.9040,3.9100,466070203.0000,18.2163
2020/6/29,3.9170,3.9170,3.9070,3.9100,390606688.0000,15.2799
2020/6/30,3.9090,3.9150,3.9060,3.9140,626114822.0000,24.4817
2020/7/1,3.9300,3.9420,3.9260,3.9390,501693330.0000,19.7336
2020/7/2,3.9010,3.9080,3.8980,3.9030,480973576.0000,18.7739
2020/7/3,3.9170,3.9190,3.9070,3.9150,465526388.0000,18.2255
2020/7/6,3.9120,3.9150,3.8980,3.9020,547256840.0000,21.3720
2020/7/7,3.9090,3.9130,3.9040,3.9110,954624685.0000,37.3136
2020/7/8,3.9290,3.9320,3.9250,3.9280,724390201.0000,28.4581
2020/7/9,3.9470,3.9590,3.9450,3.9540,895031855.0000,35.3858
2020/7/10,3.9360,3.9430,3.9240,3.9260,476430241.0000,18.7571
2020/7/13,3.9380,3.9470,3.9370,3.9390,580560314.0000,22.8774
2020/7/14,3.9280,3.9400,3.9280,3.9350,682105301.0000,26.8346
2020/7/15,3.9480,3.9560,3.9390,3.9400,805515660.0000,31.7799
2020/7/16,3.9390,3.9460,3.9260,3.9270,488219614.0000,19.2320
2020/7/17,3.9050,3.9050,3.8920,3.9040,517308606.0000,20.1744
2020/7/20,3.9160,3.9260,3.9160,3.9250,616189371.0000,24.1527
2020/7/21,3.9410,3.9570,3.9330,3.9510,655417603.0000,25.8176
2020/7/22,4.0630,4.0650,4.0300,4.0430,603547593.0000,24.3854
2020/7/23,4.0560,4.0690,4.0510,4.0660,495540313.0000,20.1055
2020/7/24,4.0840,4.1110,4.0830,4.1090,570400997.0000,23.3710
2020/7/27,4.1650,4.2530,4.1620,4.2030,862364052.0000,36.2721
2020/7/28,4.2900,4.2900,4.1670,4.1980,679015008.0000,28.7923
2020/7/29,4.2220,4.2220,4.1990,4.2060,625712417.0000,26.3234
2020/7/30,4.2150,4.2180,4.1570,4.1740,526293874.0000,22.1274
2020/7/31,4.1810,4.2200,4.1720,4.2160,877114195.0000,36.7226
2020/8/3,4.2120,4.2160,4.1980,4.2000,534377030.0000,22.4881
2020/8/4,4.2130,4.2170,4.2010,4.2060,583612001.0000,24.5862
2020/8/5,4.2990,4.3270,4.2740,4.3200,441331375.0000,18.9560
2020/8/6,4.3330,4.3590,4.3290,4.3530,579767957.0000,25.1721
2020/8/7,4.4020,4.4150,4.3150,4.3780,468888752.0000,20.6116
2020/8/10,4.3350,4.3570,4.3340,4.3490,345233954.0000,14.9921
2020/8/11,4.3230,4.3350,4.2340,4.2530,565791572.0000,24.3393
2020/8/12,4.0370,4.0370,3.9580,3.9890,418444850.0000,16.6571
2020/8/13,4.0680,4.0700,4.0400,4.0540,617483540.0000,25.0487
2020/8/14,4.1420,4.1490,4.0750,4.0880,536112482.0000,22.1523
2020/8/17,4.0920,4.1330,4.0860,4.1290,484646848.0000,19.9233
2020/8/18,4.2020,4.2340,4.2020,4.2250,507940165.0000,21.4172
2020/8/19,4.2170,4.2170,4.1730,4.1770,487759444.0000,20.4762
2020/8/20,4.0650,4.1080,4.0480,4.0880,562662206.0000,22.9931
2020/8/21,4.0890,4.1000,4.0730,4.0910,520151352.0000,21.2718
2020/8/24,4.0420,4.0660,4.0400,4.0560,397389412.0000,16.1110
2020/8/25,4.0630,4.0750,4.0550,4.0640,446088891.0000,18.1462
2020/8/26,4.0620,4.0740,4.0550,4.0590,356876696.0000,14.5031
2020/8/27,4.1020,4.1090,4.0960,4.1080,578878757.0000,23.7519
2020/8/28,4.0820,4.1150,4.0810,4.1090,350491241.0000,14.3610
2020/8/31,4.1380,4.1440,4.1190,4.1230,399255081.0000,16.5125
2020/9/1,4.1490,4.1770,4.1490,4.1690,504900595.0000,21.0301
2020/9/2,4.1350,4.1360,4.1200,4.1250,434122222.0000,17.9138
2020/9/3,4.0850,4.1040,4.0450,4.0530,438240654.0000,17.8800
2020/9/4,4.0620,4.0790,4.0530,4.0650,317791904.0000,12.9272
2020/9/7,4.0790,4.0870,4.0560,4.0630,412305606.0000,16.8016
2020/9/8,4.0600,4.0760,4.0500,4.0660,435512602.0000,17.6779
2020/9/9,4.0610,4.0810,4.0580,4.0680,275625175.0000,11.2112
2020/9/10,4.1050,4.1080,4.0910,4.0960,371404045.0000,15.2325
2020/9/11,4.0980,4.1030,4.0710,4.0870,433153117.0000,17.6990
2020/9/14,4.0880,4.0990,4.0840,4.0860,386212419.0000,15.8055
2020/9/15,4.0980,4.1120,4.0920,4.1000,604989299.0000,24.8248
2020/9/16,4.0770,4.0930,4.0750,4.0880,315032866.0000,12.8640
2020/9/17,4.0770,4.0800,4.0500,4.0600,539818128.0000,21.9154
2020/9/18,4.0670,4.0790,4.0640,4.0780,373054342.0000,15.1879
2020/9/21,4.0850,4.0900,4.0750,4.0780,269480157.0000,11.0011
2020/9/22,3.9780,4.0040,3.9670,3.9850,386013831.0000,15.3946
2020/9/23,3.9800,3.9890,3.9110,3.9250,368209971.0000,14.5774
2020/9/24,3.9200,3.9240,3.8690,3.8810,359490052.0000,14.0267
2020/9/25,3.9020,3.9300,3.8970,3.9280,471870023.0000,18.4524
2020/9/28,3.9220,3.9250,3.9140,3.9190,358361500.0000,14.0466
2020/9/29,3.9680,3.9750,3.9500,3.9720,239432818.0000,9.5025
2020/9/30,3.9850,3.9890,3.9660,3.9740,279000199.0000,11.1041
2020/10/9,3.9620,3.9860,3.9590,3.9710,247649712.0000,9.8450
2020/10/12,4.0190,4.0300,4.0130,4.0140,324873753.0000,13.0723
2020/10/13,4.0120,4.0190,3.9950,4.0030,262227794.0000,10.5015
2020/10/14,3.9300,3.9580,3.9270,3.9580,396059016.0000,15.6227
2020/10/15,3.9480,3.9600,3.9380,3.9530,351164952.0000,13.8703
2020/10/16,3.9720,3.9770,3.9620,3.9650,308477427.0000,12.2478
2020/10/19,3.9540,3.9740,3.9440,3.9680,432625159.0000,17.1131
2020/10/20,3.9540,3.9550,3.9380,3.9520,347455216.0000,13.7201
2020/10/21,3.9720,3.9790,3.9630,3.9660,306367137.0000,12.1695
2020/10/22,3.9750,3.9750,3.9560,3.9700,437075940.0000,17.3282
2020/10/23,3.9530,3.9570,3.9470,3.9560,313337378.0000,12.3852
2020/10/26,3.9470,3.9470,3.9260,3.9380,307890792.0000,12.1254
2020/10/27,3.9680,3.9760,3.9660,3.9720,318802122.0000,12.6632
2020/10/28,3.9740,3.9850,3.9690,3.9740,228293418.0000,9.0804
2020/10/29,3.9130,3.9330,3.9100,3.9200,394820038.0000,15.4826
2020/10/30,3.9060,3.9080,3.8850,3.8970,236328450.0000,9.2146
2020/11/2,3.9140,3.9360,3.9140,3.9300,247795993.0000,9.7241
2020/11/3,3.9400,3.9550,3.9390,3.9490,590569338.0000,23.3123
2020/11/4,3.9700,3.9760,3.9550,3.9670,432160074.0000,17.1467
2020/11/5,3.9510,3.9660,3.9500,3.9650,297078914.0000,11.7620
2020/11/6,4.0020,4.0130,3.9900,4.0010,406735532.0000,16.2871
2020/11/9,4.0140,4.0160,3.9870,3.9900,400952687.0000,16.0710
2020/11/10,3.8540,3.8940,3.8500,3.8890,410579874.0000,15.8893
2020/11/11,3.8840,3.8840,3.8660,3.8810,322929484.0000,12.5067
2020/11/12,3.8650,3.8790,3.8620,3.8730,658773788.0000,25.5136
2020/11/13,3.8870,3.8920,3.8860,3.8900,266569483.0000,10.3688
2020/11/16,3.9050,3.9100,3.8850,3.8880,291587167.0000,11.3728
2020/11/17,3.8870,3.8910,3.8760,3.8810,403809896.0000,15.6874
2020/11/18,3.8610,3.8650,3.8490,3.8560,287549900.0000,11.0929
2020/11/19,3.8520,3.8530,3.8280,3.8370,284481811.0000,10.9315
2020/11/20,3.8430,3.8490,3.8370,3.8430,288361800.0000,11.0801
2020/11/23,3.8510,3.8550,3.8410,3.8510,271142677.0000,10.4315
2020/11/24,3.7720,3.7740,3.7460,3.7550,401833337.0000,15.0934
2020/11/25,3.7250,3.7270,3.7050,3.7140,446271594.0000,16.5803
2020/11/26,3.7170,3.7200,3.7040,3.7180,355684435.0000,13.2066
2020/11/27,3.7160,3.7220,3.7110,3.7200,236994013.0000,8.8064
2020/11/30,3.6560,3.6560,3.6040,3.6280,477956085.0000,17.3373
2020/12/1,3.6400,3.6610,3.6380,3.6530,335691763.0000,12.2488
2020/12/2,3.7000,3.7100,3.6950,3.7070,397688813.0000,14.7310
2020/12/3,3.7290,3.7540,3.7220,3.7480,404160395.0000,15.1148
2020/12/4,3.7520,3.7640,3.7430,3.7540,335235694.0000,12.5801
2020/12/7,3.7380,3.7520,3.7360,3.7450,349286903.0000,13.0821
2020/12/8,3.7950,3.8090,3.7900,3.8000,370686406.0000,14.0839
2020/12/9,3.7980,3.8020,3.7710,3.7780,289868366.0000,10.9828
2020/12/10,3.7460,3.7550,3.7380,3.7400,496998867.0000,18.6266
2020/12/11,3.7440,3.7490,3.7310,3.7390,358736369.0000,13.4264
2020/12/14,3.7420,3.7470,3.7340,3.7400,364495800.0000,13.6377
2020/12/15,3.7340,3.7700,3.7310,3.7690,185437051.0000,6.9559
2020/12/16,3.7820,3.8010,3.7780,3.7930,197229992.0000,7.4773
2020/12/17,3.7990,3.8180,3.7970,3.8120,403834402.0000,15.3695
2020/12/18,3.8240,3.8490,3.8240,3.8380,366577123.0000,14.0629
2020/12/21,3.8780,3.8970,3.8710,3.8790,554440000.0000,21.5274
2020/12/22,3.8400,3.8520,3.8200,3.8250,402887720.0000,15.4836
2020/12/23,3.8220,3.8260,3.8110,3.8180,393032137.0000,15.0147
2020/12/24,3.8440,3.8470,3.8300,3.8320,348493494.0000,13.3802
2020/12/25,3.8340,3.8560,3.8330,3.8530,336388657.0000,12.9301
2020/12/28,3.8750,3.8870,3.8270,3.8580,438746440.0000,17.0054
2020/12/29,3.8520,3.8560,3.8340,3.8370,376341212.0000,14.4718
2020/12/30,3.8370,3.8450,3.8280,3.8320,164010200.0000,6.2943
2020/12/31,3.8670,3.8680,3.8380,3.8500,280224200.0000,10.7985
2021/1/4,3.8970,3.9090,3.8940,3.9020,355073116.0000,13.8487
2021/1/5,3.9230,3.9300,3.9140,3.9200,415591092.0000,16.3037
2021/1/6,3.9310,3.9390,3.9220,3.9310,459531490.0000,18.0684
2021/1/7,3.8890,3.9040,3.8750,3.9030,430233824.0000,16.7159
2021/1/8,3.8900,3.8940,3.8760,3.8780,272133204.0000,10.5734
2021/1/11,3.7300,3.7820,3.7150,3.7770,374907646.0000,14.0757
2021/1/12,3.7690,3.8080,3.7670,3.8050,369051344.0000,13.9800
2021/1/13,3.8030,3.8150,3.7900,3.7970,378137598.0000,14.3864
2021/1/14,3.7960,3.7960,3.7520,3.7720,321771322.0000,12.1503
2021/1/15,3.7920,3.7980,3.7750,3.7850,181835403.0000,6.8934
2021/1/18,3.7410,3.7830,3.7390,3.7750,470611086.0000,17.6880
2021/1/19,3.7930,3.7930,3.7720,3.7790,310189034.0000,11.7252
2021/1/20,3.7900,3.7950,3.7800,3.7890,334562054.0000,12.6702
2021/1/21,3.8130,3.8280,3.8100,3.8250,247822500.0000,9.4626
2021/1/22,3.8110,3.8150,3.7980,3.8060,239215760.0000,9.1092
2021/1/25,3.8070,3.8080,3.7850,3.7880,380377573.0000,14.4537
2021/1/26,3.7960,3.8110,3.7920,3.7990,291652400.0000,11.0892
2021/1/27,3.7770,3.7820,3.7620,3.7790,265293791.0000,10.0065
2021/1/28,3.7670,3.7710,3.7590,3.7610,299275133.0000,11.2712
2021/1/29,3.7630,3.7840,3.7630,3.7780,369825954.0000,13.9294
2021/2/1,3.7780,3.8280,3.7700,3.8200,352501600.0000,13.4072
2021/2/2,3.8150,3.8210,3.7860,3.7890,261825405.0000,9.9679
2021/2/3,3.7550,3.7650,3.7450,3.7500,386374796.0000,14.5100
2021/2/4,3.7460,3.7460,3.6990,3.7230,302218564.0000,11.2394
2021/2/5,3.6800,3.6860,3.6730,3.6810,168134520.0000,6.1856
2021/2/8,3.7080,3.7150,3.6980,3.7120,192024600.0000,7.1181
2021/2/9,3.7420,3.7590,3.7410,3.7520,193463184.0000,7.2604
2021/2/10,3.7420,3.7620,3.7380,3.7560,160992713.0000,6.0382
2021/2/18,3.6450,3.6530,3.6360,3.6500,338778500.0000,12.3480
2021/2/19,3.6290,3.6450,3.6160,3.6340,362058354.0000,13.1362
2021/2/22,3.6640,3.6850,3.6540,3.6750,337859541.0000,12.3864
2021/2/23,3.7040,3.7270,3.7040,3.7130,350532338.0000,13.0315
2021/2/24,3.7090,3.7140,3.7000,3.7050,362548122.0000,13.4381
2021/2/25,3.6840,3.6860,3.6640,3.6700,258382272.0000,9.5009
2021/2/26,3.6500,3.6500,3.6060,3.6130,357941231.0000,13.0050
2021/3/1,3.5720,3.6000,3.5710,3.5950,358863084.0000,12.8658
2021/3/2,3.5400,3.5460,3.5030,3.5360,433414811.0000,15.2630
2021/3/3,3.5540,3.5720,3.5450,3.5490,240128932.0000,8.5306
2021/3/4,3.5180,3.5210,3.5040,3.5140,409102756.0000,14.3729
2021/3/5,3.4670,3.4860,3.4630,3.4820,313466415.0000,10.8835
2021/3/8,3.5230,3.5330,3.5170,3.5190,345212756.0000,12.1714
2021/3/9,3.4890,3.5090,3.4810,3.5060,414212000.0000,14.4599
2021/3/10,3.5470,3.5510,3.5330,3.5420,427472785.0000,15.1342
2021/3/11,3.5590,3.5840,3.5570,3.5730,550041800.0000,19.6427
2021/3/12,3.5530,3.5540,3.5200,3.5240,309988242.0000,10.9693
2021/3/15,3.5730,3.5780,3.5540,3.5560,390433971.0000,13.9208
2021/3/16,3.5720,3.5780,3.5620,3.5620,368423423.0000,13.1537
2021/3/17,3.5700,3.5810,3.5700,3.5770,282510337.0000,10.1034
2021/3/18,3.6120,3.6150,3.5990,3.6040,247447136.0000,8.9239
2021/3/19,3.5690,3.5990,3.5650,3.5890,171939400.0000,6.1498
2021/3/22,3.5810,3.5940,3.5660,3.5700,264857017.0000,9.4852
2021/3/23,3.5710,3.5880,3.5700,3.5850,283520118.0000,10.1471
2021/3/24,3.5670,3.5870,3.5670,3.5780,527171217.0000,18.8704
2021/3/25,3.5880,3.6030,3.5840,3.5890,279635018.0000,10.0426
2021/3/26,3.5810,3.5840,3.5670,3.5790,497276168.0000,17.7914
2021/3/29,3.5800,3.5890,3.5760,3.5790,645461516.0000,23.1276
2021/3/30,3.5580,3.5580,3.5350,3.5360,308316000.0000,10.9330
2021/3/31,3.5010,3.5020,3.4800,3.4950,364266332.0000,12.7133
2021/4/1,3.5380,3.5710,3.5380,3.5650,398255531.0000,14.1511
2021/4/2,3.6030,3.6150,3.6010,3.6120,597345644.0000,21.5595
2021/4/6,3.6070,3.6080,3.5890,3.5910,422970881.0000,15.2350
2021/4/7,3.6020,3.6090,3.5950,3.6070,396376516.0000,14.2693
2021/4/8,3.5960,3.6240,3.5950,3.6140,361815448.0000,13.0509
2021/4/9,3.6410,3.6500,3.6270,3.6310,314581000.0000,11.4425
2021/4/12,3.6150,3.6160,3.5970,3.6120,398812464.0000,14.3849
2021/4/13,3.5800,3.5980,3.5740,3.5750,271051252.0000,9.7226
2021/4/14,3.6140,3.6170,3.6030,3.6150,286103675.0000,10.3346
2021/4/15,3.5980,3.6140,3.5880,3.6120,473415942.0000,17.0480
2021/4/16,3.6450,3.6520,3.6400,3.6430,257720225.0000,9.3962
2021/4/19,3.6710,3.6760,3.6660,3.6700,283146500.0000,10.3967
2021/4/20,3.6450,3.6470,3.6300,3.6350,347781926.0000,12.6531
2021/4/21,3.6570,3.6750,3.6570,3.6730,390239100.0000,14.3053
2021/4/22,3.6830,3.6920,3.6690,3.6760,218433400.0000,8.0426
2021/4/23,3.6720,3.6760,3.6630,3.6680,255202900.0000,9.3677
2021/4/26,3.6510,3.6610,3.6440,3.6490,276853971.0000,10.1175
2021/4/27,3.6540,3.6570,3.6410,3.6530,212101790.0000,7.7423
2021/4/28,3.6360,3.6410,3.6270,3.6320,366612595.0000,13.3288
2021/4/29,3.6640,3.6720,3.6400,3.6430,370007824.0000,13.5479
2021/4/30,3.6230,3.6300,3.6110,3.6250,257839200.0000,9.3265
2021/5/6,3.6640,3.6850,3.6620,3.6760,336101714.0000,12.3389
2021/5/7,3.7160,3.7240,3.7080,3.7170,432461648.0000,16.0663
2021/5/10,3.7240,3.7400,3.7200,3.7300,378766578.0000,14.1209
2021/5/11,3.7310,3.7340,3.7240,3.7250,297097438.0000,11.0805
2021/5/12,3.7250,3.7340,3.7130,3.7320,335363200.0000,12.4796
2021/5/13,3.7190,3.7220,3.7070,3.7170,261015000.0000,9.6965
2021/5/14,3.7190,3.7420,3.7120,3.7390,378071694.0000,14.0669
2021/5/17,3.7810,3.7880,3.7720,3.7770,324302379.0000,12.2556
2021/5/18,3.8030,3.8170,3.7990,3.8020,374155082.0000,14.2490
2021/5/19,3.7950,3.8120,3.7890,3.8120,379659785.0000,14.4194
2021/5/20,3.8060,3.8270,3.7940,3.8110,324058190.0000,12.3657
2021/5/21,3.8110,3.8230,3.8060,3.8160,286325966.0000,10.9224
2021/5/24,3.8360,3.8440,3.8260,3.8280,337913234.0000,12.9649
2021/5/25,3.7900,3.8170,3.7900,3.8120,250507065.0000,9.5218
2021/5/26,3.8570,3.8650,3.8420,3.8520,296758743.0000,11.4431
2021/5/27,3.8230,3.8380,3.8210,3.8290,354656398.0000,13.5763
2021/5/28,3.8250,3.8250,3.7980,3.8000,437672154.0000,16.6858
2021/5/31,3.8360,3.8420,3.8260,3.8280,369707189.0000,14.1776
2021/6/1,3.8390,3.8550,3.8380,3.8530,248864500.0000,9.5723
2021/6/2,3.8280,3.8300,3.7810,3.7930,349321578.0000,13.3207
2021/6/3,3.8020,3.8180,3.7660,3.7740,285499585.0000,10.8506
2021/6/4,3.7150,3.7470,3.6740,3.7320,326454400.0000,12.0835
2021/6/7,3.7590,3.7700,3.7540,3.7570,423271163.0000,15.9206
2021/6/8,3.7990,3.8010,3.7710,3.7780,450507301.0000,17.0448
2021/6/9,3.7780,3.7860,3.7710,3.7750,340664756.0000,12.8689
2021/6/10,3.7670,3.7810,3.7580,3.7640,357575600.0000,13.4663
2021/6/11,3.7950,3.8020,3.7920,3.7950,264591163.0000,10.0491
2021/6/15,3.7200,3.7380,3.7050,3.7300,342636707.0000,12.7512
2021/6/16,3.7180,3.7340,3.7100,3.7290,330241282.0000,12.2898
2021/6/17,3.6730,3.6830,3.6550,3.6670,318993292.0000,11.7149
2021/6/18,3.6250,3.6340,3.6220,3.6250,529165861.0000,19.2001
2021/6/21,3.6150,3.6310,3.6040,3.6280,384826269.0000,13.9216
2021/6/22,3.6420,3.6520,3.6310,3.6410,306757942.0000,11.1712
2021/6/23,3.6400,3.6480,3.6370,3.6450,377651386.0000,13.7579
2021/6/24,3.6320,3.6360,3.6250,3.6280,470578352.0000,17.0840
2021/6/25,3.6230,3.6320,3.6210,3.6240,383013696.0000,13.8871
2021/6/28,3.6180,3.6390,3.6090,3.6290,357891027.0000,12.9637
2021/6/29,3.6190,3.6250,3.6140,3.6160,256189743.0000,9.2703
2021/6/30,3.5960,3.5960,3.5790,3.5840,349326516.0000,12.5324
2021/7/1,3.6100,3.6350,3.6080,3.6290,228466671.0000,8.2792
2021/7/2,3.6400,3.6400,3.6310,3.6320,294637663.0000,10.7114
2021/7/5,3.6510,3.6540,3.6350,3.6450,337826560.0000,12.3107
2021/7/6,3.6510,3.6790,3.6510,3.6790,624889859.0000,22.8981
2021/7/7,3.6760,3.6800,3.6650,3.6760,616985605.0000,22.6585
2021/7/8,3.6800,3.6800,3.6640,3.6700,574165600.0000,21.0691
2021/7/9,3.6840,3.6960,3.6740,3.6800,431140598.0000,15.8972
2021/7/12,3.6910,3.6930,3.6690,3.6740,302899521.0000,11.1451
2021/7/13,3.6840,3.6940,3.6790,3.6890,522369050.0000,19.2695
2021/7/14,3.6830,3.7000,3.6830,3.6920,475923831.0000,17.5833
2021/7/15,3.7150,3.7230,3.7100,3.7210,357052302.0000,13.2684
2021/7/16,3.7200,3.7240,3.7080,3.7110,403966588.0000,15.0167
2021/7/19,3.7000,3.7020,3.6770,3.6790,364769925.0000,13.4718
2021/7/20,3.7050,3.7140,3.7050,3.7090,428268087.0000,15.8879
2021/7/21,3.6850,3.6960,3.6790,3.6950,369242681.0000,13.6122
2021/7/22,3.6670,3.6700,3.6600,3.6670,396398066.0000,14.5298
2021/7/23,3.6750,3.6860,3.6720,3.6840,325754067.0000,11.9817
2021/7/26,3.6810,3.6970,3.6810,3.6930,355305952.0000,13.1121
2021/7/27,3.6750,3.6750,3.6570,3.6620,303668681.0000,11.1277
2021/7/28,3.6950,3.7070,3.6930,3.6980,451570685.0000,16.7130
2021/7/29,3.7140,3.7160,3.7020,3.7080,221173600.0000,8.2015
2021/7/30,3.7210,3.7300,3.7110,3.7200,416687677.0000,15.4995
2021/8/2,3.6850,3.6890,3.6760,3.6800,382018000.0000,14.0734
2021/8/3,3.6820,3.6930,3.6780,3.6810,301014702.0000,11.0955
2021/8/4,3.6820,3.6970,3.6820,3.6890,514598757.0000,18.9952
2021/8/5,3.6890,3.6910,3.6820,3.6850,412889469.0000,15.2217
2021/8/6,3.6660,3.6690,3.6610,3.6630,438159591.0000,16.0606
2021/8/9,3.5550,3.5730,3.5440,3.5680,485830452.0000,17.2950
2021/8/10,3.5570,3.5570,3.5450,3.5520,627482922.0000,22.2832
2021/8/11,3.5420,3.5540,3.5410,3.5480,331284592.0000,11.7509
2021/8/12,3.5750,3.5860,3.5710,3.5800,480300264.0000,17.1796
2021/8/13,3.5890,3.5950,3.5840,3.5910,401721377.0000,14.4168
2021/8/16,3.6350,3.6380,3.6200,3.6210,538369542.0000,19.5377
2021/8/17,3.6450,3.6620,3.6410,3.6580,453896333.0000,16.5593
2021/8/18,3.6580,3.6630,3.6530,3.6600,565197400.0000,20.6751
2021/8/19,3.6530,3.6530,3.6300,3.6480,491820573.0000,17.9104
2021/8/20,3.6520,3.6620,3.6490,3.6590,758849289.0000,27.7416
2021/8/23,3.6360,3.6600,3.6300,3.6520,448739993.0000,16.3868
2021/8/24,3.6770,3.6870,3.6760,3.6790,452878635.0000,16.6691
2021/8/25,3.6720,3.6720,3.6570,3.6580,348770481.0000,12.7727
2021/8/26,3.6560,3.6560,3.6440,3.6450,674767266.0000,24.6340
2021/8/27,3.6650,3.6880,3.6640,3.6820,476584828.0000,17.5183
2021/8/30,3.7060,3.7090,3.6890,3.6910,622631875.0000,23.0247
2021/8/31,3.6890,3.6970,3.6870,3.6900,470790354.0000,17.3778
2021/9/1,3.6900,3.6930,3.6800,3.6900,398621636.0000,14.6953
2021/9/2,3.6890,3.6910,3.6810,3.6870,305116642.0000,11.2470
2021/9/3,3.6790,3.6920,3.6760,3.6870,366860242.0000,13.5191
2021/9/6,3.7100,3.7150,3.7070,3.7080,348771430.0000,12.9442
2021/9/7,3.7110,3.7130,3.6890,3.6960,292054000.0000,10.8106
2021/9/8,3.6590,3.6680,3.6500,3.6530,438335601.0000,16.0347
2021/9/9,3.6380,3.6420,3.6340,3.6390,202617359.0000,7.3711
2021/9/10,3.6470,3.6620,3.6470,3.6600,291173448.0000,10.6429
2021/9/13,3.6400,3.6490,3.6310,3.6420,319974725.0000,11.6505
2021/9/14,3.6410,3.6490,3.6410,3.6460,200556365.0000,7.3114
2021/9/15,3.6640,3.6700,3.6580,3.6590,235085282.0000,8.6182
2021/9/16,3.6390,3.6470,3.6210,3.6280,267860074.0000,9.7433
2021/9/17,3.5960,3.5960,3.5780,3.5920,296645465.0000,10.6320
2021/9/22,3.6320,3.6420,3.6310,3.6400,232183092.0000,8.4463
2021/9/23,3.6120,3.6130,3.6010,3.6050,386433859.0000,13.9392
2021/9/24,3.5780,3.5880,3.5730,3.5860,186153013.0000,6.6650
2021/9/27,3.5900,3.6020,3.5900,3.5900,290208200.0000,10.4375
2021/9/28,3.5800,3.5850,3.5590,3.5620,201780000.0000,7.2186
2021/9/29,3.5550,3.5620,3.5510,3.5570,187317800.0000,6.6640
2021/9/30,3.5500,3.5560,3.5420,3.5430,180952788.0000,6.4236
2021/10/8,3.5800,3.5910,3.5800,3.5870,222845935.0000,7.9939
2021/10/11,3.5870,3.5890,3.5700,3.5730,208413749.0000,7.4634
2021/10/12,3.5800,3.5960,3.5800,3.5910,174994830.0000,6.2802
2021/10/13,3.5910,3.5940,3.5830,3.5900,207587845.0000,7.4494
2021/10/14,3.6330,3.6410,3.6280,3.6360,324385204.0000,11.7932
2021/10/15,3.6410,3.6450,3.6260,3.6290,180424224.0000,6.5619
2021/10/18,3.5910,3.5960,3.5740,3.5800,280941978.0000,10.0785
2021/10/19,3.5840,3.5940,3.5810,3.5940,150282621.0000,5.3908
2021/10/20,3.5740,3.5850,3.5700,3.5840,221836965.0000,7.9349
2021/10/21,3.5960,3.6070,3.5960,3.6010,236326000.0000,8.5126
2021/10/22,3.6010,3.6170,3.5990,3.6150,252511743.0000,9.1026
2021/10/25,3.6060,3.6160,3.6030,3.6060,348142968.0000,12.5677
2021/10/26,3.6300,3.6300,3.6180,3.6210,279358080.0000,10.1178
2021/10/27,3.5960,3.5960,3.5800,3.5940,256299411.0000,9.1953
2021/10/28,3.6100,3.6310,3.6090,3.6290,287315374.0000,10.4072
2021/10/29,3.6230,3.6230,3.6080,3.6090,319884037.0000,11.5606
2021/11/1,3.5940,3.6040,3.5920,3.5940,238186300.0000,8.5736
2021/11/2,3.6050,3.6230,3.6050,3.6170,322180530.0000,11.6453
2021/11/3,3.6000,3.6020,3.5860,3.5890,304279399.0000,10.9265
2021/11/4,3.5810,3.5860,3.5710,3.5750,225887788.0000,8.0865
2021/11/5,3.6160,3.6260,3.6160,3.6240,319276410.0000,11.5598
2021/11/8,3.6730,3.6730,3.6560,3.6600,252680500.0000,9.2658
2021/11/9,3.6750,3.6760,3.6620,3.6710,345259700.0000,12.6662
2021/11/10,3.6750,3.6790,3.6630,3.6690,242781200.0000,8.9189
2021/11/11,3.7160,3.7320,3.7070,3.7210,313311834.0000,11.6552
2021/11/12,3.7300,3.7320,3.7200,3.7220,288738000.0000,10.7563
2021/11/15,3.7290,3.7300,3.7090,3.7160,228239200.0000,8.4851
2021/11/16,3.7340,3.7410,3.7290,3.7320,287212418.0000,10.7241
2021/11/17,3.7170,3.7230,3.7110,3.7200,312973560.0000,11.6328
2021/11/18,3.7400,3.7450,3.7350,3.7350,327373170.0000,12.2464
2021/11/19,3.7340,3.7390,3.7270,3.7300,235021800.0000,8.7780
2021/11/22,3.7060,3.7110,3.6940,3.6960,387565600.0000,14.3668
2021/11/23,3.6510,3.6510,3.6300,3.6320,407412765.0000,14.8234
2021/11/24,3.6150,3.6210,3.6060,3.6130,367865200.0000,13.2895
2021/11/25,3.6140,3.6160,3.6090,3.6110,334510349.0000,12.0814
2021/11/26,3.6130,3.6310,3.6100,3.6280,354089769.0000,12.8034
2021/11/29,3.6180,3.6200,3.6100,3.6140,322855800.0000,11.6698
2021/11/30,3.5920,3.6080,3.5860,3.6050,329909366.0000,11.8656
2021/12/1,3.5720,3.5990,3.5640,3.5910,405705090.0000,14.5113
2021/12/2,3.5820,3.5820,3.5690,3.5750,352135700.0000,12.5922
2021/12/3,3.5620,3.5730,3.5600,3.5660,249891900.0000,8.9127
2021/12/6,3.5860,3.5960,3.5850,3.5920,236670237.0000,8.4985
2021/12/7,3.5830,3.5850,3.5790,3.5840,274841600.0000,9.8439
2021/12/8,3.5870,3.5950,3.5870,3.5890,186472000.0000,6.6957
2021/12/9,3.5780,3.5800,3.5710,3.5750,226660374.0000,8.1043
2021/12/10,3.5810,3.5840,3.5600,3.5650,272778000.0000,9.7500
2021/12/13,3.5860,3.5930,3.5820,3.5850,273775618.0000,9.8225
2021/12/14,3.5920,3.5930,3.5860,3.5880,304986698.0000,10.9464
2021/12/15,3.5620,3.5630,3.5500,3.5520,239983515.0000,8.5369
2021/12/16,3.5730,3.5850,3.5730,3.5840,202661097.0000,7.2575
2021/12/17,3.6150,3.6320,3.6140,3.6290,298570583.0000,10.8166
2021/12/20,3.6230,3.6270,3.6190,3.6240,266726000.0000,9.6653
2021/12/21,3.6020,3.6050,3.5950,3.5990,226390000.0000,8.1544
2021/12/22,3.5960,3.5990,3.5900,3.5910,176221517.0000,6.3353
2021/12/23,3.6200,3.6320,3.6200,3.6270,192107941.0000,6.9692
2021/12/24,3.6360,3.6400,3.6290,3.6330,192910057.0000,7.0100
2021/12/27,3.6360,3.6360,3.6280,3.6300,177521800.0000,6.4496
2021/12/28,3.6300,3.6420,3.6280,3.6420,161402347.0000,5.8643
2021/12/29,3.6190,3.6290,3.6180,3.6250,178113536.0000,6.4574
2021/12/30,3.6180,3.6210,3.6040,3.6060,354473601.0000,12.8146
2021/12/31,3.6470,3.6480,3.6390,3.6430,275290087.0000,10.0312
2022/1/4,3.6180,3.6230,3.6150,3.6200,163067624.0000,5.9022
2022/1/5,3.6320,3.6430,3.6320,3.6350,143567100.0000,5.2248
2022/1/6,3.6270,3.6310,3.6070,3.6140,162047300.0000,5.8718
2022/1/7,3.5980,3.6010,3.5900,3.5920,120621369.0000,4.3388
2022/1/10,3.6000,3.6070,3.5990,3.5990,139284806.0000,5.0191
2022/1/11,3.6260,3.6330,3.6230,3.6290,124147668.0000,4.5035
2022/1/12,3.6490,3.6500,3.6440,3.6460,122301095.0000,4.4593
2022/1/13,3.6510,3.6580,3.6490,3.6540,133997100.0000,4.8952
2022/1/14,3.6470,3.6560,3.6460,3.6500,98995393.0000,3.6150
2022/1/17,3.6350,3.6360,3.6260,3.6350,149243782.0000,5.4216
2022/1/18,3.6410,3.6410,3.6250,3.6290,133472909.0000,4.8480
2022/1/19,3.6270,3.6280,3.6200,3.6250,162965165.0000,5.9082
2022/1/20,3.6780,3.6820,3.6680,3.6740,177327441.0000,6.5158
2022/1/21,3.6690,3.6770,3.6670,3.6720,194282853.0000,7.1340
2022/1/24,3.6600,3.6650,3.6550,3.6620,217755431.0000,7.9702
2022/1/25,3.6690,3.6740,3.6660,3.6710,204852336.0000,7.5170
2022/1/26,3.6750,3.6800,3.6740,3.6740,131895068.0000,4.8503
2022/1/27,3.6220,3.6240,3.6040,3.6060,165263262.0000,5.9767
2022/1/28,3.5920,3.5960,3.5910,3.5940,98904200.0000,3.5540
2022/2/7,3.6200,3.6230,3.6120,3.6200,116637200.0000,4.2201
2022/2/8,3.6390,3.6480,3.6370,3.6410,161988818.0000,5.9000
2022/2/9,3.6530,3.6590,3.6520,3.6580,151799340.0000,5.5487
2022/2/10,3.6680,3.6700,3.6640,3.6650,83670000.0000,3.0683
2022/2/11,3.6540,3.6540,3.6420,3.6450,168617110.0000,6.1515
2022/2/14,3.7140,3.7180,3.7010,3.7050,185670281.0000,6.8885
2022/2/15,3.7300,3.7460,3.7300,3.7420,232302618.0000,8.6867
2022/2/16,3.6940,3.6940,3.6820,3.6920,225182464.0000,8.3041
2022/2/17,3.7120,3.7320,3.7120,3.7260,285144387.0000,10.6098
2022/2/18,3.7710,3.7710,3.7520,3.7600,245070028.0000,9.2125
2022/2/21,3.7630,3.7680,3.7520,3.7540,215087201.0000,8.0875
2022/2/22,3.7920,3.8050,3.7890,3.8010,241422601.0000,9.1686
2022/2/23,3.7830,3.7830,3.7670,3.7720,298416867.0000,11.2585
2022/2/24,3.7950,3.8660,3.7940,3.8530,364223522.0000,13.9490
2022/2/25,3.8000,3.8090,3.7660,3.8070,234336700.0000,8.8960
2022/2/28,3.7980,3.8000,3.7830,3.7870,159146600.0000,6.0340
2022/3/1,3.7770,3.7880,3.7710,3.7860,232114964.0000,8.7701
2022/3/2,3.8260,3.8450,3.8250,3.8370,320705582.0000,12.2983
2022/3/3,3.8300,3.8310,3.8170,3.8270,314608408.0000,12.0361
2022/3/4,3.8500,3.8530,3.8320,3.8410,283183031.0000,10.8892
2022/3/7,3.9370,3.9560,3.9130,3.9260,341822364.0000,13.4665
2022/3/8,3.9270,4.0190,3.9170,4.0150,386479669.0000,15.2431
2022/3/9,4.0460,4.0770,4.0360,4.0610,367258560.0000,14.9047
2022/3/10,3.8900,3.9410,3.8900,3.9310,314022700.0000,12.3071
2022/3/11,3.9450,3.9610,3.9280,3.9370,181779899.0000,7.1737
2022/3/14,3.9210,3.9320,3.9130,3.9170,188426317.0000,7.3934
2022/3/15,3.8780,3.8780,3.8220,3.8320,256618024.0000,9.8890
2022/3/16,3.8240,3.8250,3.7920,3.7960,297481656.0000,11.3349
2022/3/17,3.8300,3.8500,3.8290,3.8450,211411177.0000,8.1228
2022/3/18,3.8600,3.8660,3.8420,3.8510,116514355.0000,4.4880
2022/3/21,3.8390,3.8520,3.8340,3.8410,171004224.0000,6.5749
2022/3/22,3.8540,3.8740,3.8520,3.8660,223265700.0000,8.6301
2022/3/23,3.8410,3.8500,3.8320,3.8350,374845795.0000,14.4005
2022/3/24,3.8850,3.8890,3.8760,3.8800,180855959.0000,7.0231
2022/3/25,3.9120,3.9190,3.9020,3.9070,235874900.0000,9.2245
2022/3/28,3.9060,3.9070,3.8680,3.8720,237784601.0000,9.2365
2022/3/29,3.8600,3.8600,3.8440,3.8490,249956995.0000,9.6286
2022/3/30,3.8400,3.8460,3.8350,3.8390,193177200.0000,7.4206
2022/3/31,3.8430,3.8430,3.8180,3.8330,176016491.0000,6.7499
2022/4/1,3.8500,3.8630,3.8500,3.8530,163585500.0000,6.3097
2022/4/6,3.8420,3.8500,3.8340,3.8360,166225673.0000,6.3863
2022/4/7,3.8380,3.8460,3.8340,3.8430,168092015.0000,6.4542
2022/4/8,3.8580,3.8610,3.8480,3.8520,173932900.0000,6.7066
2022/4/11,3.8850,3.8920,3.8800,3.8860,196275443.0000,7.6272
2022/4/12,3.9010,3.9150,3.9000,3.9080,219834179.0000,8.5933
2022/4/13,3.9140,3.9310,3.9140,3.9260,184344400.0000,7.2350
2022/4/14,3.9400,3.9440,3.9270,3.9310,175901500.0000,6.9245
2022/4/15,3.9380,3.9490,3.9380,3.9440,151036270.0000,5.9574
2022/4/18,3.9630,3.9690,3.9550,3.9670,137961700.0000,5.4645
2022/4/19,3.9390,3.9450,3.9320,3.9360,104123756.0000,4.1014
2022/4/20,3.8970,3.9010,3.8800,3.8860,173160114.0000,6.7402
2022/4/21,3.9210,3.9390,3.9180,3.9370,173564458.0000,6.8194
2022/4/22,3.9410,3.9540,3.9390,3.9510,253770904.0000,10.0097
2022/4/25,3.9240,3.9410,3.9140,3.9240,371125820.0000,14.5721
2022/4/26,3.8960,3.9000,3.8770,3.8900,254565055.0000,9.9022
2022/4/27,3.8990,3.9020,3.8890,3.8920,330541345.0000,12.8768
2022/4/28,3.8710,3.8910,3.8640,3.8900,280239957.0000,10.8527
2022/4/29,3.9370,3.9550,3.9300,3.9420,239995300.0000,9.4698
2022/5/5,3.9260,3.9350,3.9210,3.9290,192314400.0000,7.5565
2022/5/6,3.9000,3.9270,3.8980,3.9220,210059170.0000,8.2334
2022/5/9,3.9420,3.9450,3.9370,3.9390,158490851.0000,6.2445
2022/5/10,3.9190,3.9240,3.9080,3.9100,179023279.0000,7.0071
2022/5/11,3.8730,3.8930,3.8690,3.8900,201552355.0000,7.8193
2022/5/12,3.9190,3.9340,3.9190,3.9280,186890046.0000,7.3370
2022/5/13,3.8860,3.8960,3.8810,3.8880,184164500.0000,7.1640
2022/5/16,3.8770,3.8800,3.8450,3.8510,200348259.0000,7.7280
2022/5/17,3.8720,3.8820,3.8680,3.8770,210931100.0000,8.1772
2022/5/18,3.8410,3.8440,3.8340,3.8360,191304042.0000,7.3432
2022/5/19,3.8520,3.8580,3.8490,3.8500,158353426.0000,6.1014
2022/5/20,3.8700,3.8800,3.8700,3.8720,181047035.0000,7.0138
2022/5/23,3.8750,3.8910,3.8720,3.8750,161297529.0000,6.2627
2022/5/24,3.8720,3.8850,3.8690,3.8820,155689985.0000,6.0330
2022/5/25,3.8920,3.8970,3.8860,3.8870,119309785.0000,4.6441
2022/5/26,3.8880,3.9020,3.8880,3.9010,129415167.0000,5.0429
2022/5/27,3.9130,3.9180,3.9100,3.9170,174719930.0000,6.8388
2022/5/30,3.8930,3.8930,3.8840,3.8850,218520508.0000,8.4934
2022/5/31,3.8730,3.8770,3.8670,3.8770,135881276.0000,5.2630
2022/6/1,3.8460,3.8570,3.8460,3.8520,118963872.0000,4.5822
2022/6/2,3.8760,3.8840,3.8730,3.8770,134781800.0000,5.2272
2022/6/6,3.8670,3.8750,3.8630,3.8690,117723937.0000,4.5562
2022/6/7,3.8500,3.8560,3.8480,3.8540,150508515.0000,5.7992
2022/6/8,3.8700,3.8740,3.8680,3.8720,128456178.0000,4.9718
2022/6/9,3.8910,3.8950,3.8770,3.8810,180125354.0000,6.9986
2022/6/10,3.8700,3.8790,3.8630,3.8650,188874357.0000,7.3108
2022/6/13,3.9400,3.9420,3.9240,3.9260,317274961.0000,12.4680
2022/6/14,3.8650,3.8660,3.8500,3.8550,255850200.0000,9.8693
2022/6/15,3.8320,3.8380,3.8270,3.8340,430053450.0000,16.4794
2022/6/16,3.8430,3.8510,3.8410,3.8460,191517374.0000,7.3653
2022/6/17,3.8690,3.8770,3.8680,3.8740,189496605.0000,7.3375
2022/6/20,3.8680,3.8690,3.8560,3.8580,183926034.0000,7.1029
2022/6/21,3.8590,3.8600,3.8500,3.8520,168699872.0000,6.5069
2022/6/22,3.8470,3.8530,3.8450,3.8490,161128219.0000,6.2025
2022/6/23,3.8590,3.8610,3.8510,3.8540,135935758.0000,5.2413
2022/6/24,3.8220,3.8340,3.8210,3.8270,171397556.0000,6.5636
2022/6/27,3.8420,3.8540,3.8410,3.8530,145101544.0000,5.5867
2022/6/28,3.8350,3.8380,3.8300,3.8320,238235279.0000,9.1347
2022/6/29,3.8300,3.8350,3.8200,3.8210,244846020.0000,9.3730
2022/6/30,3.8270,3.8280,3.8130,3.8180,152217148.0000,5.8132
2022/7/1,3.7980,3.7990,3.7790,3.7840,264339488.0000,10.0200
2022/7/4,3.7940,3.8100,3.7930,3.8010,179216799.0000,6.8098
2022/7/5,3.7990,3.8020,3.7950,3.7970,157148116.0000,5.9700
2022/7/6,3.7330,3.7330,3.7140,3.7250,179720845.0000,6.6936
2022/7/7,3.6800,3.6800,3.6630,3.6760,216459815.0000,7.9480
2022/7/8,3.6700,3.6720,3.6630,3.6690,293402592.0000,10.7587
2022/7/11,3.6650,3.6720,3.6620,3.6690,124299200.0000,4.5595
2022/7/12,3.6540,3.6920,3.6530,3.6680,193139600.0000,7.0804
2022/7/13,3.6540,3.6600,3.6420,3.6460,213841300.0000,7.8065
2022/7/14,3.6590,3.6630,3.6460,3.6470,164249600.0000,6.0057
2022/7/15,3.6350,3.6390,3.6150,3.6220,184145736.0000,6.6871
2022/7/18,3.6360,3.6410,3.6310,3.6350,192858639.0000,7.0144
2022/7/19,3.6230,3.6310,3.6190,3.6270,160233113.0000,5.8098
2022/7/20,3.6280,3.6370,3.6260,3.6280,131900600.0000,4.7894
2022/7/21,3.6050,3.6070,3.5960,3.5990,214374500.0000,7.7239
2022/7/22,3.6470,3.6520,3.6420,3.6500,133138540.0000,4.8557
2022/7/25,3.6560,3.6680,3.6540,3.6630,144963879.0000,5.3084
2022/7/26,3.6630,3.6700,3.6600,3.6680,138564444.0000,5.0771
2022/7/27,3.6600,3.6620,3.6540,3.6590,136957100.0000,5.0107
2022/7/28,3.6910,3.6980,3.6790,3.6970,253315800.0000,9.3419
2022/7/29,3.7240,3.7530,3.7210,3.7490,191201798.0000,7.1420
2022/8/1,3.7470,3.7520,3.7360,3.7430,203393000.0000,7.6137
2022/8/2,3.7900,3.7910,3.7690,3.7730,315722387.0000,11.9280
2022/8/3,3.7410,3.7600,3.7330,3.7590,226160220.0000,8.4749
2022/8/4,3.7520,3.7680,3.7500,3.7600,210209880.0000,7.8978
2022/8/5,3.7890,3.7940,3.7850,3.7900,158538600.0000,6.0078
2022/8/8,3.7610,3.7720,3.7610,3.7690,137713029.0000,5.1882
2022/8/9,3.7860,3.7920,3.7840,3.7860,107716691.0000,4.0806
2022/8/10,3.7970,3.8080,3.7930,3.7940,143863637.0000,5.4675
2022/8/11,3.7840,3.7860,3.7720,3.7770,146216385.0000,5.5261
2022/8/12,3.7830,3.7960,3.7820,3.7950,104551489.0000,3.9597
2022/8/15,3.8060,3.8120,3.7980,3.7990,296205400.0000,11.2763
2022/8/16,3.7890,3.7970,3.7860,3.7960,268964600.0000,10.2057
2022/8/17,3.7830,3.7900,3.7780,3.7790,250923400.0000,9.4952
2022/8/18,3.7620,3.7670,3.7590,3.7610,109743800.0000,4.1289
2022/8/19,3.7560,3.7620,3.7530,3.7610,126242000.0000,4.7448
2022/8/22,3.7530,3.7570,3.7500,3.7530,98478600.0000,3.6970
2022/8/23,3.7600,3.7680,3.7570,3.7630,91785923.0000,3.4524
2022/8/24,3.7740,3.8010,3.7730,3.7870,144976819.0000,5.4801
2022/8/25,3.7950,3.8000,3.7930,3.7970,160622257.0000,6.0970
2022/8/26,3.7950,3.8010,3.7870,3.7980,176740800.0000,6.7013
2022/8/29,3.7550,3.7700,3.7550,3.7670,156036900.0000,5.8758
2022/8/30,3.7840,3.7950,3.7820,3.7830,143143600.0000,5.4232
2022/8/31,3.7690,3.7690,3.7570,3.7580,142313800.0000,5.3541
2022/9/1,3.7370,3.7390,3.7240,3.7300,162315708.0000,6.0566
2022/9/2,3.7200,3.7290,3.7170,3.7260,179225700.0000,6.6701
2022/9/5,3.7500,3.7700,3.7490,3.7650,188072400.0000,7.0705
2022/9/6,3.7760,3.7860,3.7710,3.7840,154942000.0000,5.8544
2022/9/7,3.7540,3.7650,3.7510,3.7590,210965700.0000,7.9272
2022/9/8,3.7860,3.7920,3.7820,3.7900,313698400.0000,11.8802
2022/9/9,3.7800,3.7860,3.7770,3.7850,262640300.0000,9.9343
2022/9/13,3.7820,3.7920,3.7810,3.7870,260943300.0000,9.8754
2022/9/14,3.7660,3.7670,3.7570,3.7600,279238622.0000,10.5029
2022/9/15,3.7520,3.7570,3.7420,3.7440,216886714.0000,8.1355
2022/9/16,3.7280,3.7380,3.7260,3.7280,252720700.0000,9.4307
2022/9/19,3.7380,3.7480,3.7360,3.7410,213258455.0000,7.9772
2022/9/20,3.7590,3.7620,3.7500,3.7540,229400100.0000,8.6129
2022/9/21,3.7500,3.7660,3.7450,3.7590,204123300.0000,7.6584
2022/9/22,3.7520,3.7570,3.7500,3.7530,198953800.0000,7.4658
2022/9/23,3.7690,3.7740,3.7670,3.7700,234852951.0000,8.8533
2022/9/26,3.7380,3.7430,3.7290,3.7360,222395000.0000,8.3100
2022/9/27,3.7320,3.7460,3.7300,3.7460,167062700.0000,6.2467
2022/9/28,3.7430,3.7570,3.7430,3.7510,227618900.0000,8.5429
2022/9/29,3.7790,3.7850,3.7650,3.7800,250453800.0000,9.4639
2022/9/30,3.7810,3.7860,3.7750,3.7830,217834700.0000,8.2369
2022/10/10,3.8330,3.8360,3.8080,3.8100,237453900.0000,9.0773
2022/10/11,3.8040,3.8090,3.8010,3.8020,272012233.0000,10.3500
2022/10/12,3.8020,3.8120,3.7980,3.8120,202373100.0000,7.7011
2022/10/13,3.8140,3.8180,3.8130,3.8170,178266200.0000,6.8021
2022/10/14,3.8040,3.8160,3.8000,3.8130,230425800.0000,8.7751
2022/10/17,3.8000,3.8010,3.7890,3.7920,183920500.0000,6.9792
2022/10/18,3.7960,3.8120,3.7950,3.8020,212317500.0000,8.0716
2022/10/19,3.7990,3.8050,3.7910,3.7930,242993100.0000,9.2364
2022/10/20,3.7750,3.7870,3.7730,3.7750,292783100.0000,11.0629
2022/10/21,3.7790,3.7840,3.7660,3.7710,271264900.0000,10.2393
2022/10/24,3.8150,3.8230,3.8120,3.8200,267713153.0000,10.2212
2022/10/25,3.8320,3.8340,3.8270,3.8270,281999400.0000,10.8007
2022/10/26,3.8270,3.8310,3.8230,3.8240,314225900.0000,12.0277
2022/10/27,3.8140,3.8220,3.8090,3.8170,452084600.0000,17.2478
2022/10/28,3.8220,3.8290,3.8180,3.8200,534903075.0000,20.4605
2022/10/31,3.8070,3.8090,3.7970,3.8070,340200400.0000,12.9406
2022/11/1,3.8080,3.8140,3.8000,3.8100,361284000.0000,13.7614
2022/11/2,3.8160,3.8310,3.8160,3.8170,397623402.0000,15.1857
2022/11/3,3.8070,3.8120,3.8050,3.8050,393613900.0000,14.9887
2022/11/4,3.8050,3.8100,3.8010,3.8040,359202400.0000,13.6689
2022/11/7,3.8340,3.8380,3.8260,3.8320,449914000.0000,17.2371
2022/11/8,3.8340,3.8460,3.8320,3.8390,463157600.0000,17.7946
2022/11/9,3.9030,3.9850,3.9030,3.9450,417575081.0000,16.3716
2022/11/10,3.9370,3.9370,3.9180,3.9250,391211700.0000,15.3628
2022/11/11,3.9770,3.9810,3.9500,3.9520,391296300.0000,15.5339
2022/11/14,3.9480,3.9480,3.9120,3.9130,345901701.0000,13.5882
2022/11/15,3.9270,3.9400,3.9270,3.9330,316056800.0000,12.4378
2022/11/16,3.9440,3.9590,3.9440,3.9540,366183700.0000,14.4705
2022/11/17,3.9540,3.9650,3.9500,3.9580,308224800.0000,12.1959
2022/11/18,3.9530,3.9640,3.9490,3.9520,333308600.0000,13.1854
2022/11/21,3.9290,3.9370,3.9210,3.9360,323931300.0000,12.7401
2022/11/22,3.9360,3.9400,3.9280,3.9320,313508900.0000,12.3295
2022/11/23,3.9300,3.9330,3.9270,3.9320,280276300.0000,11.0165
2022/11/24,3.9550,3.9580,3.9470,3.9470,365339600.0000,14.4418
2022/11/25,3.9600,3.9660,3.9550,3.9590,301636100.0000,11.9500
2022/11/28,3.9740,3.9770,3.9580,3.9620,247936603.0000,9.8307
2022/11/29,3.9500,3.9590,3.9460,3.9510,286795300.0000,11.3360
2022/11/30,3.9450,3.9470,3.9380,3.9440,333646100.0000,13.1555
2022/12/1,3.9450,3.9580,3.9390,3.9560,281014100.0000,11.0920
2022/12/2,3.9760,3.9820,3.9720,3.9790,246374800.0000,9.7996
2022/12/5,3.9680,3.9690,3.9380,3.9400,230605100.0000,9.1160
2022/12/6,3.9050,3.9060,3.8940,3.8980,310295605.0000,12.1025
2022/12/7,3.9000,3.9020,3.8940,3.8980,170425000.0000,6.6439
2022/12/8,3.9070,3.9130,3.9040,3.9100,224801500.0000,8.7877
2022/12/9,3.9180,3.9310,3.9170,3.9240,152279825.0000,5.9751
2022/12/12,3.9330,3.9340,3.9180,3.9210,167930700.0000,6.5932
2022/12/13,3.9190,3.9250,3.9170,3.9240,136218500.0000,5.3414
2022/12/14,3.9650,3.9680,3.9560,3.9630,268257634.0000,10.6262
2022/12/15,3.9430,3.9480,3.9260,3.9330,160851000.0000,6.3238
2022/12/16,3.9100,3.9170,3.9040,3.9150,135351900.0000,5.2912
2022/12/19,3.9330,3.9500,3.9320,3.9420,136708100.0000,5.3897
2022/12/20,3.9360,3.9460,3.9300,3.9430,181134400.0000,7.1317
2022/12/21,3.9910,3.9910,3.9730,3.9810,168582800.0000,6.7119
2022/12/22,3.9870,3.9920,3.9780,3.9810,148590600.0000,5.9230
2022/12/23,3.9520,3.9570,3.9420,3.9480,185656000.0000,7.3290
2022/12/26,3.9500,3.9570,3.9500,3.9530,243020300.0000,9.6035
2022/12/27,3.9510,3.9640,3.9450,3.9630,173666300.0000,6.8671
2022/12/28,3.9780,3.9850,3.9640,3.9660,156525000.0000,6.2215
2022/12/29,3.9700,3.9740,3.9600,3.9600,123708477.0000,4.9094
2022/12/30,3.9700,3.9870,3.9700,3.9860,135712938.0000,5.3995
2023/1/3,3.9830,3.9870,3.9720,3.9870,155397400.0000,6.1872
2023/1/4,4.0000,4.0060,3.9980,4.0020,164148900.0000,6.5697
2023/1/5,4.0160,4.0240,3.9990,4.0010,203236600.0000,8.1571
2023/1/6,3.9700,3.9780,3.9690,3.9720,177023500.0000,7.0342
2023/1/9,4.0160,4.0220,4.0140,4.0150,214612250.0000,8.6227
2023/1/10,4.0030,4.0150,4.0030,4.0130,161860700.0000,6.4886
2023/1/11,4.0170,4.0270,4.0130,4.0250,194267934.0000,7.8067
2023/1/12,4.0130,4.0230,4.0080,4.0190,219326000.0000,8.8124
2023/1/13,4.0240,4.0290,4.0220,4.0270,136051600.0000,5.4781
2023/1/16,4.0580,4.0680,4.0470,4.0500,202729200.0000,8.2281
2023/1/17,4.0700,4.0730,4.0620,4.0660,176160800.0000,7.1658
2023/1/18,4.0700,4.0730,4.0440,4.0560,163158859.0000,6.6271
2023/1/19,4.0510,4.0720,4.0510,4.0680,126350500.0000,5.1331
2023/1/20,4.1000,4.1120,4.0900,4.1010,150526000.0000,6.1732
2023/1/30,4.0900,4.0990,4.0830,4.0960,239566400.0000,9.7975
2023/1/31,4.0870,4.0910,4.0650,4.0690,186889100.0000,7.6328
2023/2/1,4.0840,4.0940,4.0840,4.0910,150758700.0000,6.1658
2023/2/2,4.1240,4.1300,4.1220,4.1250,167182268.0000,6.8972
2023/2/3,4.0790,4.0790,4.0680,4.0710,135288800.0000,5.5114
2023/2/6,4.0210,4.0300,4.0120,4.0180,193785100.0000,7.7871
2023/2/7,4.0100,4.0180,4.0090,4.0100,156359600.0000,6.2718
2023/2/8,4.0100,4.0140,4.0070,4.0100,106461500.0000,4.2694
2023/2/9,4.0100,4.0210,4.0080,4.0190,165382978.0000,6.6430
2023/2/10,3.9970,3.9970,3.9850,3.9930,204513400.0000,8.1617
2023/2/13,4.0300,4.0310,4.0050,4.0180,187026800.0000,7.5054
2023/2/14,3.9990,4.0170,3.9980,4.0150,137901800.0000,5.5222
2023/2/15,4.0170,4.0230,3.9990,4.0020,163848200.0000,6.5729
2023/2/16,3.9950,4.0030,3.9950,4.0010,146516300.0000,5.8600
2023/2/17,3.9990,4.0010,3.9880,3.9920,196060100.0000,7.8303
2023/2/20,4.0080,4.0150,4.0080,4.0100,161505687.0000,6.4799
2023/2/21,4.0100,4.0130,4.0040,4.0050,173510400.0000,6.9561
2023/2/22,4.0110,4.0180,4.0110,4.0170,132688623.0000,5.3282
2023/2/23,4.0070,4.0090,4.0030,4.0080,137331573.0000,5.5020
2023/2/24,4.0130,4.0250,4.0130,4.0210,178816500.0000,7.1867
2023/2/27,4.0200,4.0200,4.0090,4.0100,168817700.0000,6.7757
2023/2/28,4.0170,4.0200,4.0130,4.0150,129643797.0000,5.2078
2023/3/1,4.0290,4.0310,4.0240,4.0290,197570078.0000,7.9560
2023/3/2,4.0200,4.0270,4.0170,4.0260,203963400.0000,8.2026
2023/3/3,4.0380,4.0450,4.0350,4.0440,173339100.0000,7.0011
2023/3/6,4.0630,4.0740,4.0630,4.0710,178253600.0000,7.2546
2023/3/7,4.0720,4.0790,4.0680,4.0760,242524100.0000,9.8871
2023/3/8,4.0320,4.0370,4.0290,4.0330,181814410.0000,7.3347
2023/3/9,4.0320,4.0380,4.0310,4.0330,155499600.0000,6.2739
2023/3/10,4.0590,4.0620,4.0510,4.0610,249049800.0000,10.1058
2023/3/13,4.1060,4.1180,4.0880,4.0890,275924698.0000,11.3159
2023/3/14,4.1250,4.1430,4.1230,4.1420,236036000.0000,9.7552
2023/3/15,4.1400,4.1420,4.1320,4.1390,211296100.0000,8.7418
2023/3/16,4.1680,4.1840,4.1600,4.1740,321126800.0000,13.3971
2023/3/17,4.1780,4.2010,4.1750,4.1980,293501806.0000,12.2902
2023/3/20,4.2690,4.3350,4.2680,4.3270,396745862.0000,17.0617
2023/3/21,4.3200,4.3200,4.2830,4.2860,254076300.0000,10.9323
2023/3/22,4.2260,4.2280,4.2110,4.2230,265272000.0000,11.1899
2023/3/23,4.2590,4.2610,4.2450,4.2530,315981144.0000,13.4502
2023/3/24,4.2800,4.2860,4.2650,4.2750,280000180.0000,11.9862
2023/3/27,4.2670,4.2670,4.2440,4.2460,181397578.0000,7.7183
2023/3/28,4.2330,4.2380,4.2210,4.2250,220484035.0000,9.3277
2023/3/29,4.2480,4.2570,4.2380,4.2400,255688004.0000,10.8614
2023/3/30,4.2410,4.2510,4.2370,4.2480,292977500.0000,12.4269
2023/3/31,4.2620,4.2820,4.2580,4.2810,267238700.0000,11.4012
2023/4/3,4.2700,4.2700,4.2130,4.2210,166683500.0000,7.0411
2023/4/4,4.2600,4.2730,4.2560,4.2690,149978990.0000,6.3985
2023/4/6,4.3290,4.3370,4.3210,4.3300,195912860.0000,8.4805
2023/4/7,4.3240,4.3290,4.3220,4.3280,217954215.0000,9.4273
2023/4/10,4.3010,4.3020,4.2760,4.2870,129692860.0000,5.5588
2023/4/11,4.2830,4.3110,4.2830,4.3110,132536400.0000,5.7001
2023/4/12,4.3270,4.3580,4.3270,4.3410,161757560.0000,7.0281
2023/4/13,4.3350,4.3480,4.3330,4.3460,91332022.0000,3.9633
2023/4/14,4.3820,4.3830,4.3540,4.3660,142880300.0000,6.2449
2023/4/17,4.2970,4.3280,4.2800,4.3240,154180300.0000,6.6488
2023/4/18,4.3010,4.3070,4.2920,4.3050,93359998.0000,4.0163
2023/4/19,4.3140,4.3190,4.2920,4.2970,127788900.0000,5.5082
2023/4/20,4.2980,4.3120,4.2940,4.3080,134743737.0000,5.7985
2023/4/21,4.3130,4.3190,4.2800,4.2880,138381381.0000,5.9585
2023/4/24,4.2900,4.2900,4.2760,4.2770,240957500.0000,10.3195
2023/4/25,4.3100,4.3180,4.3050,4.3160,133221000.0000,5.7434
2023/4/26,4.3280,4.3340,4.3160,4.3230,159478834.0000,6.8948
2023/4/27,4.3220,4.3340,4.3180,4.3330,167755114.0000,7.2573
2023/4/28,4.3000,4.3090,4.2920,4.2980,165786500.0000,7.1329
2023/5/4,4.4100,4.4120,4.3880,4.3950,169590559.0000,7.4593
2023/5/5,4.4160,4.4260,4.4120,4.4150,130566800.0000,5.7679
2023/5/8,4.3580,4.3680,4.3520,4.3680,154297834.0000,6.7289
2023/5/9,4.3710,4.3880,4.3690,4.3770,140139400.0000,6.1340
2023/5/10,4.3930,4.3990,4.3870,4.3980,112963800.0000,4.9623
2023/5/11,4.4030,4.4080,4.3930,4.3940,123637900.0000,5.4423
2023/5/12,4.3800,4.3800,4.3540,4.3650,158068656.0000,6.9026
2023/5/15,4.3820,4.3930,4.3790,4.3820,170757078.0000,7.4918
2023/5/16,4.3850,4.3890,4.3610,4.3690,162113600.0000,7.1038
2023/5/17,4.3520,4.3570,4.3470,4.3530,146109100.0000,6.3593
2023/5/18,4.3470,4.3500,4.3420,4.3450,179048400.0000,7.7813
2023/5/19,4.3270,4.3320,4.3200,4.3300,183524900.0000,7.9419
2023/5/22,4.3510,4.3570,4.3410,4.3470,144192500.0000,6.2729
2023/5/23,4.3390,4.3400,4.3270,4.3300,111774100.0000,4.8409
2023/5/24,4.3630,4.3650,4.3510,4.3520,150093700.0000,6.5453
2023/5/25,4.3270,4.3420,4.3260,4.3350,125494600.0000,5.4355
2023/5/26,4.3170,4.3170,4.3050,4.3100,93381600.0000,4.0261
2023/5/29,4.3100,4.3150,4.3060,4.3140,131625200.0000,5.6715
2023/5/30,4.3100,4.3160,4.2950,4.3000,130152800.0000,5.6027
2023/5/31,4.3410,4.3680,4.3390,4.3650,264869900.0000,11.5339
2023/6/1,4.3730,4.3730,4.3580,4.3620,113059400.0000,4.9316
2023/6/2,4.3820,4.3860,4.3700,4.3750,118943700.0000,5.2101
2023/6/5,4.3300,4.3320,4.3210,4.3240,131087000.0000,5.6692
2023/6/6,4.3570,4.3620,4.3540,4.3570,141682452.0000,6.1756
2023/6/7,4.3680,4.3720,4.3610,4.3630,108558200.0000,4.7422
2023/6/8,4.3410,4.3470,4.3330,4.3380,134429100.0000,5.8356
2023/6/9,4.3660,4.3770,4.3660,4.3750,116753900.0000,5.1047
2023/6/12,4.3680,4.3790,4.3630,4.3780,134691800.0000,5.8856
2023/6/13,4.3830,4.3920,4.3800,4.3880,94452994.0000,4.1414
2023/6/14,4.3620,4.3690,4.3600,4.3630,104045300.0000,4.5387
2023/6/15,4.3480,4.3480,4.3280,4.3290,137343653.0000,5.9594
2023/6/16,4.3600,4.3700,4.3580,4.3590,135448700.0000,5.9109
2023/6/19,4.3650,4.3700,4.3610,4.3660,137305400.0000,5.9950
2023/6/20,4.3680,4.3760,4.3590,4.3740,160761285.0000,7.0249
2023/6/21,4.3600,4.3630,4.3490,4.3560,133654200.0000,5.8230
2023/6/26,4.3530,4.3560,4.3460,4.3540,239950100.0000,10.4390
2023/6/27,4.3580,4.3630,4.3450,4.3500,252240200.0000,10.9904
2023/6/28,4.3300,4.3380,4.3290,4.3350,166870600.0000,7.2314
2023/6/29,4.3350,4.3460,4.3350,4.3430,163457525.0000,7.0957
2023/6/30,4.3500,4.3600,4.3480,4.3490,103818388.0000,4.5202
2023/7/3,4.3640,4.3660,4.3530,4.3580,114606600.0000,4.9953
2023/7/4,4.3580,4.3680,4.3580,4.3640,65454500.0000,2.8567
2023/7/5,4.3660,4.3690,4.3630,4.3670,84974100.0000,3.7102
2023/7/6,4.3650,4.3690,4.3610,4.3650,77474700.0000,3.3816
2023/7/7,4.3450,4.3610,4.3450,4.3590,69889600.0000,3.0425
2023/7/10,4.3670,4.3740,4.3650,4.3700,66409000.0000,2.9016
2023/7/11,4.3700,4.3780,4.3610,4.3740,84713200.0000,3.7000
2023/7/12,4.3750,4.3800,4.3680,4.3710,147994900.0000,6.4762
2023/7/13,4.4070,4.4130,4.3960,4.4080,236706160.0000,10.4253
2023/7/14,4.3990,4.4020,4.3830,4.3880,100155670.0000,4.3994
2023/7/17,4.3940,4.4100,4.3940,4.4060,62213470.0000,2.7395
2023/7/18,4.4100,4.4220,4.4080,4.4220,77220500.0000,3.4099
2023/7/19,4.4630,4.4820,4.4610,4.4730,118958800.0000,5.3187
2023/7/20,4.4770,4.4780,4.4610,4.4700,305770200.0000,13.6634
2023/7/21,4.4430,4.4650,4.4420,4.4530,121077500.0000,5.3882
2023/7/24,4.4500,4.4500,4.4360,4.4420,67630978.0000,3.0027
2023/7/25,4.4260,4.4300,4.4180,4.4200,87043700.0000,3.8513
2023/7/26,4.4250,4.4400,4.4250,4.4390,117254400.0000,5.1994
2023/7/27,4.4390,4.4530,4.4360,4.4480,93163406.0000,4.1427
2023/7/28,4.4210,4.4210,4.4020,4.4040,187039300.0000,8.2481
2023/7/31,4.4080,4.4120,4.4010,4.4090,87396800.0000,3.8510
2023/8/1,4.4230,4.4300,4.4230,4.4260,69748599.0000,3.0880
2023/8/2,4.4140,4.4270,4.4120,4.4250,59334597.0000,2.6227
2023/8/3,4.4100,4.4100,4.4040,4.4060,119269200.0000,5.2559
2023/8/4,4.3890,4.4050,4.3890,4.4010,119236700.0000,5.2449
2023/8/7,4.4160,4.4220,4.4060,4.4100,71551410.0000,3.1582
2023/8/8,4.4100,4.4180,4.4090,4.4140,61191400.0000,2.7015
2023/8/9,4.4120,4.4150,4.4060,4.4110,48304700.0000,2.1309
2023/8/10,4.3950,4.3980,4.3930,4.3960,109921602.0000,4.8315
2023/8/11,4.4010,4.4160,4.4010,4.4150,83544356.0000,3.6829
2023/8/14,4.4150,4.4240,4.4130,4.4210,85250500.0000,3.7681
2023/8/15,4.4210,4.4330,4.4150,4.4310,111420900.0000,4.9275
2023/8/16,4.4330,4.4430,4.4310,4.4330,115340900.0000,5.1152
2023/8/17,4.4220,4.4380,4.4190,4.4290,116713400.0000,5.1691
2023/8/18,4.4170,4.4260,4.4150,4.4210,101884300.0000,4.5043
2023/8/21,4.4220,4.4420,4.4220,4.4380,105259800.0000,4.6691
2023/8/22,4.4340,4.4340,4.4250,4.4310,104687200.0000,4.6371
2023/8/23,4.4400,4.4550,4.4380,4.4520,119794300.0000,5.3266
2023/8/24,4.4610,4.4670,4.4580,4.4640,185027500.0000,8.2582
2023/8/25,4.4520,4.4580,4.4470,4.4480,174503200.0000,7.7724
2023/8/28,4.4380,4.4530,4.4300,4.4500,132312810.0000,5.8815
2023/8/29,4.4590,4.4690,4.4580,4.4620,88021400.0000,3.9290
2023/8/30,4.4770,4.4840,4.4720,4.4770,204305865.0000,9.1500
2023/8/31,4.4880,4.4950,4.4880,4.4940,89005100.0000,3.9974
2023/9/1,4.4720,4.4920,4.4720,4.4890,113797500.0000,5.1031
2023/9/4,4.4910,4.5160,4.4910,4.5060,117620946.0000,5.3033
2023/9/5,4.5010,4.5160,4.4980,4.5080,144094650.0000,6.4984
2023/9/6,4.5040,4.5130,4.5040,4.5050,121733670.0000,5.4896
2023/9/7,4.5050,4.5110,4.5030,4.5040,60405500.0000,2.7222
2023/9/8,4.5310,4.5370,4.5290,4.5360,176130900.0000,7.9843
2023/9/11,4.5340,4.5540,4.5300,4.5450,238589100.0000,10.8325
2023/9/12,4.5420,4.5470,4.5370,4.5460,140848700.0000,6.3981
2023/9/13,4.5460,4.5660,4.5450,4.5570,196316400.0000,8.9392
2023/9/14,4.5660,4.6060,4.5660,4.5920,247639100.0000,11.3594
2023/9/15,4.6360,4.6380,4.5200,4.5480,328324800.0000,15.1288
2023/9/18,4.5450,4.5450,4.5150,4.5240,350996499.0000,15.9121
2023/9/19,4.5360,4.5630,4.5360,4.5590,182557483.0000,8.3111
2023/9/20,4.5740,4.5960,4.5730,4.5940,226862226.0000,10.4125
2023/9/21,4.5940,4.6020,4.5790,4.5800,158591810.0000,7.2813
2023/9/22,4.5870,4.5970,4.5480,4.5610,203604568.0000,9.2940
2023/9/25,4.5550,4.5840,4.5540,4.5810,185234100.0000,8.4769
2023/9/26,4.5800,4.5900,4.5740,4.5780,109567139.0000,5.0195
2023/9/27,4.5650,4.5730,4.5010,4.5110,188895843.0000,8.5801
2023/9/28,4.4630,4.4770,4.4000,4.4360,285637500.0000,12.7121
2023/10/9,4.4000,4.4090,4.3910,4.4050,191361000.0000,8.4140
2023/10/10,4.4000,4.4000,4.3430,4.3480,234304700.0000,10.2223
2023/10/11,4.3520,4.3560,4.3430,4.3550,114606600.0000,4.9837
2023/10/12,4.3680,4.3910,4.3680,4.3900,156506400.0000,6.8531
2023/10/13,4.3850,4.4070,4.3810,4.4050,144780002.0000,6.3648
2023/10/16,4.4790,4.4800,4.4590,4.4600,150028600.0000,6.7081
2023/10/17,4.4760,4.4810,4.4680,4.4800,109473962.0000,4.8983
2023/10/18,4.5000,4.5240,4.5000,4.5230,138162745.0000,6.2419
2023/10/19,4.5490,4.5510,4.5380,4.5470,123119918.0000,5.5955
2023/10/20,4.5910,4.6050,4.5910,4.5970,149181800.0000,6.8597
2023/10/23,4.5700,4.5910,4.5680,4.5720,218638426.0000,10.0145
2023/10/24,4.5740,4.5780,4.5650,4.5750,163076612.0000,7.4563
2023/10/25,4.5680,4.5740,4.5560,4.5570,189514100.0000,8.6507
2023/10/26,4.5840,4.5900,4.5810,4.5900,135563374.0000,6.2145
2023/10/27,4.5900,4.6050,4.5850,4.5990,165079700.0000,7.5851
2023/10/30,4.6350,4.6420,4.6060,4.6090,161558695.0000,7.4778
2023/10/31,4.6170,4.6230,4.6110,4.6200,125977303.0000,5.8158
2023/11/1,4.5960,4.6070,4.5950,4.6030,100379783.0000,4.6182
2023/11/2,4.6170,4.6170,4.6050,4.6130,85856900.0000,3.9579
2023/11/3,4.6050,4.6120,4.5980,4.6100,98118700.0000,4.5215
2023/11/6,4.6070,4.6140,4.5810,4.5870,189539672.0000,8.7084
2023/11/7,4.5730,4.5790,4.5670,4.5690,150022500.0000,6.8612
2023/11/8,4.5610,4.5610,4.5430,4.5510,152052600.0000,6.9193
2023/11/9,4.5340,4.5350,4.5180,4.5210,332592500.0000,15.0435
2023/11/10,4.5430,4.5550,4.5400,4.5540,104060752.0000,4.7331
2023/11/13,4.5230,4.5390,4.5220,4.5380,106862300.0000,4.8425
2023/11/14,4.5500,4.5600,4.5430,4.5580,130185700.0000,5.9256
2023/11/15,4.5630,4.5800,4.5630,4.5770,155691300.0000,7.1186
2023/11/16,4.5660,4.5690,4.5540,4.5590,125500400.0000,5.7208
2023/11/17,4.5780,4.5820,4.5710,4.5720,199713567.0000,9.1412
2023/11/20,4.5470,4.5550,4.5210,4.5220,112268700.0000,5.0920
2023/11/21,4.5160,4.5200,4.5110,4.5160,75809200.0000,3.4230
2023/11/22,4.5230,4.5270,4.4920,4.4990,164067000.0000,7.4003
2023/11/23,4.4980,4.4990,4.4880,4.4950,87148700.0000,3.9157
2023/11/24,4.4940,4.5000,4.4900,4.4990,80749100.0000,3.6303
2023/11/27,4.5310,4.5490,4.5310,4.5460,151056776.0000,6.8601
2023/11/28,4.5530,4.5640,4.5520,4.5600,117538974.0000,5.3565
2023/11/29,4.6000,4.6090,4.5900,4.5910,148273801.0000,6.8193
2023/11/30,4.5960,4.6000,4.5860,4.5890,137637800.0000,6.3177
2023/12/1,4.5890,4.5970,4.5820,4.5890,125848000.0000,5.7720
2023/12/4,4.6680,4.6750,4.6380,4.6430,206679600.0000,9.6295
2023/12/5,4.5800,4.5890,4.5740,4.5800,148880300.0000,6.8188
2023/12/6,4.5750,4.5790,4.5630,4.5780,146991801.0000,6.7185
2023/12/7,4.5850,4.5880,4.5770,4.5840,103517400.0000,4.7445
2023/12/8,4.5860,4.5940,4.5850,4.5910,96871900.0000,4.4476
2023/12/11,4.5470,4.5860,4.5460,4.5570,117141000.0000,5.3368
2023/12/12,4.5430,4.5440,4.5210,4.5390,148713100.0000,6.7353
2023/12/13,4.5330,4.5420,4.5240,4.5290,106191400.0000,4.8133
2023/12/14,4.5900,4.6120,4.5870,4.5980,144339600.0000,6.6286
2023/12/15,4.5900,4.5940,4.5850,4.5900,82393400.0000,3.7818
2023/12/18,4.5750,4.5850,4.5710,4.5760,195726100.0000,8.9591
2023/12/19,4.5840,4.5900,4.5840,4.5890,123361400.0000,5.6594
2023/12/20,4.5960,4.6120,4.5960,4.6040,175001100.0000,8.0541
2023/12/21,4.5950,4.6090,4.5950,4.6050,160679690.0000,7.3990
2023/12/22,4.6260,4.6410,4.6230,4.6270,250837800.0000,11.6264
2023/12/25,4.6310,4.6430,4.6280,4.6340,225088200.0000,10.4308
2023/12/26,4.6380,4.6480,4.6340,4.6470,154955014.0000,7.1920
2023/12/27,4.6500,4.6640,4.6490,4.6600,180249300.0000,8.3922
2023/12/28,4.6810,4.6870,4.6580,4.6620,246929400.0000,11.5379
2023/12/29,4.6380,4.6490,4.6260,4.6480,270376501.0000,12.5386
2024/1/2,4.6430,4.6670,4.6430,4.6660,206278439.0000,9.6023
2024/1/3,4.6580,4.6660,4.6550,4.6630,111196216.0000,5.1836
2024/1/4,4.6400,4.6560,4.6330,4.6510,114966300.0000,5.3385
2024/1/5,4.6590,4.6650,4.6560,4.6640,126749700.0000,5.9074
2024/1/8,4.6630,4.6670,4.6460,4.6500,116163870.0000,5.4066
2024/1/9,4.6510,4.6540,4.6420,4.6490,84812800.0000,3.9431
2024/1/10,4.6470,4.6530,4.6280,4.6310,161504000.0000,7.4939
2024/1/11,4.6320,4.6370,4.6270,4.6310,97642400.0000,4.5227
2024/1/12,4.6370,4.6480,4.6330,4.6460,110310200.0000,5.1176
2024/1/15,4.6640,4.6760,4.6640,4.6730,96455300.0000,4.5043
2024/1/16,4.6740,4.6800,4.6680,4.6770,83243200.0000,3.8891
2024/1/17,4.6610,4.6620,4.6280,4.6310,105551500.0000,4.9068
2024/1/18,4.6240,4.6270,4.6130,4.6160,125071900.0000,5.7774
2024/1/19,4.6360,4.6430,4.6350,4.6430,87058139.0000,4.0380
2024/1/22,4.6460,4.6520,4.6240,4.6250,90688300.0000,4.2091
2024/1/23,4.6230,4.6320,4.6090,4.6320,104269900.0000,4.8192
2024/1/24,4.6300,4.6300,4.6240,4.6260,67374700.0000,3.1172
2024/1/25,4.6070,4.6120,4.6020,4.6050,110248900.0000,5.0783
2024/1/26,4.6230,4.6270,4.6180,4.6250,75676000.0000,3.4971
2024/1/29,4.6360,4.6380,4.6320,4.6340,80355443.0000,3.7248
2024/1/30,4.6410,4.6520,4.6380,4.6470,87971900.0000,4.0861
2024/1/31,4.6540,4.6560,4.6480,4.6530,136735100.0000,6.3614
2024/2/1,4.6520,4.6700,4.6520,4.6680,119528000.0000,5.5722
2024/2/2,4.6710,4.6790,4.6710,4.6790,93980600.0000,4.3943
2024/2/5,4.6590,4.6660,4.6380,4.6430,144854900.0000,6.7369
2024/2/6,4.6410,4.6420,4.6330,4.6330,85748200.0000,3.9764
2024/2/7,4.6490,4.6510,4.6390,4.6420,118240761.0000,5.4920
2024/2/8,4.6550,4.6630,4.6530,4.6620,92397500.0000,4.3038
2024/2/19,4.6380,4.6450,4.6260,4.6440,130239500.0000,6.0368
2024/2/20,4.6450,4.6470,4.6370,4.6420,53723200.0000,2.4930
2024/2/21,4.6480,4.6500,4.6410,4.6420,83090600.0000,3.8605
2024/2/22,4.6390,4.6410,4.6330,4.6390,103663714.0000,4.8069
2024/2/23,4.6390,4.6410,4.6260,4.6300,100711902.0000,4.6686
2024/2/26,4.6470,4.6520,4.6470,4.6510,69138400.0000,3.2147
2024/2/27,4.6470,4.6510,4.6460,4.6460,58987400.0000,2.7415
2024/2/28,4.6470,4.6480,4.6420,4.6450,63872600.0000,2.9671
2024/2/29,4.6500,4.6520,4.6450,4.6470,66413400.0000,3.0864
2024/3/1,4.6590,4.6680,4.6590,4.6670,86929300.0000,4.0538
2024/3/4,4.7260,4.7330,4.7200,4.7250,112186657.0000,5.3023
2024/3/5,4.7820,4.7900,4.7730,4.7890,152085300.0000,7.2716
2024/3/6,4.8040,4.8240,4.8030,4.8240,131354500.0000,6.3187
2024/3/7,4.8480,4.8960,4.8450,4.8850,171655340.0000,8.3587
2024/3/8,4.8850,4.8850,4.8650,4.8810,105000701.0000,5.1185
2024/3/11,4.9120,4.9210,4.8940,4.8990,138029900.0000,6.7732
2024/3/12,4.9010,4.9060,4.8750,4.8790,147787590.0000,7.2293
2024/3/13,4.8610,4.8710,4.8600,4.8700,97119300.0000,4.7228
2024/3/14,4.8960,4.9010,4.8730,4.8770,114347600.0000,5.5915
2024/3/15,4.8790,4.9000,4.8760,4.8990,80061300.0000,3.9123
2024/3/18,4.8790,4.8790,4.8570,4.8600,97031100.0000,4.7200
2024/3/19,4.8770,4.8840,4.8630,4.8700,72272486.0000,3.5232
2024/3/20,4.8780,4.8820,4.8770,4.8800,48789027.0000,2.3806
2024/3/21,4.9700,4.9790,4.9610,4.9780,100369900.0000,4.9874
2024/3/22,4.9430,4.9590,4.9310,4.9460,97680400.0000,4.8292
2024/3/25,4.9640,4.9870,4.9540,4.9560,116533350.0000,5.7884
2024/3/26,4.9590,4.9700,4.9560,4.9660,97052788.0000,4.8168
2024/3/27,4.9770,4.9920,4.9770,4.9900,120066590.0000,5.9854
2024/3/28,5.0000,5.0310,4.9970,5.0290,127603000.0000,6.3914
2024/3/29,5.1000,5.1370,5.0850,5.1260,209701500.0000,10.7297
2024/4/1,5.1750,5.2000,5.1450,5.1550,196039414.0000,10.1088
2024/4/2,5.1370,5.1630,5.1300,5.1590,152135933.0000,7.8292
2024/4/3,5.2040,5.2380,5.2040,5.2310,219987750.0000,11.4938
2024/4/8,5.2890,5.4270,5.2890,5.3540,469473940.0000,25.1620
2024/4/9,5.3830,5.3960,5.3650,5.3690,234093359.0000,12.5910
2024/4/10,5.3800,5.4050,5.3750,5.3880,202571735.0000,10.9155
2024/4/11,5.3700,5.3790,5.3400,5.3480,242865013.0000,13.0212
2024/4/12,5.4560,5.5060,5.4550,5.5040,274712760.0000,15.0465
2024/4/15,5.3900,5.4350,5.3900,5.4170,321425498.0000,17.4206
2024/4/16,5.4710,5.4960,5.4380,5.4520,335655199.0000,18.3656
2024/4/17,5.4690,5.4770,5.4410,5.4610,238128350.0000,13.0036
2024/4/18,5.4210,5.4470,5.4000,5.4450,228480500.0000,12.3867
2024/4/19,5.4640,5.5470,5.4440,5.4710,443150566.0000,24.3419
2024/4/22,5.4470,5.4500,5.3570,5.3640,319657300.0000,17.2749
2024/4/23,5.3250,5.3300,5.2230,5.2320,509587331.0000,26.7670
2024/4/24,5.2810,5.3010,5.2630,5.2870,345200527.0000,18.2364
2024/4/25,5.2750,5.2900,5.2500,5.2880,283203600.0000,14.9424
2024/4/26,5.2900,5.3340,5.2900,5.3290,259514300.0000,13.7853
2024/4/29,5.2990,5.3100,5.2880,5.2940,226581500.0000,12.0065
2024/4/30,5.2960,5.3000,5.2710,5.2860,192094286.0000,10.1552
2024/5/6,5.2240,5.2550,5.2170,5.2540,176662446.0000,9.2593
2024/5/7,5.2780,5.2860,5.2610,5.2680,188053328.0000,9.9081
2024/5/8,5.2580,5.2790,5.2400,5.2610,235712300.0000,12.3990
2024/5/9,5.2520,5.2650,5.2420,5.2500,216345700.0000,11.3648
2024/5/10,5.3300,5.3710,5.3140,5.3690,303713600.0000,16.2085
2024/5/13,5.3400,5.3580,5.3300,5.3370,280958012.0000,15.0194
2024/5/14,5.3300,5.3470,5.3160,5.3290,264956800.0000,14.1316
2024/5/15,5.3600,5.3750,5.3580,5.3700,215784240.0000,11.5803
2024/5/16,5.4450,5.4500,5.4150,5.4170,258507900.0000,14.0279
2024/5/17,5.4060,5.4180,5.3970,5.4160,233681770.0000,12.6324
2024/5/20,5.5190,5.5860,5.5190,5.5500,407042990.0000,22.5832
2024/5/21,5.5490,5.5490,5.4710,5.4810,349510200.0000,19.2244
2024/5/22,5.5000,5.5140,5.4800,5.4920,188794600.0000,10.3749
2024/5/23,5.3800,5.3860,5.3410,5.3660,314494390.0000,16.8905
2024/5/24,5.2870,5.3210,5.2870,5.3190,227770552.0000,12.0868
2024/5/27,5.3230,5.3530,5.3230,5.3380,217956429.0000,11.6380
2024/5/28,5.3670,5.3740,5.3330,5.3340,215909600.0000,11.5725
2024/5/29,5.3680,5.3840,5.3590,5.3700,243293870.0000,13.0649
2024/5/30,5.3300,5.3350,5.2950,5.3170,236136602.0000,12.5507
2024/5/31,5.3340,5.3430,5.3180,5.3430,159762600.0000,8.5228
2024/6/3,5.3190,5.3190,5.2740,5.2960,219875700.0000,11.6482
2024/6/4,5.3400,5.3550,5.3330,5.3460,200947528.0000,10.7402
2024/6/5,5.3060,5.3380,5.3020,5.3240,203665400.0000,10.8354
2024/6/6,5.3960,5.4210,5.3870,5.3980,234728270.0000,12.6838
2024/6/7,5.4130,5.4210,5.3860,5.3990,256971900.0000,13.8830
2024/6/11,5.2500,5.2590,5.2240,5.2370,326408546.0000,17.0984
2024/6/12,5.2530,5.2710,5.2530,5.2670,172498500.0000,9.0769
2024/6/13,5.2610,5.2700,5.2460,5.2690,180242000.0000,9.4805
2024/6/14,5.2490,5.2730,5.2430,5.2710,188998500.0000,9.9332
2024/6/17,5.3020,5.3060,5.2750,5.2790,169069447.0000,8.9414
2024/6/18,5.2830,5.2960,5.2820,5.2840,171159951.0000,9.0535
2024/6/19,5.3010,5.3060,5.2960,5.3050,197301200.0000,10.4619
2024/6/20,5.3130,5.3540,5.3130,5.3510,282264400.0000,15.0602
2024/6/21,5.3830,5.3930,5.3740,5.3760,299447800.0000,16.1144
2024/6/24,5.3000,5.3110,5.2840,5.2900,495986700.0000,26.2569
2024/6/25,5.3000,5.3030,5.2920,5.3020,284913400.0000,15.0927
2024/6/26,5.2870,5.2870,5.2530,5.2710,333700600.0000,17.5833
2024/6/27,5.2360,5.2450,5.2310,5.2420,267488200.0000,14.0134
2024/6/28,5.2830,5.2990,5.2770,5.2970,275865600.0000,14.5843
2024/7/1,5.2970,5.3030,5.2810,5.2990,151231300.0000,8.0100
2024/7/2,5.3110,5.3170,5.3020,5.3060,156366400.0000,8.3012
2024/7/3,5.3100,5.3420,5.3040,5.3400,204971900.0000,10.9028
2024/7/4,5.3810,5.3860,5.3540,5.3650,198889000.0000,10.6875
2024/7/5,5.3650,5.3820,5.3630,5.3810,241057400.0000,12.9579
2024/7/8,5.4270,5.4300,5.3820,5.3840,265543945.0000,14.3596
2024/7/9,5.3650,5.3720,5.3600,5.3620,252856000.0000,13.5685
2024/7/10,5.3740,5.3990,5.3730,5.3970,179495600.0000,9.6612
2024/7/11,5.3970,5.4220,5.3930,5.4170,256281000.0000,13.8680
2024/7/12,5.4640,5.4670,5.4420,5.4460,219604800.0000,11.9832
2024/7/15,5.4520,5.4670,5.4410,5.4420,213275500.0000,11.6398
2024/7/16,5.4840,5.5070,5.4830,5.5050,237089500.0000,13.0355
2024/7/17,5.5990,5.6150,5.5530,5.5760,368744095.0000,20.6105
2024/7/18,5.5550,5.5740,5.5430,5.5730,255442400.0000,14.1958
2024/7/19,5.4580,5.4710,5.4060,5.4250,331402300.0000,18.0519
2024/7/22,5.4270,5.4410,5.4170,5.4210,258675300.0000,14.0419
2024/7/23,5.4300,5.4400,5.3820,5.3940,237483400.0000,12.8441
2024/7/24,5.4290,5.4660,5.4240,5.4650,245596491.0000,13.3832
2024/7/25,5.3880,5.3880,5.3200,5.3270,379314735.0000,20.2700
2024/7/26,5.3120,5.3670,5.3110,5.3500,245177000.0000,13.1042
2024/7/29,5.3950,5.3990,5.3780,5.3870,181631900.0000,9.7860
2024/7/30,5.3790,5.3950,5.3570,5.3940,162433400.0000,8.7332
2024/7/31,5.4100,5.4550,5.4050,5.4360,246379200.0000,13.3831
2024/8/1,5.5010,5.5050,5.4570,5.4800,199792182.0000,10.9527
2024/8/2,5.4750,5.5060,5.4710,5.5050,335571190.0000,18.4347
2024/8/5,5.3900,5.4160,5.3430,5.3660,489632100.0000,26.3488
2024/8/6,5.3500,5.3620,5.3050,5.3270,293486900.0000,15.6672
2024/8/7,5.3070,5.3550,5.3060,5.3520,195299800.0000,10.4223
2024/8/8,5.3450,5.3550,5.3280,5.3490,143153600.0000,7.6423
2024/8/9,5.4060,5.4140,5.3790,5.3960,180781154.0000,9.7632
2024/8/12,5.4100,5.4380,5.4000,5.4370,131392897.0000,7.1195
2024/8/13,5.4760,5.4920,5.4660,5.4740,211070817.0000,11.5638
2024/8/14,5.4730,5.4740,5.4270,5.4560,301571600.0000,16.4255
2024/8/15,5.4310,5.4500,5.4290,5.4430,284712790.0000,15.4821
2024/8/16,5.4650,5.4660,5.4410,5.4530,264349700.0000,14.4163
2024/8/19,5.5020,5.5270,5.4930,5.5130,269117000.0000,14.8233
2024/8/20,5.5120,5.5190,5.5000,5.5130,292411400.0000,16.1046
2024/8/21,5.5140,5.5490,5.5120,5.5370,251875500.0000,13.9369
2024/8/22,5.5350,5.5360,5.5080,5.5230,191731500.0000,10.5830
2024/8/23,5.5040,5.5130,5.4930,5.5040,135003030.0000,7.4275
2024/8/26,5.5260,5.5390,5.5200,5.5380,143830100.0000,7.9508
2024/8/27,5.5280,5.5420,5.5150,5.5340,149404000.0000,8.2573
2024/8/28,5.5450,5.5480,5.5180,5.5280,152164100.0000,8.4214
2024/8/29,5.5390,5.5480,5.5340,5.5350,172646400.0000,9.5692
2024/8/30,5.5280,5.5430,5.5100,5.5220,213925900.0000,11.8125
2024/9/2,5.5050,5.5050,5.4770,5.4910,169670252.0000,9.3140
2024/9/3,5.4860,5.5040,5.4820,5.5010,136756524.0000,7.5156
2024/9/4,5.4790,5.4920,5.4610,5.4630,130866172.0000,7.1749
2024/9/5,5.4830,5.5040,5.4770,5.5020,130213792.0000,7.1470
2024/9/6,5.5100,5.5260,5.5070,5.5170,151267984.0000,8.3453
2024/9/9,5.4850,5.5000,5.4680,5.4770,167280900.0000,9.1789
2024/9/10,5.5120,5.5170,5.5050,5.5130,103763822.0000,5.7187
2024/9/11,5.5360,5.5450,5.5260,5.5420,129344622.0000,7.1591
2024/9/12,5.5280,5.5370,5.5200,5.5310,142873300.0000,7.8987
2024/9/13,5.6130,5.6230,5.6040,5.6110,218494000.0000,12.2677
2024/9/18,5.6210,5.6260,5.6020,5.6090,292541400.0000,16.4177
2024/9/19,5.5910,5.6110,5.5780,5.6000,254086300.0000,14.2167
2024/9/20,5.6190,5.6650,5.6180,5.6630,171352400.0000,9.6578
2024/9/23,5.6850,5.7250,5.6840,5.7110,238092754.0000,13.5879
2024/9/24,5.7230,5.7320,5.6890,5.6970,323108700.0000,18.4646
2024/9/25,5.7240,5.7710,5.7240,5.7400,280656366.0000,16.1240
2024/9/26,5.7600,5.7650,5.7400,5.7510,306137800.0000,17.6101
2024/9/27,5.7510,5.7640,5.6980,5.7080,166263100.0000,9.5560
2024/9/30,5.6440,5.7170,5.6300,5.7070,399224420.0000,22.7492
2024/10/8,5.6820,5.7570,5.6810,5.7140,446545969.0000,25.5803
2024/10/9,5.6700,5.6790,5.6360,5.6400,369150402.0000,20.9010
2024/10/10,5.6470,5.6780,5.6420,5.6760,190258610.0000,10.7648
2024/10/11,5.7150,5.7580,5.7150,5.7390,257920870.0000,14.8052
2024/10/14,5.7700,5.8060,5.7510,5.7990,316405300.0000,18.2680
2024/10/15,5.7760,5.8020,5.7730,5.7990,271211600.0000,15.7047
2024/10/16,5.8530,5.8860,5.8370,5.8840,440183155.0000,25.7919
2024/10/17,5.8910,5.9120,5.8870,5.9050,356603700.0000,21.0371
2024/10/18,5.9610,5.9840,5.9100,5.9450,570444300.0000,33.9907
2024/10/21,5.9950,6.0210,5.9780,6.0200,382224400.0000,22.9233
2024/10/22,6.0180,6.0270,6.0040,6.0180,267072100.0000,16.0651
2024/10/23,6.0420,6.0580,6.0200,6.0560,354670000.0000,21.4213
2024/10/24,6.0000,6.0050,5.9580,5.9950,350982100.0000,21.0022
2024/10/25,5.9940,5.9990,5.9820,5.9980,280008900.0000,16.7755
2024/10/28,5.9860,6.0300,5.9850,6.0170,290528400.0000,17.4552
2024/10/29,6.0360,6.0690,6.0360,6.0680,316439000.0000,19.1698
2024/10/30,6.1110,6.1460,6.1040,6.1400,388115000.0000,23.7786
2024/10/31,6.1400,6.1400,6.1020,6.1030,363724451.0000,22.2653
2024/11/1,6.0170,6.0680,6.0170,6.0510,315790200.0000,19.0929
2024/11/4,6.0110,6.0230,5.9880,6.0060,320647168.0000,19.2563
2024/11/5,6.0030,6.0080,5.9670,6.0060,346522500.0000,20.7583
2024/11/6,6.0280,6.0620,5.9730,5.9940,531028205.0000,32.0427
2024/11/7,5.8650,5.8810,5.8570,5.8600,497191100.0000,29.1741
2024/11/8,5.9250,5.9360,5.8880,5.8980,544198350.0000,32.1588
2024/11/11,5.9010,5.9100,5.8890,5.9050,293895478.0000,17.3356
2024/11/12,5.8300,5.8410,5.8000,5.8070,361393200.0000,21.0374
2024/11/13,5.8050,5.8140,5.7950,5.7960,294570000.0000,17.0971
2024/11/14,5.7240,5.7300,5.6690,5.6800,436011000.0000,24.8754
2024/11/15,5.7110,5.7120,5.6670,5.6830,410136300.0000,23.3598
2024/11/18,5.7480,5.7730,5.7380,5.7580,380796200.0000,21.9202
2024/11/19,5.8110,5.8600,5.8090,5.8580,412895600.0000,24.0986
2024/11/20,5.9000,5.9000,5.8550,5.8570,393326310.0000,23.1203
2024/11/21,5.9140,5.9340,5.9090,5.9330,347102500.0000,20.5483
2024/11/22,5.9680,6.0110,5.9670,6.0100,479450110.0000,28.7184
2024/11/25,6.0090,6.0130,5.8930,5.9160,773564810.0000,46.1016
2024/11/26,5.8350,5.8560,5.8250,5.8440,367569300.0000,21.4798
2024/11/27,5.8600,5.9040,5.8560,5.8990,354456000.0000,20.8475
2024/11/28,5.8310,5.8770,5.8230,5.8690,351338498.0000,20.5507
2024/11/29,5.8790,5.9270,5.8780,5.9230,372669395.0000,22.0078
2024/12/2,5.8500,5.8850,5.8480,5.8720,300225600.0000,17.6255
2024/12/3,5.9170,5.9420,5.9110,5.9310,290402200.0000,17.1983
2024/12/4,5.9150,5.9380,5.9130,5.9290,216982400.0000,12.8638
2024/12/5,5.9370,5.9430,5.9230,5.9270,223843600.0000,13.2798
2024/12/6,5.8660,5.9100,5.8610,5.9030,291762000.0000,17.1691
2024/12/9,5.9410,5.9460,5.9250,5.9360,240632900.0000,14.2840
2024/12/10,5.9700,5.9720,5.9490,5.9610,302287000.0000,18.0199
2024/12/11,6.0280,6.0300,5.9770,6.0110,368489600.0000,22.1447
2024/12/12,6.0380,6.0540,6.0250,6.0520,285029200.0000,17.2093
2024/12/13,6.0160,6.0180,5.9910,6.0010,268642400.0000,16.1329
2024/12/16,5.9450,5.9500,5.9330,5.9470,251389700.0000,14.9343
2024/12/17,5.9570,5.9700,5.9360,5.9400,253857200.0000,15.1185
2024/12/18,5.9420,5.9480,5.9290,5.9320,183543592.0000,10.8948
2024/12/19,5.8670,5.9060,5.8670,5.8850,362233900.0000,21.3126
2024/12/20,5.8770,5.8940,5.8660,5.8920,243382915.0000,14.3003
2024/12/23,5.9190,5.9530,5.9180,5.9510,279767800.0000,16.6117
2024/12/24,5.9280,5.9310,5.9160,5.9210,227964108.0000,13.5052
2024/12/25,5.9320,5.9390,5.9290,5.9360,144513901.0000,8.5765
2024/12/26,5.9550,5.9570,5.9370,5.9400,183751700.0000,10.9248
2024/12/27,5.9500,5.9520,5.9390,5.9450,176506800.0000,10.4951
2024/12/30,5.9340,5.9390,5.9200,5.9230,166024900.0000,9.8429
2024/12/31,5.9140,5.9320,5.9000,5.9280,164833500.0000,9.7464
2025/1/2,5.9750,5.9810,5.9600,5.9770,233072893.0000,13.9184
2025/1/3,6.0200,6.0340,6.0120,6.0290,275912900.0000,16.6152
2025/1/6,6.0230,6.0250,5.9840,5.9900,298085000.0000,17.8961
2025/1/7,5.9920,6.0090,5.9870,6.0000,217772898.0000,13.0598
2025/1/8,6.0100,6.0310,6.0100,6.0300,160473261.0000,9.6596
2025/1/9,6.0380,6.0660,6.0320,6.0650,156605360.0000,9.4621
2025/1/10,6.0780,6.1090,6.0750,6.1050,241484690.0000,14.7062
2025/1/13,6.1050,6.1330,6.1040,6.1200,353089300.0000,21.6036
2025/1/14,6.0700,6.0750,6.0620,6.0680,286920000.0000,17.4095
2025/1/15,6.0750,6.1090,6.0700,6.1020,238686400.0000,14.5272
2025/1/16,6.1390,6.1410,6.1100,6.1220,241313300.0000,14.7852
2025/1/17,6.1460,6.1620,6.1360,6.1390,247982000.0000,15.2495
2025/1/20,6.0910,6.1310,6.0890,6.1270,198219500.0000,12.1051
2025/1/21,6.1020,6.1310,6.1020,6.1270,195442100.0000,11.9666
2025/1/22,6.1700,6.2150,6.1690,6.1810,296770527.0000,18.3618
2025/1/23,6.1830,6.1940,6.1800,6.1870,192367943.0000,11.9017
2025/1/24,6.2090,6.2250,6.1990,6.2180,227492200.0000,14.1386
2025/1/27,6.2180,6.2180,6.1810,6.2020,228818694.0000,14.1796
2025/2/5,6.4000,6.4410,6.3850,6.4390,367016108.0000,23.5414
2025/2/6,6.4410,6.4540,6.4000,6.4020,305318100.0000,19.6526
2025/2/7,6.4300,6.4350,6.4140,6.4200,202194200.0000,12.9937
2025/2/10,6.4600,6.5190,6.4600,6.5180,315643190.0000,20.4697
2025/2/11,6.6280,6.6450,6.5310,6.5840,688982800.0000,45.4201
2025/2/12,6.5420,6.5480,6.5110,6.5380,342637100.0000,22.3798
2025/2/13,6.5640,6.5870,6.5590,6.5700,284025229.0000,18.6640
2025/2/14,6.5990,6.6070,6.5850,6.6050,246676102.0000,16.2711
2025/2/17,6.4770,6.5050,6.4700,6.4940,396972681.0000,25.7528
2025/2/18,6.5000,6.5600,6.4970,6.5550,292830130.0000,19.1382
2025/2/19,6.5950,6.6240,6.5760,6.5980,315610500.0000,20.8438
2025/2/20,6.6100,6.6210,6.5980,6.6190,208220000.0000,13.7576
2025/2/21,6.6080,6.6080,6.5440,6.5680,411983897.0000,27.0741
2025/2/24,6.5490,6.5860,6.5390,6.5810,246679300.0000,16.2009
2025/2/25,6.6050,6.6110,6.5750,6.5820,264729920.0000,17.4573
2025/2/26,6.5620,6.5640,6.5150,6.5190,294958637.0000,19.2903
2025/2/27,6.5330,6.5410,6.4840,6.4920,303901035.0000,19.7880
2025/2/28,6.4790,6.4870,6.4350,6.4440,280864400.0000,18.1437
2025/3/3,6.4450,6.4550,6.4350,6.4510,258749948.0000,16.6823
2025/3/4,6.4900,6.5070,6.4870,6.4990,265743800.0000,17.2631
2025/3/5,6.5230,6.5510,6.5210,6.5470,221884099.0000,14.4996
2025/3/6,6.5300,6.5460,6.5270,6.5350,187622976.0000,12.2620
2025/3/7,6.5060,6.5290,6.5030,6.5260,212238683.0000,13.8286
2025/3/10,6.5310,6.5450,6.5260,6.5440,168135603.0000,10.9891
2025/3/11,6.4910,6.5060,6.4880,6.5050,217070800.0000,14.0981
2025/3/12,6.5180,6.5340,6.5120,6.5260,133572500.0000,8.7115
2025/3/13,6.5730,6.5830,6.5700,6.5750,180621750.0000,11.8763
2025/3/14,6.6930,6.6930,6.6620,6.6730,337064300.0000,22.4986
2025/3/17,6.6740,6.6780,6.6590,6.6770,261227100.0000,17.4258
2025/3/18,6.6880,6.7300,6.6880,6.7270,247618300.0000,16.6278
2025/3/19,6.7570,6.8060,6.7540,6.8000,332646700.0000,22.5631
2025/3/20,6.8200,6.8250,6.7990,6.8070,288580577.0000,19.6540
2025/3/21,6.8080,6.8100,6.7620,6.7740,259905579.0000,17.6339
2025/3/24,6.7700,6.7820,6.7580,6.7800,152890422.0000,10.3535
2025/3/25,6.7580,6.7780,6.7510,6.7740,188173300.0000,12.7298
2025/3/26,6.7800,6.7970,6.7750,6.7950,192888100.0000,13.0934
2025/3/27,6.7970,6.8170,6.7910,6.8120,224529007.0000,15.2815
2025/3/28,6.9120,6.9390,6.8940,6.9380,423633499.0000,29.3063
2025/3/31,6.9420,7.0450,6.9420,7.0120,674686354.0000,47.1707
2025/4/1,7.0650,7.0980,7.0410,7.0560,718259725.0000,50.7588
2025/4/2,7.0700,7.0830,7.0190,7.0290,418580916.0000,29.5107
2025/4/3,7.1350,7.1730,7.0680,7.0940,726074050.0000,51.7481
2025/4/7,6.8010,7.0600,6.8000,6.8770,1275784486.0000,88.1949
2025/4/8,6.8780,6.9380,6.8520,6.9250,623642763.0000,42.9493
2025/4/9,6.8900,7.0200,6.8880,7.0120,783359970.0000,54.3577
2025/4/10,7.1340,7.1660,7.0710,7.1640,931201615.0000,66.4246
2025/4/11,7.3400,7.3400,7.2250,7.2730,969046516.0000,70.7308
2025/4/14,7.3010,7.3540,7.3010,7.3270,788278877.0000,57.8100
2025/4/15,7.3270,7.3340,7.3150,7.3250,420590242.0000,30.8102
2025/4/16,7.4400,7.5060,7.4210,7.5030,749850988.0000,55.9703
2025/4/17,7.6550,7.6600,7.5410,7.5650,1007652486.0000,76.4343
2025/4/18,7.5640,7.5890,7.5330,7.5830,478054139.0000,36.1704
2025/4/21,7.6840,7.7270,7.6770,7.7240,751194584.0000,57.8038
2025/4/22,7.8710,8.0330,7.8600,7.9820,1519502089.0000,120.9341
2025/4/23,7.7590,7.7590,7.4860,7.5000,2564688817.0000,195.6277
2025/4/24,7.6700,7.7070,7.5500,7.5820,1303473358.0000,99.4684
2025/4/25,7.6410,7.6560,7.4860,7.5300,998594300.0000,75.6093
2025/4/28,7.4990,7.5110,7.4430,7.4650,807300957.0000,60.3153
2025/4/29,7.5610,7.5860,7.4850,7.5170,630471289.0000,47.4949
2025/4/30,7.5250,7.5290,7.4670,7.4710,437292760.0000,32.7622
2025/5/6,7.5960,7.6590,7.5700,7.6120,984527034.0000,74.9950
2025/5/7,7.6140,7.6780,7.5880,7.6710,751864933.0000,57.4854
2025/5/8,7.6790,7.7320,7.5380,7.5570,1112851087.0000,85.0391
2025/5/9,7.5020,7.5550,7.4270,7.5310,887300929.0000,66.4722
2025/5/12,7.3410,7.3990,7.3410,7.3760,668199236.0000,49.3095
2025/5/13,7.2910,7.3390,7.2240,7.3320,905216614.0000,65.8865
2025/5/14,7.3090,7.3220,7.2650,7.2770,548179300.0000,39.9667
2025/5/15,7.1650,7.1690,7.0100,7.0620,1290123946.0000,91.3243
2025/5/16,7.1950,7.2040,7.1570,7.1770,855274788.0000,61.4378
2025/5/19,7.2060,7.2310,7.1930,7.2220,633277100.0000,45.6742
2025/5/20,7.2170,7.2380,7.1960,7.2090,460862770.0000,33.2454
2025/5/21,7.3810,7.4400,7.3760,7.4390,754386545.0000,55.8756
2025/5/22,7.4780,7.5050,7.4480,7.4500,727054800.0000,54.3978
2025/5/23,7.4050,7.4570,7.3730,7.4540,605935900.0000,44.9538
2025/5/26,7.4380,7.4720,7.4230,7.4250,442308700.0000,32.9421
2025/5/27,7.4340,7.4560,7.3560,7.3660,603457313.0000,44.7291
2025/5/28,7.3690,7.3890,7.3410,7.3750,304997600.0000,22.4737
2025/5/29,7.2630,7.3100,7.2600,7.3000,423281700.0000,30.8468
2025/5/30,7.3900,7.3910,7.3350,7.3690,363573703.0000,26.7600
2025/6/3,7.5010,7.5190,7.4610,7.4780,606170700.0000,45.4499
2025/6/4,7.4880,7.5030,7.4590,7.4740,416157150.0000,31.1366
2025/6/5,7.4990,7.5040,7.4690,7.4830,338533600.0000,25.3479
2025/6/6,7.4770,7.4920,7.4690,7.4810,375355132.0000,28.0770
2025/6/9,7.3640,7.4010,7.3310,7.4000,505825100.0000,37.2645
2025/6/10,7.3660,7.4200,7.3530,7.4050,517795889.0000,38.2294
2025/6/11,7.4200,7.4360,7.4040,7.4280,360699753.0000,26.7764
2025/6/12,7.5050,7.5120,7.4740,7.4970,389463130.0000,29.1965
2025/6/13,7.6160,7.6530,7.5700,7.5880,888062400.0000,67.6470
2025/6/16,7.6290,7.6340,7.5480,7.5630,663731179.0000,50.4148
2025/6/17,7.5250,7.5280,7.4700,7.4990,503152168.0000,37.7571
2025/6/18,7.4990,7.5270,7.4760,7.5030,384865270.0000,28.8656
2025/6/19,7.5000,7.5060,7.4440,7.4650,366857400.0000,27.4198
2025/6/20,7.4600,7.4640,7.4230,7.4360,365250300.0000,27.1757
2025/6/23,7.4520,7.4850,7.4410,7.4640,368519740.0000,27.5023
2025/6/24,7.4310,7.4400,7.3540,7.3720,581647312.0000,43.0539
2025/6/25,7.3780,7.3980,7.3760,7.3920,284710700.0000,21.0358
2025/6/26,7.3900,7.4060,7.3850,7.4050,277147880.0000,20.4901
2025/6/27,7.3650,7.3750,7.3110,7.3260,455853400.0000,33.4523
2025/6/30,7.3000,7.3210,7.2740,7.3140,336657400.0000,24.5775
2025/7/1,7.3590,7.4000,7.3460,7.3970,347867947.0000,25.6412
2025/7/2,7.3950,7.4180,7.3840,7.3940,291654800.0000,21.5743
2025/7/3,7.4070,7.4530,7.4070,7.4450,295990300.0000,21.9940
2025/7/4,7.4000,7.4130,7.3760,7.4070,257229100.0000,19.0219
2025/7/7,7.3480,7.3670,7.3440,7.3550,281784400.0000,20.7258
2025/7/8,7.3970,7.4060,7.3890,7.3980,217899576.0000,16.1208
2025/7/9,7.3470,7.3480,7.3040,7.3140,425534100.0000,31.1631
2025/7/10,7.3710,7.3800,7.3580,7.3710,302003773.0000,22.2586
2025/7/11,7.3750,7.3920,7.3720,7.3760,261655404.0000,19.3113
2025/7/14,7.4260,7.4450,7.4130,7.4400,267188547.0000,19.8352
2025/7/15,7.4100,7.4450,7.4010,7.4360,268931110.0000,19.9643
2025/7/16,7.3940,7.4070,7.3780,7.4020,239071350.0000,17.6721
2025/7/17,7.4030,7.4110,7.3860,7.3970,208316994.0000,15.4146
2025/7/18,7.3940,7.4070,7.3910,7.4030,184028487.0000,13.6150
2025/7/21,7.4300,7.4540,7.4200,7.4460,300457429.0000,22.3389
2025/7/22,7.4830,7.4890,7.4700,7.4740,362003425.0000,27.0762
2025/7/23,7.5400,7.5490,7.5250,7.5480,314107164.0000,23.6846
2025/7/24,7.4590,7.4610,7.4150,7.4240,440510942.0000,32.7537
2025/7/25,7.4150,7.4210,7.3990,7.4090,254762663.0000,18.8741
2025/7/28,7.3820,7.3980,7.3670,7.3880,284143328.0000,20.9668
2025/7/29,7.3500,7.3660,7.3450,7.3630,263161641.0000,19.3602
2025/7/30,7.3870,7.3890,7.3670,7.3770,281773628.0000,20.7860
2025/7/31,7.3290,7.3560,7.3150,7.3500,304165711.0000,22.3159
2025/8/1,7.3430,7.3660,7.3310,7.3520,192399599.0000,14.1390
2025/8/4,7.4320,7.4470,7.4320,7.4460,426113592.0000,31.7084
2025/8/5,7.4810,7.4860,7.4540,7.4550,322458715.0000,24.0880
2025/8/6,7.4720,7.4820,7.4600,7.4680,266181951.0000,19.8834
2025/8/7,7.4710,7.4880,7.4590,7.4840,313642201.0000,23.4413
2025/8/8,7.4880,7.5130,7.4880,7.5080,338060349.0000,25.3554
2025/8/11,7.4520,7.4600,7.4230,7.4290,359688810.0000,26.7836
2025/8/12,7.4120,7.4160,7.3930,7.3990,281491669.0000,20.8444
2025/8/13,7.3950,7.4160,7.3940,7.4150,230600612.0000,17.0783
2025/8/14,7.4310,7.4380,7.4130,7.4240,228780544.0000,16.9886
2025/8/15,7.3840,7.4100,7.3810,7.4010,208044000.0000,15.3872
2025/8/18,7.3980,7.4300,7.3930,7.4130,228171106.0000,16.9007
2025/8/19,7.3860,7.4000,7.3860,7.3910,182699299.0000,13.5051
2025/8/20,7.3620,7.3770,7.3500,7.3740,204963900.0000,15.0944
2025/8/21,7.4030,7.4080,7.3870,7.3940,223292731.0000,16.5215
2025/8/22,7.3950,7.4000,7.3730,7.3780,194928678.0000,14.3989
2025/8/25,7.4190,7.4300,7.4170,7.4270,288572434.0000,21.4195
2025/8/26,7.4370,7.4500,7.4370,7.4490,293532600.0000,21.8518
2025/8/27,7.4610,7.4610,7.4440,7.4500,235912901.0000,17.5873
2025/8/28,7.4620,7.4700,7.4590,7.4680,223107284.0000,16.6524
2025/8/29,7.4800,7.4880,7.4780,7.4860,217764686.0000,16.2964
2025/9/1,7.5460,7.6580,7.5420,7.6470,844514784.0000,64.3135
2025/9/2,7.7500,7.7500,7.6630,7.6700,650604808.0000,50.0653
2025/9/3,7.7600,7.7870,7.7460,7.7680,535458390.0000,41.5852
2025/9/4,7.7950,7.7950,7.6940,7.7500,561861413.0000,43.5259
2025/9/5,7.7730,7.7820,7.7550,7.7750,344149544.0000,26.7476
2025/9/8,7.8110,7.8480,7.8080,7.8470,413909759.0000,32.4089
2025/9/9,7.9340,7.9870,7.9280,7.9660,695908132.0000,55.3763
2025/9/10,7.9060,7.9530,7.8980,7.9470,398608908.0000,31.6025
2025/9/11,7.9630,7.9680,7.9010,7.9230,410933374.0000,32.5987
2025/9/12,7.9320,7.9660,7.9320,7.9540,328766845.0000,26.1371
2025/9/15,7.9080,7.9470,7.9070,7.9310,285290527.0000,22.6257
2025/9/16,8.0070,8.0340,7.9880,8.0320,339497584.0000,27.1871
2025/9/17,8.0100,8.0100,7.9550,7.9640,428296395.0000,34.1785
2025/9/18,7.9010,7.9490,7.8590,7.8620,556562627.0000,43.9956
2025/9/19,7.9010,7.9170,7.8690,7.8980,323799619.0000,25.5674
2025/9/22,8.0050,8.0580,7.9840,8.0480,453251935.0000,36.3255
2025/9/23,8.1250,8.1490,8.1050,8.1430,511550370.0000,41.5814
2025/9/24,8.1410,8.2040,8.1230,8.1900,439901080.0000,35.9142
2025/9/25,8.1600,8.1640,8.1160,8.1460,444111704.0000,36.1472
2025/9/26,8.1500,8.1830,8.1470,8.1600,384548100.0000,31.3826
2025/9/29,8.1770,8.2680,8.1740,8.2590,532950667.0000,43.8069
2025/9/30,8.3240,8.3880,8.3240,8.3390,666956876.0000,55.7607
2025/10/9,8.7240,8.7790,8.6900,8.7290,801442472.0000,69.9632
2025/10/10,8.6370,8.6510,8.5860,8.6020,641470935.0000,55.2802
2025/10/13,8.7700,8.8680,8.7700,8.8590,773948022.0000,68.2600
2025/10/14,9.1000,9.3770,8.8780,8.9760,1667960506.0000,150.9400
2025/10/15,9.1430,9.1900,9.0900,9.1870,919314119.0000,84.0469
2025/10/16,9.2300,9.2880,9.1980,9.2440,1040915876.0000,96.2579
2025/10/17,9.4970,9.5870,9.3610,9.5680,1586342550.0000,150.8349
2025/10/20,9.3080,9.3670,9.2500,9.2680,1205698499.0000,112.3908
2025/10/21,9.5260,9.5260,9.4250,9.4900,999521780.0000,94.7351
2025/10/22,8.9860,9.1060,8.9500,9.1010,1407669227.0000,126.9457
2025/10/23,8.9800,9.0520,8.9200,8.9940,932066467.0000,83.6678
2025/10/24,9.0480,9.0530,8.9330,8.9500,740082055.0000,66.5296
2025/10/27,8.9480,8.9490,8.8970,8.9140,675437497.0000,60.2434
2025/10/28,8.7900,8.7900,8.5910,8.5970,1085475713.0000,94.3329
2025/10/29,8.6800,8.6990,8.6220,8.6920,799957387.0000,69.2914
2025/10/30,8.6350,8.7060,8.5590,8.7040,1025527342.0000,88.5879
2025/10/31,8.8100,8.8220,8.7480,8.7940,771949636.0000,67.8277
2025/11/3,8.7430,8.8010,8.7370,8.7970,465811303.0000,40.8551
2025/11/4,8.7450,8.7560,8.7050,8.7370,531122927.0000,46.3817
2025/11/5,8.6540,8.7320,8.6410,8.7060,476092329.0000,41.3662
2025/11/6,8.7180,8.7570,8.7060,8.7550,409443562.0000,35.7686
2025/11/7,8.7690,8.7980,8.7550,8.7930,427264748.0000,37.4789
2025/11/10,8.8690,8.9490,8.8560,8.9360,758507494.0000,67.5162
2025/11/11,9.1380,9.1380,9.0490,9.0620,828106585.0000,75.1883
2025/11/12,9.0580,9.0680,8.9840,9.0290,658718382.0000,59.4831
2025/11/13,9.1570,9.1840,9.1340,9.1750,651400798.0000,59.6801
2025/11/14,9.0990,9.1800,9.0900,9.0960,716187519.0000,65.4078
2025/11/17,8.9220,8.9690,8.8420,8.8820,812669365.0000,72.3829
2025/11/18,8.8370,8.8370,8.7700,8.7770,583681281.0000,51.3356
2025/11/19,8.8900,8.9680,8.8730,8.9540,604136017.0000,53.9242
2025/11/20,8.9590,8.9690,8.8650,8.9030,633776232.0000,56.4945
2025/11/21,8.8880,8.9210,8.8240,8.8280,684293990.0000,60.7146
2025/11/24,8.8580,8.8650,8.8290,8.8570,468144900.0000,41.4139
2025/11/25,8.9900,9.0390,8.9900,9.0100,642314263.0000,57.8963
2025/11/26,9.0150,9.0480,9.0030,9.0110,509052124.0000,45.9614
2025/11/27,9.0030,9.0170,8.9860,9.0100,380715268.0000,34.2767
2025/11/28,9.0840,9.0900,9.0510,9.0670,397292813.0000,36.0337
2025/12/1,9.1460,9.2040,9.1280,9.1610,731858399.0000,67.0801
2025/12/2,9.1180,9.1450,9.0880,9.1120,447517819.0000,40.8329
2025/12/3,9.1180,9.1430,9.0840,9.0960,460723335.0000,41.9888
2025/12/4,9.1070,9.1250,9.0350,9.0640,558462141.0000,50.7076
2025/12/5,9.0940,9.1480,9.0840,9.1360,415965811.0000,37.9153
2025/12/8,9.1070,9.1190,9.0780,9.1100,431705623.0000,39.2919
2025/12/9,9.0750,9.0820,9.0260,9.0460,477281632.0000,43.2262
2025/12/10,9.1140,9.1180,9.0810,9.0950,341858428.0000,31.1134
2025/12/11,9.1570,9.1650,9.0950,9.1100,466634993.0000,42.6071
2025/12/12,9.2010,9.2300,9.1910,9.2270,476618809.0000,43.8819
2025/12/15,9.2980,9.3600,9.2970,9.3510,567902846.0000,52.9751
2025/12/16,9.2720,9.2960,9.1990,9.2400,519626708.0000,48.0590
2025/12/17,9.2830,9.3450,9.2830,9.3100,452083592.0000,42.0942
2025/12/18,9.3110,9.3270,9.3020,9.3180,317805610.0000,29.6134
2025/12/19,9.2900,9.3210,9.2730,9.3130,370300316.0000,34.4392
2025/12/22,9.3800,9.5140,9.3800,9.5110,691875423.0000,65.3423
2025/12/23,9.6300,9.6890,9.6080,9.6390,902281420.0000,87.0933
2025/12/24,9.7190,9.7220,9.6130,9.6420,738436899.0000,71.3692
2025/12/25,9.5710,9.5800,9.5390,9.5660,431157619.0000,41.2311
2025/12/26,9.6700,9.6800,9.6180,9.6500,489825336.0000,47.2624
2025/12/29,9.6400,9.6670,9.5500,9.5630,714496669.0000,68.7710
2025/12/30,9.2720,9.4020,9.2720,9.3630,861555822.0000,80.5859
2025/12/31,9.3590,9.3920,9.1960,9.3010,887315417.0000,82.5535
2026/1/5,9.4210,9.4990,9.4210,9.4950,683271028.0000,64.6515
2026/1/6,9.5360,9.6060,9.5280,9.5770,531345738.0000,50.8537
2026/1/7,9.6000,9.6010,9.5110,9.5180,616398514.0000,58.9433
2026/1/8,9.5550,9.5590,9.4740,9.5110,483834991.0000,46.0494
2026/1/9,9.5440,9.5960,9.5440,9.5920,379190390.0000,36.2995
2026/1/12,9.7790,9.7910,9.7360,9.7770,493501700.0000,48.2241
2026/1/13,9.7900,9.8250,9.7710,9.7930,398236725.0000,39.0117
2026/1/14,9.8710,9.9250,9.8690,9.9220,436952117.0000,43.2162
2026/1/15,9.8610,9.8830,9.8200,9.8670,554292206.0000,54.6044
2026/1/16,9.8510,9.8740,9.8280,9.8570,327843149.0000,32.2886
2026/1/19,9.9620,10.0090,9.9600,10.0060,480621154.0000,47.9723
2026/1/20,10.0050,10.0950,9.9830,10.0820,533806706.0000,53.6296
2026/1/21,10.3650,10.5010,10.3220,10.3770,984509622.0000,102.3035
2026/1/22,10.2900,10.3430,10.2300,10.3410,719685837.0000,73.9895
2026/1/23,10.6180,10.6430,10.5850,10.6170,729889496.0000,77.4655
2026/1/26,10.8860,10.9550,10.8480,10.9240,960474483.0000,104.6307
2026/1/27,10.8830,10.9460,10.8480,10.9340,771107250.0000,83.9573
2026/1/28,11.1100,11.2880,11.1090,11.2800,1066201004.0000,119.6150
2026/1/29,11.9180,11.9770,11.7960,11.9040,1497107926.0000,177.9910
2026/1/30,11.4710,11.5330,10.8000,11.0090,2301609692.0000,257.7751
2026/2/2,9.9080,10.2450,9.9080,9.9080,1899820420.0000,191.4501
2026/2/3,10.3550,10.4610,10.1050,10.4220,2100916676.0000,216.1318
2026/2/4,10.7950,10.9040,10.7380,10.8670,1424298936.0000,154.1292
2026/2/5,10.6100,10.6950,10.3000,10.5230,1909045495.0000,200.5744
2026/2/6,10.0790,10.5230,10.0500,10.3570,1841278975.0000,190.3427
2026/2/9,10.7200,10.7500,10.6100,10.7190,1161222745.0000,124.1817
2026/2/10,10.6860,10.7330,10.6610,10.6690,702600061.0000,75.1307
2026/2/11,10.7040,10.7650,10.7000,10.7580,681826714.0000,73.1756
2026/2/12,10.7200,10.7520,10.7000,10.7200,600479350.0000,64.4523
2026/2/13,10.5820,10.6170,10.5080,10.5750,769392258.0000,81.3135
2026/2/24,10.9200,10.9980,10.9030,10.9500,752313723.0000,82.4157
2026/2/25,10.9530,10.9920,10.9200,10.9590,607477346.0000,66.5647
2026/2/26,10.9390,10.9440,10.8960,10.9130,437766976.0000,47.8139
2026/2/27,10.9200,10.9500,10.9110,10.9330,463126387.0000,50.6342
2026/3/2,11.3680,11.4190,11.2140,11.4170,1130097171.0000,127.7564
2026/3/3,11.4180,11.4180,11.2020,11.2590,969284941.0000,109.6819
2026/3/4,11.0000,11.0850,10.9260,10.9800,997981175.0000,109.8112
2026/3/5,10.9800,11.0140,10.8890,10.9640,653680200.0000,71.6520
2026/3/6,10.8340,10.9370,10.8310,10.8730,491671193.0000,53.5647
2026/3/9,10.8580,10.9500,10.7930,10.8680,801213216.0000,87.1328
2026/3/10,10.9630,10.9910,10.9430,10.9560,437932878.0000,48.0116
2026/3/11,11.0260,11.0280,10.9640,10.9740,475495727.0000,52.3009
2026/3/12,10.9280,10.9560,10.8920,10.9380,389237902.0000,42.5317
2026/3/13,10.8520,10.8800,10.7910,10.8020,388524533.0000,42.1161
2026/3/16,10.6300,10.7000,10.6050,10.6640,478924660.0000,51.0046
2026/3/17,10.6320,10.6960,10.6300,10.6370,353528190.0000,37.6697
2026/3/18,10.6380,10.6390,10.5700,10.6060,354427328.0000,37.5686
2026/3/19,10.2830,10.3450,10.0800,10.1260,878362147.0000,90.0611
2026/3/20,9.9000,10.0660,9.8830,9.8960,1191784092.0000,118.7842
2026/3/23,9.4880,9.5000,8.9060,8.9410,1974765911.0000,182.3177
2026/3/24,9.2100,9.3030,9.1050,9.2990,1490516464.0000,137.1674
2026/3/25,9.7000,9.7720,9.6090,9.6410,1178632201.0000,114.3809
2026/3/26,9.6280,9.6370,9.3580,9.4500,1107621274.0000,105.2593
2026/3/27,9.3580,9.5280,9.3580,9.4940,748707264.0000,70.7722
2026/3/30,9.4960,9.6960,9.4730,9.6560,1046745903.0000,100.5347
2026/3/31,9.7510,9.8360,9.6970,9.6990,981801710.0000,95.7569
2026/4/1,9.9500,10.0280,9.9120,10.0240,835670818.0000,83.1631
2026/4/2,10.0000,10.0000,9.6410,9.7380,1302646746.0000,128.1425
2026/4/3,9.9140,9.9140,9.7930,9.8280,424296200.0000,41.7622
2026/4/7,9.8450,9.8670,9.7810,9.8370,542784769.0000,53.3185
2026/4/8,10.1030,10.1530,10.0570,10.1130,994347975.0000,100.5185
2026/4/9,9.9200,9.9500,9.9000,9.9080,655252744.0000,65.0154
2026/4/10,9.9950,10.0300,9.9540,9.9720,577695324.0000,57.7248
2026/4/13,9.9180,9.9390,9.9000,9.9240,428554392.0000,42.5125
2026/4/14,9.9990,10.0120,9.9680,10.0110,422160466.0000,42.1878
2026/4/15,10.1270,10.1500,10.0620,10.0640,489769744.0000,49.4941
2026/4/16,10.0950,10.1110,10.0700,10.0970,376243713.0000,37.9636
2026/4/17,10.0000,10.0710,9.9900,10.0290,357718901.0000,35.8920
2026/4/20,10.0400,10.0750,10.0130,10.0360,355833475.0000,35.7262
2026/4/21,10.0700,10.0720,10.0030,10.0100,323902876.0000,32.5058
2026/4/22,9.9680,10.0080,9.9680,10.0040,364219794.0000,36.3727
2026/4/23,9.9350,9.9470,9.8650,9.9000,426785130.0000,42.2662
2026/4/24,9.8850,9.8860,9.8140,9.8260,314190201.0000,30.9188
2026/4/27,9.8590,9.9170,9.8570,9.8970,255476037.0000,25.2605
2026/4/28,9.8500,9.8540,9.7140,9.7320,376104347.0000,36.7634
2026/4/29,9.6410,9.6800,9.6300,9.6370,511996833.0000,49.4388
2026/4/30,9.6290,9.6790,9.5800,9.6780,404662969.0000,38.9456
2026/5/6,9.6980,9.7920,9.6980,9.7910,392697776.0000,38.2723
2026/5/7,9.8710,9.9330,9.8350,9.9090,438005730.0000,43.2212
2026/5/8,9.8710,9.8970,9.8530,9.8800,340379015.0000,33.6149
2026/5/11,9.8270,9.8270,9.7140,9.7740,447587670.0000,43.7602
2026/5/12,9.9000,9.9060,9.8000,9.8060,405923015.0000,39.9756
2026/5/13,9.8180,9.8340,9.7800,9.8040,298307355.0000,29.2586
2026/5/14,9.7800,9.8020,9.7610,9.7950,296882393.0000,29.0350
2026/5/15,9.6450,9.6590,9.5320,9.5540,649877683.0000,62.3385
2026/5/18,9.4400,9.5340,9.4350,9.5130,476978463.0000,45.2793
2026/5/19,9.5190,9.5540,9.4850,9.5150,264376415.0000,25.1624
2026/5/20,9.4000,9.4000,9.3320,9.3670,546321491.0000,51.1480
2026/5/21,9.5300,9.5430,9.4470,9.4500,337773070.0000,32.0681
2026/5/22,9.4600,9.4740,9.4240,9.4610,271569663.0000,25.6772
2026/5/25,9.5310,9.5400,9.4900,9.5120,238605940.0000,22.6978
2026/5/26,9.4810,9.4870,9.4420,9.4540,220861420.0000,20.8935
2026/5/27,9.4190,9.4250,9.3360,9.3450,324668208.0000,30.4460
2026/5/28,9.2160,9.2180,9.1080,9.1320,456620753.0000,41.8101
2026/5/29,9.3850,9.4000,9.3400,9.3970,348235218.0000,32.6257
2026/6/1,9.3980,9.4140,9.3430,9.3440,258640902.0000,24.2738
2026/6/2,9.3000,9.4140,9.2660,9.4100,324778050.0000,30.3494
2026/6/3,9.2800,9.3270,9.2630,9.2810,325487600.0000,30.2467
2026/6/4,9.3010,9.3200,9.2740,9.2900,282172674.0000,26.2326
2026/6/5,9.2630,9.2750,9.2100,9.2520,301755305.0000,27.8857
2026/6/8,9.0010,9.0240,8.8930,8.9530,495297882.0000,44.4254
2026/6/9,9.0100,9.0460,9.0040,9.0050,287000533.0000,25.8962
2026/6/10,8.7400,8.7800,8.6710,8.7360,560909257.0000,48.8977
2026/6/11,8.5610,8.5800,8.4180,8.5060,649152677.0000,55.1548
2026/6/12,8.6700,8.7150,8.6390,8.6590,436740687.0000,37.8749
2026/6/15,8.9160,8.9880,8.9100,8.9280,499417455.0000,44.6897
2026/6/16,8.9450,8.9680,8.9200,8.9490,275222053.0000,24.6116
2026/6/17,8.9780,8.9860,8.9330,8.9570,263405774.0000,23.6114
2026/6/18,8.9500,8.9640,8.8920,8.9080,298268213.0000,26.6337
2026/6/22,8.7350,8.7420,8.6550,8.7160,440971831.0000,38.3455
2026/6/23,8.6680,8.6740,8.5250,8.5370,425630533.0000,36.5467
2026/6/24,8.4850,8.5300,8.4260,8.5150,402997039.0000,34.1871
2026/6/25,8.3300,8.3300,8.2670,8.2870,508986639.0000,42.2483
2026/6/26,8.3650,8.3930,8.2930,8.3900,384807548.0000,32.1336
2026/6/29,8.4450,8.4790,8.4040,8.4490,339834907.0000,28.7049
2026/6/30,8.2620,8.3890,8.2240,8.3780,419277945.0000,34.7335
2026/7/1,8.2840,8.3000,8.2530,8.2710,305289870.0000,25.2682
2026/7/2,8.4250,8.4840,8.3970,8.4750,514978977.0000,43.4698
2026/7/3,8.7060,8.7260,8.6360,8.6720,467668483.0000,40.6000
2026/7/6,8.6960,8.7380,8.6200,8.6310,316270803.0000,27.4440
2026/7/7,8.5900,8.6200,8.5640,8.5970,223857697.0000,19.2415
2026/7/8,8.5430,8.6050,8.5300,8.5890,241068182.0000,20.6807
2026/7/9,8.4950,8.5500,8.4460,8.5440,245420653.0000,20.8479
2026/7/10,8.5510,8.5870,8.5380,8.5410,228291524.0000,19.5350
2026/7/13,8.4700,8.4970,8.4130,8.4190,302048524.0000,25.5175
2026/7/14,8.3020,8.3890,8.3020,8.3730,236212800.0000,19.7421
2026/7/15,8.4150,8.4200,8.3470,8.3690,228330952.0000,19.1207
2026/7/16,8.3750,8.3950,8.3490,8.3630,180021910.0000,15.0656
2026/7/17,8.2910,8.3260,8.2560,8.3110,284476860.0000,23.5805
2026/7/20,8.3110,8.3620,8.3000,8.3180,200720800.0000,16.7139
2026/7/21,8.3520,8.4770,8.3450,8.4680,321197319.0000,27.0062
2026/7/22,8.5550,8.6140,8.5460,8.5600,649427312.0000,55.7074
2026/7/23,8.6040,8.6100,8.5410,8.5600,371266198.0000,31.8042
2026/7/24,8.4000,8.4200,8.3600,8.3850,369636900.0000,30.9945
2026/7/27,8.5030,8.5270,8.4760,8.5020,256733538.0000,21.8251
2026/7/28,8.3910,8.4060,8.3720,8.4000,213705679.0000,17.9346
2026/7/29,8.3400,8.3990,8.3400,8.3920,271556376.0000,22.7459
2026/7/30,8.4630,8.4840,8.3500,8.3600,403331464.0000,33.9568
2026/7/31,8.4600,8.4640,8.4200,8.4330,298389517.0000,25.1876
2026/8/3,8.4000,8.4300,8.3830,8.4170,322314406.0000,27.1049
2026/8/4,8.3940,8.4250,8.3910,8.4080,244289678.0000,20.5483
2026/8/5,8.4590,8.6440,8.4420,8.6400,747452212.0000,63.9915
2026/8/6,8.8800,8.9050,8.7830,8.7950,820062838.0000,72.5468
2026/8/7,8.7750,8.8920,8.7740,8.8920,696389542.0000,61.5412
2026/8/10,8.9400,9.0050,8.9080,9.0050,669955011.0000,59.9979
2026/8/11,9.1300,9.1630,9.0010,9.0090,926608343.0000,84.1420
2026/8/12,9.0700,9.1210,9.0510,9.1030,586195401.0000,53.2453
2026/8/13,9.1260,9.1440,9.0160,9.0420,537385711.0000,48.7761
2026/8/14,8.9060,8.9490,8.8910,8.9460,525078377.0000,46.8188
2026/8/17,9.0900,9.0950,9.0480,9.0680,445054556.0000,40.3255
2026/8/18,9.1110,9.1260,9.0470,9.0780,359753054.0000,32.6627
2026/8/19,8.9570,9.0110,8.9490,8.9740,400256583.0000,35.9318
2026/8/20,9.2510,9.2530,9.2000,9.2340,552273333.0000,50.9789
2026/8/21,9.3010,9.3910,9.2950,9.3880,822936717.0000,76.8495
2026/8/24,9.4880,9.5820,9.4800,9.5640,913632792.0000,87.1776
2026/8/25,9.6070,9.6200,9.4970,9.5330,924973189.0000,88.3708
2026/8/26,9.5390,9.5880,9.4980,9.5170,571279384.0000,54.5035
2026/8/27,9.5040,9.5400,9.4450,9.4460,572958427.0000,54.3858
2026/8/28,9.4370,9.4750,9.3980,9.4750,473701359.0000,44.6270
2026/8/31,9.1600,9.1710,9.0500,9.1350,938190765.0000,85.5665
2026/9/1,9.1280,9.1560,9.1080,9.1180,451044854.0000,41.1888
2026/9/2,8.9000,8.9220,8.8330,8.9020,849701487.0000,75.4498
2026/9/3,9.0450,9.1350,9.0450,9.1050,651064968.0000,59.2326
2026/9/4,9.2100,9.2180,9.1600,9.1640,461556950.0000,42.4348
2026/9/7,9.0210,9.0760,9.0090,9.0240,501577786.0000,45.3756
2026/9/8,9.1020,9.1230,9.0390,9.0470,414397829.0000,37.6620
2026/9/9,8.9700,9.0520,8.9700,9.0410,448699652.0000,40.4297
2026/9/10,9.0600,9.1050,9.0510,9.0830,441013607.0000,40.0186
2026/9/11,8.8950,8.9630,8.8520,8.9430,617832329.0000,55.0484
2026/9/14,8.907,8.95,8.875,8.875,454825043,40.54072492
2026/9/15,8.849,8.879,8.814,8.829,411399421,36.37561796
2026/9/16,8.828,8.924,8.804,8.905,557027113,49.45405175
2026/9/17,8.86,8.888,8.787,8.856,572748159,50.62606725
2026/9/18,8.95,9.026,8.896,9.009,601308814,53.85512314
