date,open,high,low,close,volume,amt
2002/10/30,83.98,92.38,82,83.52,352,0.2937337
2002/10/31,83.9,83.92,83.9,83.91,66,0.0553748
2002/11/1,84.5,84.65,84,84.51,77,0.0650251
2002/11/4,84.9,85.06,84.9,84.99,95,0.0807633
2002/11/5,85.1,85.2,85.1,85.13,61,0.0519365
2002/11/6,84.9,84.9,84.9,84.9,1,0.000849
2002/11/7,85,85.15,85,85.14,26,0.0221231
2002/11/8,85.25,85.28,85.1,85.16,35,0.0298178
2002/11/11,85.18,85.19,85.18,85.19,65,0.0553705
2002/11/12,85.26,85.32,85.26,85.29,13,0.0110875
2002/11/13,85.7,86.3,85.5,85.99,22,0.0189188
2002/11/14,84.62,85.48,84.62,84.97,3,0.0025491
2002/11/15,85,85.02,85,85,122,0.1037025
2002/11/18,85.26,85.31,85.25,85.28,126,0.1074338
2002/11/19,84.85,85.32,84.85,85.22,86,0.0730995
2002/11/20,85.3,85.3,84.85,85,75,0.0637432
2002/11/21,84.78,85.06,84.77,85.04,33,0.0280118
2002/11/22,85.1,85.19,85.1,85.18,65,0.0553397
2002/11/25,85.21,85.5,85.21,85.39,147,0.1255442
2002/11/26,85.32,85.38,85.32,85.37,44,0.03756
2002/11/27,85.4,85.55,85.4,85.52,67,0.0572373
2002/11/28,85.55,85.55,85.51,85.53,25,0.0213831
2002/11/29,85.5,85.6,85.5,85.6,78,0.0667547
2002/12/2,85.33,85.55,85.33,85.55,45,0.0384953
2002/12/3,85.5,85.55,85.5,85.55,25,0.021387
2002/12/4,86,86,85.8,85.95,61,0.0523949
2002/12/5,86,86,85.8,85.95,66,0.056742
2002/12/6,85.95,86.27,85.95,86.23,129,0.1112238
2002/12/9,86.69,86.69,86.54,86.55,157,0.135901
2002/12/10,86.6,86.61,86.59,86.6,39,0.0337744
2002/12/11,86.55,86.55,86.22,86.32,73,0.0630193
2002/12/12,86.4,86.45,86.4,86.45,111,0.0959274
2002/12/13,87.84,87.9,87.84,87.9,127,0.1116226
2002/12/16,88.8,90,88.78,89.53,122,0.1084803
2002/12/17,89.8,90.15,89.8,90.11,95,0.085434
2002/12/18,90.15,90.15,90.07,90.15,103,0.0928262
2002/12/19,91.62,94.5,91.62,93.66,37,0.0343992
2002/12/20,94,94.8,93.88,94.4,49,0.046142
2002/12/23,93.8,94,93.28,93.44,41,0.0383366
2002/12/24,93.65,93.65,92.9,93.1,94,0.0876579
2002/12/25,93.2,93.25,93.05,93.05,49,0.045633
2002/12/26,92.55,93.08,92.55,93.01,71,0.0659972
2002/12/27,93.8,93.85,93.5,93.61,79,0.0740617
2002/12/30,93.8,94,93.6,93.86,62,0.0582087
2002/12/31,93.35,93.35,92.51,92.79,6,0.0055674
2003/1/2,93,93,92.8,92.87,201,0.1866124
2003/1/3,92.8,92.84,92.75,92.81,119,0.1104528
2003/1/6,93.99,94,93.9,93.95,219,0.2057515
2003/1/7,93.75,93.75,93.66,93.67,62,0.0580955
2003/1/8,93.6,93.6,93.3,93.37,188,0.1755057
2003/1/9,94.36,94.36,94.1,94.22,294,0.2770002
2003/1/10,94.38,94.38,94.18,94.2,225,0.2119894
2003/1/13,94.3,94.4,94.3,94.4,107,0.1009451
2003/1/14,94.75,94.8,94.75,94.8,64,0.0606641
2003/1/15,94.8,94.9,94.65,94.88,214,0.2029838
2003/1/16,95,95.05,94.62,94.94,78,0.0740901
2003/1/17,95.5,95.68,95.5,95.58,62,0.0592419
2003/1/20,95.68,96,95.6,95.89,131,0.1253838
2003/1/21,96,96.28,96,96.27,109,0.1048075
2003/1/22,97.5,97.5,97.35,97.42,7,0.0068193
2003/1/23,98.48,98.5,97.65,97.7,55,0.0537625
2003/1/24,98.3,98.3,97.94,97.98,95,0.0931412
2003/1/27,98.5,98.52,98,98.1,137,0.1348376
2003/1/28,98.12,98.12,97.15,97.24,212,0.2068932
2003/1/29,97.78,97.78,97.5,97.7,121,0.1181863
2003/2/10,98.5,99.4,98.5,99.07,427,0.4215691
2003/2/11,97.55,97.8,97.18,97.41,269,0.2618626
2003/2/12,97.11,97.36,97,97.2,974,0.9466636
2003/2/13,94.1,95,94.1,94.36,456,0.4298952
2003/2/14,96.58,96.58,96,96.46,413,0.3973989
2003/2/17,92.5,94.6,92.5,93.22,344,0.3214099
2003/2/18,94,94.48,94,94.07,39,0.0367524
2003/2/19,93,93.6,93,93.43,306,0.285736
2003/2/20,94.9,95,94.83,94.88,417,0.3957831
2003/2/21,95.5,95.55,95.08,95.19,432,0.4122591
2003/2/24,94.31,95,94.31,94.74,561,0.5313601
2003/2/25,96.5,96.5,95.67,95.74,441,0.4235681
2003/2/26,95.18,95.56,94.6,94.65,858,0.8132515
2003/2/27,95.3,95.3,94.8,94.93,520,0.4941366
2003/2/28,93.78,93.78,93.5,93.59,1090,1.0198714
2003/3/3,93.28,93.45,93,93.02,715,0.6657483
2003/3/4,93.88,93.99,93.73,93.95,394,0.3700374
2003/3/5,95,95.08,94.9,94.93,282,0.2678014
2003/3/6,94.97,94.97,94.4,94.61,664,0.6280997
2003/3/7,94.9,95,94.81,94.89,199,0.1888898
2003/3/10,94.75,94.85,94.55,94.56,252,0.238468
2003/3/11,94.8,94.8,94.25,94.26,338,0.3195315
2003/3/12,93.6,93.8,93.5,93.73,237,0.2218251
2003/3/13,92.5,92.8,92.49,92.76,717,0.6638963
2003/3/14,91.2,91.2,89.95,90.24,693,0.6244506
2003/3/17,92.3,92.3,91.95,92.15,614,0.5654698
2003/3/18,91.03,91.1,90.86,91.1,350,0.318411
2003/3/19,91.04,91.15,90.88,91.15,301,0.2738558
2003/3/20,90,90.15,89,89.65,307,0.2756698
2003/3/21,89.8,90.15,89.8,90.15,214,0.1924446
2003/3/24,88.6,89.3,88.6,89.28,418,0.3714454
2003/3/25,89.78,89.98,89.5,89.85,572,0.513616
2003/3/26,89.35,89.35,88.7,88.75,400,0.3555938
2003/3/27,89.25,89.35,89.08,89.09,412,0.3675796
2003/3/28,88.81,89,88.35,88.4,192,0.1701809
2003/3/31,89.3,89.7,89.3,89.35,165,0.1476521
2003/4/1,89.78,89.98,89.52,89.7,300,0.2690625
2003/4/2,89.7,89.7,88.88,89.01,552,0.4918512
2003/4/3,88.51,88.51,88.11,88.22,393,0.3465821
2003/4/4,87.5,87.5,86.6,86.81,243,0.2114592
2003/4/7,86.5,86.5,86,86.01,425,0.3658783
2003/4/8,86.89,86.89,85.92,86.01,400,0.34402
2003/4/9,86.41,86.99,86.41,86.86,208,0.1803869
2003/4/10,87.45,87.63,87.41,87.41,356,0.3117473
2003/4/11,87.2,87.25,87.05,87.2,476,0.414832
2003/4/14,87.4,87.45,87.25,87.3,345,0.3012405
2003/4/15,86.89,86.89,86.61,86.65,272,0.2360158
2003/4/16,86.2,87,86.2,86.79,335,0.2905017
2003/4/17,87,87.25,86.95,87.01,206,0.1794197
2003/4/18,87.28,87.3,87.08,87.2,302,0.2634098
2003/4/21,87.45,87.68,87.21,87.31,154,0.134812
2003/4/22,88.63,88.72,88.4,88.45,159,0.1408038
2003/4/23,88.7,88.75,88.6,88.75,209,0.1853756
2003/4/24,88.55,88.75,88.55,88.72,268,0.2375183
2003/4/25,88.72,89.03,88.72,89.02,291,0.2589884
2003/4/28,89,89.05,88.5,88.97,241,0.2141695
2003/4/29,89,89,88.72,88.77,254,0.2257595
2003/4/30,89.08,89.15,89,89.15,147,0.1309266
2003/5/12,92.45,92.49,92.34,92.44,229,0.2115946
2003/5/13,92.4,92.55,92.4,92.52,121,0.1119454
2003/5/14,92.59,92.59,92.43,92.55,96,0.0887903
2003/5/15,92.55,93.3,92.55,93.3,26,0.0242404
2003/5/16,93.2,93.5,93.2,93.5,36,0.0336364
2003/5/19,95,95.2,94.85,94.85,92,0.0873383
2003/5/20,96.54,96.55,96.5,96.5,37,0.0357129
2003/5/21,97,97.2,97,97.14,156,0.1515491
2003/5/22,97.75,98,97.7,97.79,96,0.0939397
2003/5/23,96.8,96.8,96.5,96.59,15,0.0144988
2003/5/26,97.4,97.65,97.4,97.6,103,0.1005218
2003/5/27,98.1,98.1,97.8,98,151,0.1478415
2003/5/28,97,97.45,96.6,97.33,103,0.1001871
2003/5/29,96.5,96.65,96.5,96.64,47,0.0453995
2003/5/30,97.7,98,97.7,97.92,46,0.045007
2003/6/2,96.7,96.78,96.57,96.64,62,0.0599469
2003/6/3,97.4,97.4,97.3,97.35,86,0.0837297
2003/6/4,97.2,97.2,96.9,97.02,106,0.1027937
2003/6/5,96.3,96.4,96.3,96.38,171,0.1647775
2003/6/6,97.3,97.35,97.12,97.14,48,0.0466856
2003/6/9,96.7,97,96.7,96.98,40,0.0387732
2003/6/10,96.1,96.8,96.05,96.58,88,0.0845855
2003/6/11,95,95.1,94.51,94.71,200,0.1899453
2003/6/12,95.08,95.08,94.75,94.75,22,0.0208527
2003/6/13,94.7,94.95,94.7,94.94,47,0.0445843
2003/6/16,96.1,96.1,95.83,95.89,34,0.0326409
2003/6/17,96,96.1,95.95,96.03,11,0.010562
2003/6/18,96.9,96.9,96.4,96.43,81,0.0781352
2003/6/19,95.4,95.45,95.4,95.41,41,0.039118
2003/6/20,96.2,96.2,95.9,95.92,31,0.0297683
2003/6/23,95.35,95.5,95.35,95.46,100,0.0954554
2003/6/24,95,95,94.8,94.99,76,0.0721599
2003/6/25,93.5,93.8,93.5,93.51,70,0.0655323
2003/6/26,93.5,93.75,93.5,93.73,25,0.0234035
2003/6/27,92.35,92.4,92.34,92.39,69,0.0637318
2003/6/30,92.3,92.45,92.3,92.45,23,0.021252
2003/7/1,92.99,93.75,92.99,93.38,10,0.0093264
2003/7/2,93.8,94,93.8,93.9,22,0.0206708
2003/7/3,94,94,93.5,93.53,76,0.0713436
2003/7/4,93.5,93.58,93.45,93.48,59,0.0551656
2003/7/7,93.9,93.9,93.56,93.66,55,0.0515179
2003/7/8,92.9,92.9,92.78,92.8,44,0.0408614
2003/7/9,92.18,92.5,92,92.44,92,0.084826
2003/7/10,92.35,92.35,92.25,92.28,51,0.0470802
2003/7/11,92.28,92.55,92.28,92.47,98,0.0905918
2003/7/14,92.5,92.55,92.3,92.36,71,0.0656257
2003/7/15,92.5,93.15,92.5,93.13,60,0.0558047
2003/7/16,91.6,91.95,91.6,91.9,134,0.123101
2003/7/17,92.15,92.22,92.15,92.19,76,0.0700687
2003/7/18,92.35,92.38,92.22,92.27,141,0.1301021
2003/7/21,92.7,92.7,92.6,92.6,51,0.0472509
2003/7/22,93.3,93.68,93.3,93.63,147,0.1375154
2003/7/23,93.5,93.7,93.5,93.66,85,0.0795881
2003/7/24,95.41,95.41,95.3,95.39,165,0.157342
2003/7/25,95.55,95.6,95.28,95.44,284,0.2709217
2003/7/28,95.8,95.8,95.5,95.79,88,0.0841872
2003/7/29,95.9,96.88,95.9,96.7,69,0.0667567
2003/7/30,96,96,95.5,95.5,36,0.034399
2003/7/31,94.8,94.82,94.6,94.7,81,0.076689
2003/8/1,94.7,94.7,94.45,94.52,48,0.045377
2003/8/4,93.5,93.5,93.3,93.46,90,0.0841246
2003/8/5,93.5,93.85,93.45,93.66,130,0.1217364
2003/8/6,94.01,94.25,94.01,94.22,149,0.1403002
2003/8/7,94.22,94.22,93.5,93.51,143,0.1339569
2003/8/8,94.18,94.3,94.15,94.3,50,0.0471206
2003/8/11,94.8,94.95,94.8,94.85,109,0.1034069
2003/8/12,95.8,95.8,95.5,95.5,228,0.2181955
2003/8/13,95.02,95.02,94.8,94.88,60,0.0569542
2003/8/14,95.79,95.95,95.7,95.94,156,0.1494484
2003/8/15,96.6,96.6,96,96.12,219,0.2112069
2003/8/18,96,96,95.8,95.94,76,0.0728343
2003/8/19,95.75,95.75,95.42,95.48,51,0.0487734
2003/8/20,96,96.1,96,96.1,28,0.0269009
2003/8/21,96.8,96.9,96,96.37,108,0.1044694
2003/8/22,96.1,96.1,95.99,96.07,23,0.0220883
2003/8/25,96.4,96.5,96.4,96.49,44,0.0424382
2003/8/26,96.3,96.49,96.3,96.45,102,0.0983015
2003/8/27,96.83,96.83,96.4,96.43,93,0.0897797
2003/8/28,98,98,97.45,97.58,175,0.1706814
2003/8/29,97.65,97.78,97.65,97.78,56,0.0547283
2003/9/1,99.25,99.6,99.25,99.34,142,0.1411286
2003/9/2,99.8,99.95,99.55,99.65,72,0.0718529
2003/9/3,99,99,98.5,98.88,69,0.0681629
2003/9/4,99.3,99.35,99.01,99.29,185,0.1834838
2003/9/5,99.3,99.34,98.95,98.98,82,0.081318
2003/9/8,99.7,99.7,99.65,99.7,10,0.0099695
2003/9/9,99.9,100.45,99.9,100.36,81,0.0810326
2003/9/10,101,101.42,101,101.36,91,0.0921831
2003/9/11,101.2,101.3,101.15,101.27,46,0.0465798
2003/9/12,100.99,100.99,100.7,100.83,86,0.086732
2003/9/15,100,100,99.9,99.91,210,0.2098344
2003/9/16,100,100.25,100,100.13,275,0.2754364
2003/9/17,99.81,99.82,99.55,99.6,410,0.4088486
2003/9/18,100.49,100.58,100.45,100.53,209,0.2101215
2003/9/19,100.3,100.43,100.2,100.35,173,0.1736106
2003/9/22,102.6,102.7,102.35,102.45,74,0.0758903
2003/9/23,102.51,102.65,102.5,102.55,86,0.0882237
2003/9/24,102.4,102.5,102.25,102.39,70,0.0717229
2003/9/25,103.1,103.3,103,103.3,88,0.0908053
2003/9/26,102.85,102.85,102.65,102.71,103,0.1058513
2003/9/29,101.85,101.85,101.22,101.42,305,0.3095605
2003/9/30,101.98,102.05,101.9,101.99,139,0.1417619
2003/10/8,100.6,100.68,100.46,100.47,208,0.2091197
2003/10/9,100.29,100.41,100.29,100.32,306,0.3071014
2003/10/10,99.2,99.26,98.9,98.9,278,0.2754115
2003/10/13,99.51,99.55,99.36,99.38,315,0.3133455
2003/10/14,99.5,99.58,99.43,99.52,159,0.1581629
2003/10/15,99.99,100.05,99.85,99.98,95,0.0949125
2003/10/16,99.55,100,99.55,99.99,111,0.1106566
2003/10/17,100.2,100.88,100.2,100.58,18,0.0180966
2003/10/20,101.18,101.18,99.36,100.01,14,0.014028
2003/10/21,100,100.2,99.99,100,100,0.1000103
2003/10/22,100.82,101.55,100.82,101.48,98,0.099217
2003/10/23,102.1,103,102.1,102.97,97,0.0994615
2003/10/24,102.5,102.7,102.4,102.46,53,0.0543813
2003/10/27,103,103,102.85,102.85,80,0.0823338
2003/10/28,102.6,102.6,102.55,102.58,58,0.0594926
2003/10/29,102.5,102.5,101.83,101.86,70,0.0713258
2003/10/30,101.86,102.8,101.86,102.79,234,0.2400257
2003/10/31,102.2,102.35,101.85,102.31,79,0.0807405
2003/11/3,102.31,102.38,102.3,102.33,74,0.0757374
2003/11/4,101.5,101.5,101,101.22,72,0.0729994
2003/11/5,101.22,102.1,101.08,102.08,149,0.1519777
2003/11/6,102.3,102.4,102.16,102.36,86,0.0880253
2003/11/7,102,102.09,101.9,102.05,57,0.0581463
2003/11/10,102.5,102.55,102.26,102.38,35,0.0358651
2003/11/11,103,103.05,102.85,102.96,24,0.0247135
2003/11/12,103.15,103.35,103.15,103.29,79,0.0815441
2003/11/13,104.5,104.7,104.45,104.65,132,0.1380096
2003/11/14,105,105.4,104.98,105.29,99,0.104165
2003/11/17,106,106,104.78,105.54,83,0.0876127
2003/11/18,104.98,105,104.58,104.68,90,0.0943949
2003/11/19,105.9,106.3,105.9,106.1,86,0.0912489
2003/11/20,105.35,106,105.35,105.74,143,0.1509113
2003/11/21,105.45,106.3,105.45,106.25,39,0.0413595
2003/11/24,106.06,106.3,106.06,106.22,39,0.0414268
2003/11/25,106.1,106.2,106,106,24,0.025443
2003/11/26,105,105.6,105,105.6,63,0.0664252
2003/11/27,105.6,106,105.6,106,16,0.016946
2003/11/28,105.5,105.95,105.4,105.51,57,0.0601512
2003/12/1,106.08,106.58,106,106.38,165,0.1754581
2003/12/2,107,107,106.65,106.84,10,0.0106794
2003/12/3,107.2,107.6,107.16,107.39,184,0.1975716
2003/12/4,107.4,107.4,107.21,107.27,112,0.1201816
2003/12/5,107.5,107.5,107,107.46,122,0.1309492
2003/12/8,108,108.48,108,108.44,144,0.1560646
2003/12/9,108.9,109.5,108.8,109.15,193,0.210932
2003/12/10,109,109.32,109,109,99,0.1080953
2003/12/11,108,108.09,107.91,108.02,174,0.1879724
2003/12/12,108.3,108.45,108.25,108.28,129,0.1398079
2003/12/15,108,108.14,107.9,107.93,145,0.1566261
2003/12/16,109,109.15,108.9,109.15,214,0.2334566
2003/12/17,109,109,108.7,108.75,128,0.1392695
2003/12/18,109.35,109.36,109.15,109.3,162,0.1770069
2003/12/19,109.3,109.3,109.2,109.2,94,0.1027007
2003/12/22,109.15,109.22,109.1,109.17,117,0.127746
2003/12/23,109.2,109.39,109.2,109.32,278,0.303895
2003/12/24,109.5,109.55,109.5,109.51,146,0.1598829
2003/12/25,110.1,110.2,110,110,87,0.0957787
2003/12/26,110.15,110.25,110.01,110.23,157,0.1729362
2003/12/29,110.2,110.25,110.15,110.16,60,0.0661123
2003/12/30,110.5,110.55,110.46,110.5,166,0.1834233
2003/12/31,110.88,111,110.88,111,93,0.1031914
2004/1/2,111,111.2,111,111.18,50,0.0555349
2004/1/5,111.3,111.9,111.15,111.88,124,0.138139
2004/1/6,113.8,115,113.8,114.99,122,0.1400514
2004/1/7,113.8,114.36,113.8,114.24,64,0.0729692
2004/1/8,113.5,114.15,113.5,114.14,54,0.0615841
2004/1/9,114,114,112.8,113.19,97,0.1099448
2004/1/12,114.5,114.5,114,114.15,87,0.0995324
2004/1/13,114,114.3,113.62,113.63,151,0.1718453
2004/1/14,113.41,113.5,113.1,113.1,88,0.0997649
2004/1/15,112.25,112.25,111.51,111.83,104,0.1163052
2004/1/16,108.88,109.02,108.58,108.87,38,0.0414049
2004/1/29,109.65,109.7,109.45,109.65,75,0.0821852
2004/1/30,108.2,108.2,108,108.09,66,0.0713339
2004/2/2,108.48,108.48,107.9,107.91,48,0.0518195
2004/2/3,107.5,107.5,107,107.02,99,0.1059755
2004/2/4,107,107.2,107,107.1,134,0.143429
2004/2/5,107.5,107.5,107.1,107.28,51,0.0546612
2004/2/6,106.2,107.5,106.2,107.06,54,0.0575401
2004/2/9,108.05,108.4,108.05,108.4,109,0.118093
2004/2/10,108.55,109.26,108.55,109.21,115,0.1253385
2004/2/11,109,109,108.9,108.96,54,0.058851
2004/2/12,110,110,109.5,109.61,78,0.0856227
2004/2/13,109.7,109.9,109.7,109.88,60,0.0658963
2004/2/16,109.22,109.5,109.22,109.48,75,0.0820289
2004/2/17,109.9,110.09,109.9,110.05,95,0.1045015
2004/2/18,110.8,110.8,110.55,110.7,215,0.2378999
2004/2/19,109.65,109.79,109.65,109.65,116,0.1272459
2004/2/20,109.6,109.6,109.3,109.39,102,0.1116028
2004/2/23,106.72,107.6,106.6,107.53,324,0.3465299
2004/2/24,107.5,108,107.45,107.8,336,0.3620896
2004/2/25,108.5,108.5,108.21,108.34,212,0.2296884
2004/2/26,106.81,107.4,106.81,107.33,268,0.2874024
2004/2/27,107.2,107.2,106.75,106.94,116,0.1241029
2004/3/1,107.4,107.8,106.85,106.89,201,0.2154003
2004/3/2,107.3,107.3,106.91,106.95,272,0.2912083
2004/3/3,105.1,105.3,104.65,105,577,0.6046024
2004/3/4,105.12,105.66,105.12,105.6,182,0.192043
2004/3/5,105.55,106.04,105.55,106,219,0.2319085
2004/3/8,107.05,107.2,106.85,106.9,256,0.2739675
2004/3/9,107.5,107.58,107.46,107.47,214,0.2300762
2004/3/10,108,108,106.8,106.92,102,0.1095278
2004/3/11,106.5,106.9,106.5,106.81,126,0.1345632
2004/3/12,107.4,107.45,107,107.05,316,0.3384394
2004/3/15,106.55,106.55,106.35,106.49,1839,1.9572226
2004/3/16,106.8,107.05,106.78,106.8,465,0.4971465
2004/3/17,107.2,107.3,107.15,107.18,278,0.2980785
2004/3/18,108.32,108.35,108.08,108.11,395,0.4274737
2004/3/19,109,109,108.9,109,410,0.4466484
2004/3/22,109.2,109.5,109.15,109.47,240,0.2622751
2004/3/23,110.5,111,110.5,110.9,214,0.2372456
2004/3/24,111.15,111.15,111,111,160,0.1777251
2004/3/25,110.7,110.7,110.4,110.59,86,0.0951155
2004/3/26,110.9,110.9,110.6,110.6,129,0.1427469
2004/3/29,111.69,111.69,111.33,111.38,114,0.1270317
2004/3/30,110.9,111.4,110.9,111.26,192,0.2133056
2004/3/31,111.88,112.22,111.88,112.21,108,0.1210773
2004/4/1,112.85,112.93,112.85,112.88,95,0.1072467
2004/4/2,112.9,113.19,112.9,113.15,106,0.1199157
2004/4/5,111.9,112,111.8,112,231,0.2584974
2004/4/6,111.1,111.1,110.9,111.05,121,0.1342979
2004/4/7,112.1,112.11,112.05,112.09,60,0.067254
2004/4/8,112.65,112.8,112.65,112.78,53,0.059755
2004/4/9,112.5,112.7,112.5,112.63,82,0.0923271
2004/4/12,112.8,112.8,112.55,112.63,48,0.0540949
2004/4/13,112.61,112.7,112,112,121,0.1359052
2004/4/14,109.4,109.55,108.95,109.46,393,0.4294899
2004/4/15,108,108,107.6,107.9,145,0.1561827
2004/4/16,107.7,108.4,107.7,108.37,96,0.103695
2004/4/19,108.9,109.25,108.9,109.21,249,0.2716112
2004/4/20,108,108.05,107.95,107.97,179,0.1932464
2004/4/21,106,106.45,105.7,106.44,237,0.2509952
2004/4/22,106.3,106.35,105.95,105.96,497,0.5272801
2004/4/23,106.65,106.72,106.1,106.24,851,0.9062534
2004/4/26,106.39,106.39,106.02,106.03,618,0.6556469
2004/4/27,106.55,107,106.4,106.98,369,0.3936538
2004/4/28,107.18,107.2,106.94,107,244,0.2610983
2004/4/29,104.5,104.5,103.35,103.42,83,0.0860192
2004/4/30,104.75,104.8,104.45,104.54,136,0.1422185
2004/5/10,102.5,102.5,101.78,101.87,363,0.370273
2004/5/11,102.2,102.6,102.2,102.34,316,0.3237509
2004/5/12,102.25,102.38,102.16,102.28,115,0.1175649
2004/5/13,102.2,102.2,101.5,101.52,251,0.2554933
2004/5/14,101.3,101.3,100.88,100.99,249,0.2513343
2004/5/17,102.38,102.4,102.25,102.29,57,0.0583125
2004/5/18,101,102.1,101,102.05,106,0.1081032
2004/5/19,102,102.2,102,102.1,109,0.111285
2004/5/20,102.88,102.88,102.15,102.15,109,0.1115726
2004/5/21,102.35,102.48,102.3,102.42,80,0.0819021
2004/5/24,102.9,102.9,102.55,102.59,152,0.1559967
2004/5/25,102.88,103.48,102.88,103.18,75,0.0773587
2004/5/26,103.78,104,103.78,103.97,76,0.0789928
2004/5/27,104.18,104.55,104.18,104.52,144,0.1503271
2004/5/28,105.85,105.85,105.31,105.58,63,0.066596
2004/5/31,105.04,105.15,105,105.13,159,0.1671043
2004/6/1,105.1,105.6,105.1,105.5,56,0.0590865
2004/6/2,105.4,105.4,105.11,105.18,142,0.1494386
2004/6/3,104.31,104.31,104.19,104.23,97,0.1011267
2004/6/4,103.85,104,103.7,103.87,34,0.0353103
2004/6/7,105,105.3,104.98,105.29,47,0.0494114
2004/6/8,105.2,105.39,105.15,105.18,93,0.0978783
2004/6/9,104.88,104.88,103.65,103.89,71,0.0739862
2004/6/10,103.2,103.68,103,103.67,96,0.0992578
2004/6/11,103.6,103.6,103.05,103.08,84,0.0867584
2004/6/14,103.06,103.1,102.3,102.33,103,0.1059193
2004/6/15,102.3,102.5,102.3,102.39,85,0.0870063
2004/6/16,104.3,104.3,103.4,103.62,81,0.084207
2004/6/17,103.38,103.38,102.7,102.87,59,0.0606405
2004/6/18,103.45,103.45,103,103,128,0.1321536
2004/6/21,105,105,104.37,104.6,430,0.4500775
2004/6/22,104.85,104.85,104.45,104.49,165,0.1725781
2004/6/23,104.95,105.18,104.9,105.09,162,0.1701593
2004/6/24,104.8,104.85,104.8,104.82,71,0.0744136
2004/6/25,106.44,106.5,106.25,106.38,132,0.1404755
2004/6/28,106.5,106.5,106.28,106.29,213,0.2264573
2004/6/29,105.85,105.85,105.65,105.79,120,0.1269045
2004/6/30,104.45,104.8,104.45,104.71,120,0.1255576
2004/7/1,105.3,105.3,104.92,104.96,90,0.0946608
2004/7/2,105.3,105.42,105.15,105.2,90,0.0947656
2004/7/5,106,106.1,105.7,106,178,0.1884232
2004/7/6,107.8,107.8,105.7,106.18,101,0.1071431
2004/7/7,105.3,105.9,105.3,105.87,138,0.1458968
2004/7/8,106.2,106.29,106.11,106.15,113,0.1199908
2004/7/9,107.35,107.55,107.35,107.47,98,0.1053127
2004/7/12,107.8,108.1,107.8,108.01,110,0.1188268
2004/7/13,107.6,107.6,107.15,107.25,52,0.0558009
2004/7/14,107.1,107.5,107.1,107.49,53,0.056922
2004/7/15,107.7,107.8,107.38,107.43,61,0.0656409
2004/7/16,107.6,107.6,107.4,107.41,45,0.048375
2004/7/19,108.05,108.1,107.95,108.09,152,0.1642291
2004/7/20,107.9,108.1,107.9,108.08,142,0.1533845
2004/7/21,107.35,107.38,107.2,107.27,63,0.0676106
2004/7/22,106.35,106.8,106.25,106.67,167,0.1776466
2004/7/23,105.7,105.7,105.52,105.7,108,0.1141274
2004/7/26,104.95,105,104.7,104.85,272,0.2853108
2004/7/27,104.98,105,104.8,104.92,104,0.1090942
2004/7/28,104.05,104.05,104,104.03,257,0.2673573
2004/7/29,104.4,104.8,104.4,104.64,80,0.0836743
2004/7/30,104.1,104.3,104,104.16,57,0.0593296
2004/8/2,105.05,105.3,104.9,104.98,100,0.105086
2004/8/3,104.9,104.9,104.5,104.5,164,0.1716079
2004/8/4,104.8,105,104.8,104.86,41,0.0429764
2004/8/5,104.9,105.2,104.9,105.18,67,0.0703718
2004/8/6,104.9,104.95,104.82,104.86,59,0.0619014
2004/8/9,105.75,106,105.75,105.95,125,0.1324056
2004/8/10,106.05,106.12,106,106,108,0.1145787
2004/8/11,105.6,105.8,105.6,105.8,64,0.0676347
2004/8/12,105.8,105.8,105.45,105.45,116,0.1224632
2004/8/13,105.1,105.2,105,105.13,53,0.0556928
2004/8/16,106.28,106.48,106.26,106.44,212,0.2253776
2004/8/17,107.25,107.25,106.8,106.95,112,0.119781
2004/8/18,107.2,107.2,106.95,107.01,164,0.1755304
2004/8/19,107.08,107.3,107,107.3,310,0.3322682
2004/8/20,107.7,108.1,107.7,107.8,222,0.2396854
2004/8/23,108.55,108.6,108.5,108.55,494,0.5363436
2004/8/24,107.8,108,107.8,107.87,338,0.3646642
2004/8/25,107.49,107.6,107.03,107.44,228,0.2450212
2004/8/26,107.88,107.97,107.88,107.9,240,0.2590156
2004/8/27,107.95,108.3,107.9,108.15,214,0.2311106
2004/8/30,107.35,107.7,107.35,107.65,198.8,0.21397768
2004/8/31,107.71,108.36,107.68,108.23,333.8,0.36103904
2004/9/1,108.32,108.78,108.32,108.68,124,0.13475026
2004/9/2,108.6,108.65,108.55,108.59,284.2,0.3086255
2004/9/3,108.4,108.55,108.2,108.26,112,0.1214524
2004/9/6,107.5,107.6,107.35,107.55,236.2,0.25402402
2004/9/7,107.5,107.5,107.3,107.33,437.2,0.46973726
2004/9/8,106.6,106.6,106.55,106.58,293,0.3122613
2004/9/9,107,107.2,107,107.18,418.6,0.44838624
2004/9/10,107.3,107.3,107.12,107.14,482,0.5165478
2004/9/13,107.4,107.5,107.1,107.1,158.6,0.17025718
2004/9/14,108,108,107.45,107.7,176.2,0.18967838
2004/9/15,107.6,108,107.6,107.61,165.2,0.17796924
2004/9/16,107.8,107.8,107.4,107.71,412.6,0.44400624
2004/9/17,107.95,107.95,107.56,107.62,148.2,0.15964854
2004/9/20,107.85,107.9,107.6,107.81,260.4,0.2808733
2004/9/21,107.7,107.8,107.65,107.79,383,0.41255414
2004/9/22,108.4,108.5,108.29,108.49,304.4,0.33005178
2004/9/23,108.55,108.55,108.32,108.37,273.6,0.29655158
2004/9/24,108.7,108.75,108.7,108.74,181.6,0.19742262
2004/9/27,108.5,108.55,108.5,108.5,300,0.3255294
2004/9/28,108.7,108.9,108.47,108.84,331.2,0.36016574
2004/9/29,109.5,109.5,109.05,109.14,296,0.3231244
2004/9/30,108.9,108.9,108.65,108.68,158,0.1718782
2004/10/8,110.6,110.6,110,110.4,336.2,0.370941
2004/10/11,111.15,111.5,111.15,111.36,236.4,0.2633163
2004/10/12,111.35,111.44,111.3,111.3,452,0.5034448
2004/10/13,111,111,110.2,110.23,258.2,0.2848052
2004/10/14,110.25,110.6,110.25,110.25,230.6,0.25485896
2004/10/15,111,111.2,110.9,110.94,134,0.1487445
2004/10/18,111,111.19,110.99,111,269.4,0.29916008
2004/10/19,110.58,110.65,110.5,110.57,294,0.3250544
2004/10/20,111.29,111.45,110.9,111.45,252,0.280632
2004/10/21,112.4,112.65,112.4,112.55,178,0.20037492
2004/10/22,112.3,112.35,112.2,112.35,291,0.3267818
2004/10/25,113.3,113.35,113,113,302.2,0.342162
2004/10/26,103.8,113.28,103.8,113,492.2,0.5530982
2004/10/27,113.02,113.02,112.8,113,242,0.2733938
2004/10/28,112.69,112.75,112.6,112.75,147.8,0.16650462
2004/10/29,113.1,113.25,113,113.2,369.2,0.4177794
2004/11/1,113.6,113.79,113.5,113.5,222,0.2523956
2004/11/2,113.3,113.45,112.9,113.27,390,0.44189256
2004/11/3,112.1,112.45,112.1,112.25,926.6,1.04008746
2004/11/4,113.3,114.05,113.3,113.95,460,0.523555
2004/11/5,114.2,114.58,113.75,113.76,349.6,0.3992804
2004/11/8,114.9,115.3,114.8,114.85,412,0.4741664
2004/11/9,114.7,114.98,114.7,114.84,332,0.381455
2004/11/10,115.2,115.6,115.2,115.6,406.6,0.4693525
2004/11/11,115.2,115.65,115.2,115.5,430.2,0.49725556
2004/11/12,116.08,116.2,115.5,115.57,260.8,0.30241972
2004/11/15,116.45,116.68,116.45,116.65,378.4,0.44085224
2004/11/16,116.3,116.38,116.05,116.09,359.6,0.41790528
2004/11/17,116.9,117.4,116.9,117,368.2,0.43142236
2004/11/18,118.3,118.4,118.2,118.31,455.4,0.5388835
2004/11/19,117.6,118,117.6,117.95,240.2,0.28320034
2004/11/22,118.76,118.85,118.3,118.63,321.8,0.38217834
2004/11/23,119.45,119.45,118.7,118.76,259.8,0.30893444
2004/11/24,119,119.4,118.9,119.4,270,0.3217363
2004/11/25,119.8,120,119.8,119.9,393.8,0.47219882
2004/11/26,120.5,121.14,120.5,120.78,433.8,0.5244774
2004/11/29,120.7,120.7,119.8,120,418.4,0.5027331
2004/11/30,120.35,120.6,120.3,120.5,373.6,0.44977974
2004/12/1,120.5,120.7,120.21,120.6,204.8,0.24697488
2004/12/2,121.45,121.7,121.35,121.4,379.6,0.46125672
2004/12/3,120.6,120.6,120,120.14,424,0.5095786
2004/12/6,121.25,121.25,120.81,120.82,229.2,0.2774741
2004/12/7,120.75,120.9,120.75,120.78,227.8,0.27530696
2004/12/8,120.2,120.2,119.45,119.5,225.6,0.26976868
2004/12/9,118,118,117.25,117.58,679.6,0.79795086
2004/12/10,116.5,116.6,116.35,116.41,439.4,0.5116494
2004/12/13,116.85,117,116.4,116.42,366,0.4273086
2004/12/14,117.15,117.7,117.15,117.55,284,0.3334807
2004/12/15,117,117.19,116.98,117.17,183,0.2142836
2004/12/16,118.1,119,118.1,118.9,279,0.3307144
2004/12/17,118.49,118.49,117.3,117.44,141,0.16662864
2004/12/20,118.3,118.3,117.5,117.5,157,0.1850761
2004/12/21,118,118.1,117.85,117.97,370.4,0.43706288
2004/12/22,117.85,117.94,117.78,117.9,344.2,0.40563614
2004/12/23,117.59,118.1,117.58,118.09,254.4,0.29988
2004/12/24,118.1,118.3,118,118.05,176,0.20801556
2004/12/27,118.6,118.6,118.11,118.11,387.4,0.45819018
2004/12/28,118.7,118.7,118.32,118.36,531.4,0.62986354
2004/12/29,118.3,118.45,118.3,118.42,303.8,0.3597489
2004/12/30,118.45,118.45,116.76,116.81,615.2,0.71949412
2004/12/31,116.89,118.2,116.89,118.08,272.2,0.3195482
2005/1/4,115.1,115.1,114.8,114.87,1312.8,1.50872712
2005/1/5,114.99,114.99,114.08,114.64,520.4,0.59518982
2005/1/6,114.5,114.5,114.36,114.39,436.8,0.499803
2005/1/7,113.2,113.4,113.1,113.19,755.8,0.85567874
2005/1/10,113,113,112.66,112.7,415.4,0.46847616
2005/1/11,112.98,113.28,112.95,113,428,0.48393948
2005/1/12,113.3,113.51,113.19,113.29,372.6,0.42268246
2005/1/13,114.45,114.5,114.1,114.17,196,0.2242349
2005/1/14,114,114,113.6,113.67,328.4,0.3735904
2005/1/17,113.6,113.6,113.22,113.3,384,0.43518
2005/1/18,113.28,113.45,113.19,113.42,467.6,0.52970224
2005/1/19,113.7,113.7,113.35,113.38,404,0.45858348
2005/1/20,113.54,113.57,113.17,113.25,884,1.0015402
2005/1/21,112.98,113.35,112.9,113.2,764,0.8644708
2005/1/24,114.55,114.55,114.15,114.2,646,0.7384774
2005/1/25,115,115,114,114,336,0.38376388
2005/1/26,112.8,113.24,112.8,113.16,734.2,0.8304654
2005/1/27,113.8,113.85,113.65,113.67,455.8,0.51848074
2005/1/28,113.85,113.9,113.56,113.56,420.2,0.47764758
2005/1/31,113.2,113.35,113.15,113.32,605.6,0.68550128
2005/2/1,113.45,113.45,113.05,113.13,404,0.4571801
2005/2/2,113,113,112.85,112.86,1019.8,1.15155852
2005/2/3,112.84,112.95,112.75,112.82,691,0.77952738
2005/2/4,111.8,112,111.5,111.84,1145.6,1.28035114
2005/2/16,113.2,113.25,113.02,113.04,300.8,0.34047906
2005/2/17,113.2,113.25,113.2,113.23,354,0.4008582
2005/2/18,113.42,113.88,113.38,113.8,334.4,0.38020548
2005/2/21,113.88,113.95,113.76,113.9,410.6,0.4675876
2005/2/22,113.98,114.8,113.96,114.76,440,0.50339966
2005/2/23,115.59,115.85,115.59,115.84,534,0.61816062
2005/2/24,116,116.2,115.94,115.94,289.6,0.33620424
2005/2/25,115.78,115.8,115.5,115.6,385,0.44528426
2005/2/28,116.4,116.75,116.4,116.45,679,0.7916401
2005/3/1,116.04,116.2,116.04,116.19,899.2,1.04448008
2005/3/2,115.5,115.66,115.42,115.64,704,0.8130621
2005/3/3,115.9,116.25,115.9,116.22,864.4,1.00390702
2005/3/4,115.58,116,115.58,115.88,1533.4,1.77533634
2005/3/7,116.6,116.9,116.25,116.29,534.2,0.62358284
2005/3/8,116.6,116.9,116.6,116.68,400,0.46721862
2005/3/9,117.75,117.75,117.3,117.3,427.8,0.5033624
2005/3/10,117.8,117.93,117.7,117.79,680.8,0.80196794
2005/3/11,108.2,117.84,108.2,117.64,491.6,0.57475262
2005/3/14,118,118.1,117.9,117.94,481.6,0.56829186
2005/3/15,117.7,118,117.65,117.99,782.6,0.9221428
2005/3/16,118,118,117.5,117.78,823.8,0.96933648
2005/3/17,118.2,118.45,118.2,118.3,422.4,0.5000547
2005/3/18,117.5,117.8,117.4,117.73,2726.2,3.20594568
2005/3/21,117.45,117.5,117.3,117.46,1477.2,1.73378466
2005/3/22,116.98,116.98,116,116.55,1096.2,1.2739754
2005/3/23,116.5,116.5,115.9,116.5,746.4,0.86771654
2005/3/24,115.65,116.6,115.65,116.54,736.4,0.8535492
2005/3/25,115.98,116.25,115.28,115.45,857.4,0.99445576
2005/3/28,115.4,115.4,115.1,115.12,365.2,0.42072794
2005/3/29,116,116,114.99,115.04,1032.2,1.18825468
2005/3/30,115.15,115.15,114.45,114.45,914.2,1.04945536
2005/3/31,114.8,114.8,114.08,114.08,729.8,0.8346998
2005/4/1,114.3,114.85,114.3,114.8,1380,1.5816002
2005/4/4,114.9,114.9,114.25,114.32,567.8,0.64956946
2005/4/5,113.89,113.89,113.5,113.61,978.2,1.1115459
2005/4/6,114.1,114.2,113.9,114.2,902.4,1.03001688
2005/4/7,114.4,114.68,114.32,114.66,905.4,1.03647776
2005/4/8,113.98,114.4,113.98,114.26,1255.6,1.43524744
2005/4/11,114.68,114.68,114.45,114.59,703.2,0.80540636
2005/4/12,114.98,115.07,114.95,115.03,763,0.87750248
2005/4/13,114.8,114.95,114.75,114.8,518,0.5951354
2005/4/14,115.18,115.18,114.6,114.66,863.2,0.9908972
2005/4/15,114.41,114.41,113.2,113.79,1687.8,1.91678618
2005/4/18,114,114,113.6,114,1481,1.6846508
2005/4/19,114.39,114.55,114.39,114.47,657.2,0.7523223
2005/4/20,115.5,115.8,115.32,115.37,648.4,0.74840598
2005/4/21,116.2,116.48,115.3,115.49,552.6,0.63868732
2005/4/22,115.18,115.64,115.18,115.62,784.4,0.90578408
2005/4/25,115.49,115.6,115.49,115.54,414,0.47847
2005/4/26,115.68,115.9,115.5,115.73,591.6,0.68509274
2005/4/27,116.8,116.8,115.59,115.6,725,0.83988404
2005/4/28,115.4,115.4,115.05,115.09,668,0.769272
2005/4/29,115.15,115.6,114.9,115.2,918.6,1.05879876
2005/5/9,114.5,114.5,113.8,113.86,826.6,0.94178692
2005/5/10,114.19,114.21,114,114,620.2,0.7079131
2005/5/11,114.38,114.42,114.27,114.29,432.6,0.49470664
2005/5/12,113.7,114.19,113.7,113.86,439.2,0.50081118
2005/5/13,113.2,113.2,112.85,113.05,1076,1.21502106
2005/5/16,112.5,112.5,112.18,112.18,665,0.74674622
2005/5/17,112.4,112.5,112.2,112.23,926,1.04103684
2005/5/18,112.4,112.4,112.25,112.39,744.2,0.8358765
2005/5/19,112.9,112.99,112.69,112.75,597.2,0.67354196
2005/5/20,113.1,113.1,112.45,112.46,619.6,0.69733804
2005/5/23,112.2,112.2,111.5,111.52,590.8,0.6598337
2005/5/24,111.5,111.7,111.48,111.66,422.6,0.47144916
2005/5/25,111.9,111.91,111.8,111.84,532,0.59500172
2005/5/26,112.09,112.09,111.75,111.85,256,0.28632772
2005/5/27,111.85,111.98,111.7,111.85,280.2,0.3131288
2005/5/30,111.88,111.88,111.61,111.61,278.4,0.31098076
2005/5/31,111.55,111.57,111.04,111.26,311.4,0.3462318
2005/6/1,111.3,111.43,111.25,111.25,426,0.47430402
2005/6/2,111.1,111.28,111.04,111.27,475.8,0.52878746
2005/6/3,112.45,112.58,112.35,112.35,354.4,0.3985738
2005/6/6,112.78,112.78,112.45,112.77,381.6,0.42978084
2005/6/7,113.25,113.32,113.2,113.29,490.2,0.55519734
2005/6/8,113.25,113.25,112.9,113,634.8,0.71728324
2005/6/9,112.7,112.9,112.7,112.75,332,0.3744044
2005/6/10,112.86,112.86,112.62,112.74,213.6,0.24062988
2005/6/13,112.9,113,112.79,112.87,447,0.50458174
2005/6/14,113.28,113.36,113.16,113.19,444.6,0.50374632
2005/6/15,113.4,113.4,113.16,113.2,388,0.4393156
2005/6/16,114,114,113.6,113.67,316,0.359704
2005/6/17,115.24,115.3,115,115.1,524.2,0.6034993
2005/6/20,115.8,115.82,115.5,115.8,621,0.71871178
2005/6/21,115.6,115.6,114.8,114.88,460,0.5290305
2005/6/22,115.6,115.83,115.1,115.77,527.6,0.61083564
2005/6/23,115.65,115.84,115.54,115.64,200.2,0.23165872
2005/6/24,116,116.55,116,116.31,285.6,0.33257338
2005/6/27,116.15,116.19,116.02,116.09,298.6,0.3468307
2005/6/28,116,116.15,115.85,115.86,445,0.51618834
2005/6/29,115.5,115.51,114.9,114.95,362.6,0.41720104
2005/6/30,115.7,115.8,115.4,115.45,449,0.51932898
2005/7/1,114.81,115.45,114.81,115.38,528.2,0.60909622
2005/7/4,114.32,114.32,113.9,113.91,336,0.38294336
2005/7/5,113.75,113.84,113.71,113.72,286.4,0.32580908
2005/7/6,113.4,113.4,113.2,113.4,566.2,0.64152558
2005/7/7,113.5,113.68,113.45,113.63,476.6,0.54127304
2005/7/8,113.5,113.5,113.2,113.34,228.6,0.25915058
2005/7/11,113.5,113.55,113.3,113.54,338.4,0.3840879
2005/7/12,114.3,114.3,113.97,114,351.4,0.40065104
2005/7/13,114,114,113.78,113.83,278.4,0.31692858
2005/7/14,113.79,113.85,113.3,113.74,115.6,0.1312758
2005/7/15,113.5,113.5,112.35,112.49,259.4,0.2917227
2005/7/18,115.78,115.78,112.76,112.76,511,0.5765525
2005/7/19,112.85,112.85,112.37,112.38,502.6,0.56590714
2005/7/20,112.6,112.6,112.33,112.37,189,0.21249594
2005/7/21,112.8,113,112.73,112.97,342,0.38582874
2005/7/22,112.6,112.6,111.75,111.83,266,0.29753094
2005/7/25,111.88,111.88,111.35,111.49,394,0.4392782
2005/7/26,111.5,111.5,111.2,111.21,247,0.2749317
2005/7/27,111.1,111.1,110.5,110.53,546.8,0.60461562
2005/7/28,110.8,111.2,110.8,111.18,332,0.36803174
2005/7/29,111.98,111.98,111.65,111.67,313,0.349739
2005/8/1,112.08,112.47,112.08,112.37,476.4,0.5350846
2005/8/2,113,113,112.5,112.53,326.4,0.36778412
2005/8/3,113,113,112.3,112.3,223.8,0.25149314
2005/8/4,113.5,113.5,113.14,113.15,462.4,0.52345846
2005/8/5,113.2,113.3,113.08,113.11,361.6,0.40915916
2005/8/8,113.3,113.3,113.1,113.15,196,0.2219092
2005/8/9,113.1,113.1,112.8,112.95,323.4,0.36494988
2005/8/10,113,113.1,112.99,113.1,132.8,0.1501338
2005/8/11,113.43,113.8,113.43,113.78,306.4,0.348212
2005/8/12,115.66,115.66,114.8,115.05,595.4,0.68441576
2005/8/15,114.95,114.95,114.18,114.54,403,0.46172392
2005/8/16,114.35,114.39,114.2,114.35,415,0.47442518
2005/8/17,115,115,114.8,114.8,610,0.70073946
2005/8/18,114.1,114.18,113.98,114,864.4,0.98581958
2005/8/19,114,114.5,114,114.32,296,0.3384966
2005/8/22,114.1,114.2,113.76,114.15,472,0.53757672
2005/8/23,114.8,114.8,114.4,114.47,291.89,0.33418188
2005/8/24,114.45,114.47,114,114.01,302.8,0.34584866
2005/8/25,114.25,114.45,114.24,114.39,417,0.47700048
2005/8/26,114.4,114.55,114.35,114.37,211.2,0.2417469
2005/8/29,114.5,114.75,114.37,114.74,376,0.43088786
2005/8/30,114.7,114.7,113.9,114,380.8,0.4341328
2005/8/31,113.4,113.4,113.15,113.4,528,0.59791908
2005/9/1,113.8,113.9,113.6,113.72,422.4,0.4805652
2005/9/2,114.9,114.9,114.57,114.7,271.8,0.31189992
2005/9/5,115.2,115.55,115.05,115.4,703.4,0.81136422
2005/9/6,115.28,115.6,115,115.01,447.4,0.51618752
2005/9/7,115.39,115.58,114.88,115.56,461,0.53175666
2005/9/8,115.5,115.88,115.32,115.4,536.6,0.6208356
2005/9/9,116.08,116.18,115.7,115.99,294.8,0.34174284
2005/9/12,117,117.17,116.08,116.1,534,0.62200912
2005/9/13,116.19,116.3,115.8,115.86,504,0.58562082
2005/9/14,115.9,116,115.88,115.9,430,0.4985774
2005/9/15,116.2,116.53,116.2,116.35,526,0.61223246
2005/9/16,117.05,117.7,117.05,117.69,694,0.81350992
2005/9/19,118.5,118.5,117.7,118.09,318.6,0.3765024
2005/9/20,118.09,120.18,118.09,120.07,727.4,0.87338572
2005/9/21,119.7,120.6,119.7,120.6,240.8,0.28916958
2005/9/22,122,122.6,121.4,122.33,438.8,0.53651244
2005/9/23,121.3,121.3,120.6,120.83,355.4,0.43008776
2005/9/26,120.5,120.5,119.75,119.9,435.2,0.52178256
2005/9/27,121.1,121.1,120.65,120.75,441,0.53250996
2005/9/28,120.4,120.85,120.15,120.26,755,0.91006406
2005/9/29,121,122.75,121,121.8,390,0.47588132
2005/9/30,122.5,122.85,118.15,121.84,616.6,0.7491967
2005/10/10,122.65,123.3,122.5,123,831,1.022507
2005/10/11,123,123.4,122.7,123.09,458,0.5643833
2005/10/12,123.2,123.99,123.2,123.68,584.8,0.723339
2005/10/13,123,123.5,122.92,123.08,759.4,0.9365674
2005/10/14,123.23,123.23,122.65,122.69,387.2,0.4757347
2005/10/17,121.5,123,121.5,122.65,447.6,0.55009574
2005/10/18,123.57,123.57,122.73,123.06,376.2,0.46320122
2005/10/19,122.9,122.96,122.05,122.2,588.2,0.72217534
2005/10/20,121.1,121.2,120.82,121.11,690.2,0.83530776
2005/10/21,120.78,120.88,120.51,120.6,597.4,0.720986
2005/10/24,121.3,121.4,120.6,120.6,428.8,0.51892604
2005/10/25,121.95,121.95,121,121.04,472,0.57189612
2005/10/26,122.6,122.85,122.48,122.82,526.2,0.6451149
2005/10/27,122.78,123,122.6,122.98,612.8,0.75290614
2005/10/28,123.28,123.3,122.6,122.71,262.2,0.32190184
2005/10/31,122.8,122.8,122.38,122.41,401.8,0.4926961
2005/11/1,121.5,121.68,121.35,121.38,621.2,0.75470832
2005/11/2,120.5,121,120.45,120.55,1245,1.50046616
2005/11/3,121.28,121.29,120.93,121.24,731.8,0.8863996
2005/11/4,120.82,120.82,120.3,120.33,1117.8,1.34763588
2005/11/7,119.6,119.62,119.4,119.6,1074.2,1.28367228
2005/11/8,119.54,119.54,119.19,119.25,419.2,0.50033442
2005/11/9,119.38,120.66,119.38,120.6,631.4,0.76078478
2005/11/10,121.28,121.45,121.15,121.29,433.4,0.52548724
2005/11/11,121.4,121.5,121,121,547.8,0.66397842
2005/11/14,122,122.2,121.81,122.15,606.2,0.73997816
2005/11/15,121.8,121.8,121.51,121.51,376,0.45761032
2005/11/16,121.95,122.27,121.9,122.15,624.6,0.76298414
2005/11/17,124,124.5,123,123.25,966.2,1.19524794
2005/11/18,123.3,125.35,123.3,125.34,872.4,1.08913792
2005/11/21,125,125.85,125,125.82,433.8,0.54502248
2005/11/22,127.35,127.35,126.5,127.08,498.6,0.63339438
2005/11/23,127.25,127.3,127.05,127.28,382,0.48570254
2005/11/24,127.17,128,127.17,127.87,552,0.70603958
2005/11/25,128.5,128.5,127.8,128.46,611,0.78271892
2005/11/28,128.8,129.1,128.8,129,573.4,0.73983538
2005/11/29,129.4,130,129.4,129.5,196.2,0.25475696
2005/11/30,128.52,129,128.22,129,338,0.43432862
2005/12/1,128.3,128.9,128.28,128.85,480.4,0.61790746
2005/12/2,129.58,130.67,129.58,130.38,308.8,0.40312126
2005/12/5,131,132,131,131.99,741.4,0.97489892
2005/12/6,132,132.29,131.55,131.9,273.4,0.360752
2005/12/7,131.8,133.99,131.8,133.39,509.8,0.67959614
2005/12/8,133.36,135.5,133.36,134.79,677.2,0.91442546
2005/12/9,135,136.5,135,136.3,490.4,0.6664339
2005/12/12,138,140,138,139.45,716.8,0.99770482
2005/12/13,140,140,135.9,136.19,649.8,0.88665062
2005/12/14,137,137,133.65,133.88,604,0.81116106
2005/12/15,134,134,131.1,131.65,1181.2,1.5570574
2005/12/16,130.01,130.3,128.88,129.63,843.4,1.09053578
2005/12/19,132,132.8,125.66,132.38,1595.2,2.09208824
2005/12/20,132.5,132.5,131.8,132,851.6,1.12512822
2005/12/21,131.5,131.5,128,128.61,973.4,1.24837824
2005/12/22,128.51,129.43,128.2,129.34,898.6,1.16132704
2005/12/23,131.4,131.5,131.2,131.23,109,0.1432519
2005/12/26,132,132.3,131.3,131.73,506,0.667778
2005/12/27,131.73,132.45,131.73,132.21,473.6,0.62667128
2005/12/28,132,133.5,132,132.81,386.6,0.51449832
2005/12/29,133.45,134.5,133.45,134.17,614.4,0.82482148
2005/12/30,133.9,133.9,133.4,133.55,304.6,0.40708778
2006/1/4,138.2,138.65,138.2,138.21,608.8,0.84300906
2006/1/5,137.8,138.5,137.5,137.89,656,0.90488084
2006/1/6,138,138,136.25,136.81,289.4,0.39588612
2006/1/9,140.8,140.85,140.15,140.44,566.4,0.79688214
2006/1/10,139.5,141.8,139.5,140.94,334,0.47122
2006/1/11,139.8,141.45,139.8,141.07,449.8,0.63557688
2006/1/12,141.88,142.15,141.35,141.85,304.2,0.4312428
2006/1/13,141.18,141.75,141.18,141.6,364.8,0.51640044
2006/1/16,143.8,144.15,143.58,143.65,447.2,0.643163
2006/1/17,145.38,145.55,144.21,144.34,551,0.7981355
2006/1/18,143.5,143.5,141.1,141.99,464.8,0.66015304
2006/1/19,142,143.39,142,143.16,677.4,0.96717804
2006/1/20,143.8,144.45,143.8,143.86,430.6,0.62070584
2006/1/23,143.9,144.35,143.85,144.05,700.8,1.0104264
2006/1/24,144.7,144.8,143.9,144,385.8,0.5561728
2006/1/25,144.15,144.15,143.9,143.95,411.4,0.5925049
2006/2/6,148,148.08,147.7,147.8,446.6,0.66047922
2006/2/7,147.68,147.9,147.3,147.82,396,0.58464356
2006/2/8,146,146,142.5,142.55,596.2,0.85250698
2006/2/9,145,145,144.2,144.59,380.6,0.55026802
2006/2/10,144.7,146.1,144.7,145.19,249.4,0.3625069
2006/2/13,143,143,141.59,141.91,1172.8,1.66411768
2006/2/14,141.9,141.9,139,139.62,791.8,1.1041821
2006/2/15,140.5,142,140.2,141.85,492.6,0.69837246
2006/2/16,141.3,142,139.7,142,527.4,0.73855476
2006/2/17,139.9,141.5,139.31,141.44,434.4,0.61386204
2006/2/20,142.98,143.75,142.98,143.68,497.4,0.71350166
2006/2/21,144,144.3,143.38,143.5,270.2,0.38792848
2006/2/22,143.3,143.9,143.2,143.61,415.4,0.59715138
2006/2/23,142.1,143.8,142.1,143.15,429.2,0.61583916
2006/2/24,142.5,143.28,142.15,143.28,316.2,0.45203734
2006/2/27,144.1,144.1,143.7,143.76,659.2,0.94793648
2006/2/28,143,143.6,143,143.44,294.2,0.42209136
2006/3/1,144,145,143.8,144.77,366.8,0.53109426
2006/3/2,145.1,145.6,145,145.55,425.2,0.61862758
2006/3/3,145.9,147,145.4,146.69,389.4,0.5716264
2006/3/6,146.7,146.92,146.26,146.8,695.4,1.02090802
2006/3/7,146.5,146.5,144.2,144.85,833.6,1.204979
2006/3/8,144,144,143.1,143.22,695.6,0.99732926
2006/3/9,142,142,140.6,141.85,679.2,0.96074488
2006/3/10,141.8,142,141.55,141.75,466.4,0.66125636
2006/3/13,141.74,141.74,141.25,141.45,574.4,0.81230718
2006/3/14,141.45,141.9,141.1,141.65,398.6,0.5640666
2006/3/15,142,142.85,142,142.62,312.2,0.4451674
2006/3/16,143,143.3,142.2,142.52,292,0.4168042
2006/3/17,143.5,143.5,143.03,143.45,257.6,0.3689716
2006/3/20,143.5,144,143.5,144,447.4,0.64304388
2006/3/21,143.2,143.2,141.1,142.95,369.4,0.52846138
2006/3/22,141.58,142.95,141.58,142.8,454,0.64838312
2006/3/23,143.3,143.3,141.75,141.87,373,0.5308376
2006/3/24,142.1,142.2,141.93,142.05,457.8,0.65025924
2006/3/27,144,144.8,143.91,144.77,381.6,0.55048078
2006/3/28,145.75,145.84,145.2,145.7,978.8,1.42606024
2006/3/29,145.78,145.78,144.65,144.98,190,0.27602882
2006/3/30,145.1,147.8,145.1,147.79,1071.6,1.57844422
2006/3/31,148,151,148,150.4,657,0.98802274
2006/4/3,150,150.7,150,150.39,364,0.54809584
2006/4/4,151.3,151.6,151,151.1,532.2,0.8049828
2006/4/5,151.18,151.5,150.1,150.4,253.6,0.38217628
2006/4/6,151,152.8,150,152.59,366.2,0.55638512
2006/4/7,152.85,154,152.6,153.13,588.2,0.90225536
2006/4/10,153.88,153.88,152.8,153.3,526.6,0.80727188
2006/4/11,154,155.5,153.15,155.05,303.6,0.47023696
2006/4/12,155.05,155.05,153.96,154.15,398,0.61430636
2006/4/13,154,154.5,153.45,153.55,404.4,0.6218001
2006/4/14,153.6,154.78,153.2,154.74,511.4,0.78990622
2006/4/17,156.3,156.55,155.7,156.32,659.2,1.0307983
2006/4/18,158,159.3,158,158.77,755.6,1.19975462
2006/4/19,158.5,160.8,158.5,160.69,711.8,1.14337378
2006/4/20,160.7,165.8,160.7,165.69,607.6,0.99706284
2006/4/21,164,164,157.8,159.36,1015,1.61133384
2006/4/24,163.8,163.99,162.4,162.74,445.8,0.72771404
2006/4/25,161.51,162.45,160.65,162,1324.2,2.13525794
2006/4/26,163,163.5,163,163,566,0.92392974
2006/4/27,163.5,164.8,163.5,164.4,516.2,0.84869842
2006/4/28,165,165.2,163.99,164.39,792.2,1.30293548
2006/5/8,175.8,175.99,175.36,175.67,610.4,1.07313338
2006/5/9,174.5,175.4,173,174.19,490.4,0.85710214
2006/5/10,177.5,181.21,177.5,181.15,494.6,0.891512
2006/5/11,180,183.7,180,183.24,481.8,0.88138576
2006/5/12,186.2,186.5,185,185.53,791.6,1.46888922
2006/5/15,186.51,186.51,184.3,184.45,486,0.8999847
2006/5/16,179.2,180,174.9,175.15,791.4,1.39751086
2006/5/17,176,181.9,176,181.8,442.6,0.80240356
2006/5/18,182,182,176.1,177.4,395.2,0.70004786
2006/5/19,172.2,178.13,172.2,177.37,491.8,0.87110116
2006/5/22,169.5,169.5,165.35,166.67,666,1.1157441
2006/5/23,167.5,170.7,167.5,170,458.6,0.77841044
2006/5/24,172.99,172.99,172,172.27,346.2,0.59669726
2006/5/25,169.5,169.5,166.8,167.69,514.4,0.8601861
2006/5/26,167.6,169.8,167.6,168.49,423,0.71427994
2006/5/29,168.3,168.7,167.7,167.81,271.2,0.45635428
2006/5/30,168,169,168,168.83,448,0.7554514
2006/5/31,170.5,170.78,168.5,168.83,148.6,0.25124018
2006/6/1,169,169,163.3,163.67,799.4,1.32019052
2006/6/2,159.3,163.31,159.3,162.03,322.8,0.5232898
2006/6/5,165,165.9,164.7,165.39,402.4,0.66589942
2006/6/6,164.15,164.45,164.07,164.2,306.2,0.503115
2006/6/7,164.19,164.19,161.5,161.5,258.2,0.41870622
2006/6/8,162,162,160.3,160.32,250.2,0.4040204
2006/6/9,159,159,157.1,157.41,701.8,1.10584148
2006/6/12,157.49,157.49,155.6,155.67,263.6,0.4119036
2006/6/13,158.5,158.5,152,152.9,384.6,0.5923177
2006/6/14,150,151.8,142.5,144.94,846.8,1.22262626
2006/6/15,147,147.8,144.5,147.7,374.4,0.5473597
2006/6/16,147.7,158,147.3,150.69,340.8,0.5113448
2006/6/19,148,148.5,147,147.69,378.4,0.558261
2006/6/20,145.61,147.99,145.6,146.1,497.8,0.72800882
2006/6/21,150,150,148.58,149.25,368,0.54864318
2006/6/22,149,153.5,149,153.15,322,0.4930787
2006/6/23,151.11,151.97,150.3,150.3,374.4,0.56461254
2006/6/26,150.8,151.5,150.8,151.35,260.4,0.39332056
2006/6/27,151.36,152.21,151.36,151.69,448.2,0.68115602
2006/6/28,150.1,151,149.9,150,489.8,0.73714874
2006/6/29,150,151,149.6,149.69,379,0.5682832
2006/6/30,150.8,155,150.8,154.02,551,0.8468228
2006/7/3,158.51,159.28,158.5,159.19,371.6,0.59097814
2006/7/4,160.5,160.6,158.85,159.72,426.2,0.68041332
2006/7/5,160,161.9,160,160.5,466.8,0.75421408
2006/7/6,161.8,161.8,160,160.72,303.2,0.48795484
2006/7/7,161.1,162.49,161,162.3,403.8,0.65455708
2006/7/10,162.2,162.3,161.3,161.69,428.4,0.69265942
2006/7/11,160.8,162.2,160.5,160.9,307,0.49466628
2006/7/12,162.1,164.8,162.1,164.39,345,0.56732132
2006/7/13,167.5,167.5,160.52,166.85,618.2,1.02994724
2006/7/14,168,169.85,165.5,169.05,980.8,1.65822648
2006/7/17,173,173.6,172.74,173.55,739.6,1.28040884
2006/7/18,167.2,168.4,167,167.61,490,0.82299568
2006/7/19,166.65,166.65,160.81,161.37,394.8,0.63703414
2006/7/20,161.5,165.99,161.5,164.53,204.8,0.3368366
2006/7/21,161.4,161.5,160.4,161.26,390.2,0.62893072
2006/7/24,158.5,159.3,157.99,158.96,316.8,0.50312608
2006/7/25,157,160.8,155.5,160.57,580,0.92707832
2006/7/26,158.5,159.99,157.8,159.73,364.4,0.58035686
2006/7/27,159.8,162.4,159.8,161.85,542.6,0.87943682
2006/7/28,163,163,161.5,162.51,215,0.34959446
2006/7/31,162.8,163.85,162.8,163.1,296.4,0.48468046
2006/8/1,162,163.3,162,162.77,192.6,0.31420318
2006/8/2,164,166.4,163.4,166.09,570.8,0.94783524
2006/8/3,167.35,167.6,166.2,166.45,592.8,0.98716142
2006/8/4,165.15,166.29,164.8,165.45,268.2,0.44438652
2006/8/7,166.66,166.8,166.35,166.8,227.2,0.37885078
2006/8/8,166.6,166.78,165.7,165.82,250.4,0.415777
2006/8/9,166.5,166.5,163.8,164.61,399,0.65607814
2006/8/10,165.5,167.3,165.5,167.3,295,0.4926539
2006/8/11,165,166.51,164.65,164.88,510.6,0.84327726
2006/8/14,163,163,161.01,162.04,558.4,0.90622684
2006/8/15,161.9,162,161.2,161.53,397.6,0.6434946
2006/8/16,161,162,160.7,161.32,459.6,0.74184096
2006/8/17,162.2,162.45,161.86,162.4,511.4,0.82994144
2006/8/18,159,159,158,158.08,757.8,1.19813232
2006/8/21,158.8,160,158.8,160,433.6,0.69167226
2006/8/22,161,162.99,161,161.04,404.6,0.6523458
2006/8/23,160.55,160.68,160.02,160.15,531,0.85074596
2006/8/24,160.01,160.2,159.8,159.97,509,0.81481366
2006/8/25,160.1,160.36,159.7,160.35,547.4,0.87627154
2006/8/28,160,160.08,159.76,159.78,477.6,0.76397248
2006/8/29,159.7,159.7,158,158.26,381,0.60425812
2006/8/30,156.4,158.63,156.4,157.79,276.4,0.43602952
2006/8/31,159,159.5,159,159.15,620,0.98711208
2006/9/1,160.5,160.8,160.4,160.48,445.4,0.71545614
2006/9/4,160.8,161,160.5,160.57,418.4,0.6727813
2006/9/5,161,161.2,160.2,161.17,1069.8,1.72254082
2006/9/6,163.79,163.79,162.4,162.4,389,
2006/9/7,163.79,163.79,161.5,162.7,750,1.22130226
2006/9/8,160,160,158.5,158.71,1343.6,2.135673
2006/9/11,158.95,158.95,152.2,152.69,1925.2,2.94980254
2006/9/12,152.4,153.25,150,153.01,1404.2,2.14451908
2006/9/13,153.2,153.2,149.2,150,1033.6,1.54928432
2006/9/14,150.6,152.5,150.6,151.99,497.4,0.7552604
2006/9/15,151.5,151.5,147.7,148.88,811.6,1.20425446
2006/9/18,149.7,150.1,149.3,149.36,557,0.8346046
2006/9/19,150.2,150.6,150.1,150.1,367.6,0.55289808
2006/9/20,150.8,150.8,147.45,148.4,501.6,0.74163718
2006/9/21,147.8,148.8,147.8,148.57,411.8,0.61005478
2006/9/22,148.5,150.48,148.5,149.79,587.8,0.8828231
2006/9/25,150.25,150.45,150,150.38,436,0.6552633
2006/9/26,150,151.3,150,150.5,555.6,0.8380549
2006/9/27,151,151.5,150.6,151.4,330.8,0.5000154
2006/9/28,151.7,153.05,151.5,152.85,594.8,0.90872192
2006/9/29,153,153.93,152.95,153.51,977.4,1.49998916
2006/10/9,148.2,148.3,147.6,148.06,1475.4,2.18250004
2006/10/10,148.1,148.5,147.36,148.03,685.4,1.01333116
2006/10/11,145.5,146.5,145.5,146.09,876.2,1.27982752
2006/10/12,146.8,147.19,146.6,147.07,422,0.61968424
2006/10/13,146.6,147.78,146.6,147.54,1052.4,1.55326152
2006/10/16,150.5,150.5,150.25,150.38,909,1.3675934
2006/10/17,151.1,151.8,151,151.3,866.4,1.31377802
2006/10/18,151.2,151.2,150.3,150.41,548.6,0.82542718
2006/10/19,150,150.7,150,150.09,553.6,0.83146646
2006/10/20,151.1,153,151.1,152.75,488.2,0.74470146
2006/10/23,150.98,150.98,150.31,150.34,445.4,0.67068328
2006/10/24,148.5,148.5,147.7,148,366.8,0.5425947
2006/10/25,146.7,149.1,146.7,148.45,325.4,0.48376064
2006/10/26,150.79,150.8,150.5,150.74,372.8,0.56157858
2006/10/27,151,151.25,150.25,150.27,507.6,0.76630806
2006/10/30,151.95,152.7,151.95,152.18,589.2,0.89838006
2006/10/31,152.2,153.2,152.1,152.1,809,1.23171252
2006/11/1,152,154.1,152,153.47,750,1.15260688
2006/11/2,154.96,155.8,154.8,155.29,1108.4,1.72397238
2006/11/3,156,157.45,156,157.42,2211,3.47774748
2006/11/6,158.55,158.9,158.5,158.68,1665.6,2.64439132
2006/11/7,158.8,159,157,158.25,621.4,0.98289846
2006/11/8,159,159.24,158.5,158.54,452.2,0.71720202
2006/11/9,158.6,158.6,156.3,156.75,856.6,1.3427534
2006/11/10,158.5,160.06,158.5,159.87,1175.4,1.87884922
2006/11/13,159.5,159.85,159.43,159.44,691,1.10330402
2006/11/14,157.3,158.99,157.3,157.97,719.6,1.13811204
2006/11/15,158.9,158.9,157.6,158.1,540.4,0.85433296
2006/11/16,157.8,158.55,157.8,158.3,468.8,0.74261564
2006/11/17,159.8,159.8,156.6,156.88,583.8,0.91591196
2006/11/20,158,158.05,157.6,157.87,440.8,0.69641206
2006/11/21,158.99,158.99,158,158,603.6,0.95466966
2006/11/22,158.78,159.2,158.6,159,527,0.8369996
2006/11/23,159.7,160,158.98,158.99,398.8,0.63515
2006/11/24,159.45,159.7,159.35,159.45,520.4,0.83001674
2006/11/27,161.97,161.98,161,161,763.6,1.23192446
2006/11/28,161,161.5,161,161.5,875,1.40967166
2006/11/29,161.2,161.5,160.6,161.4,696.6,1.1233222
2006/11/30,160.8,161,160.6,160.9,500.4,0.80475404
2006/12/1,162.2,163,162.2,162.76,1227.2,1.99666858
2006/12/4,163.15,163.15,162.8,163.11,800,1.30371126
2006/12/5,162.9,163.04,162.5,162.5,368,0.59881624
2006/12/6,161.8,161.8,160.9,161.1,517.4,0.83459104
2006/12/7,160.7,160.7,158.5,158.97,560.2,0.88981566
2006/12/8,159.5,159.88,158.5,159.68,546.2,0.87216938
2006/12/11,157.4,158.5,157.4,158.36,651.8,1.03103592
2006/12/12,158,159.4,158,159.29,299.8,0.47762262
2006/12/13,158.5,159.18,158.5,158.69,458,0.72752638
2006/12/14,158.8,158.89,158.35,158.57,460,0.72886644
2006/12/15,158,161,157.9,160.11,612.4,0.96806288
2006/12/18,159.5,160,155.5,156.04,977.4,1.53637548
2006/12/19,160,160,155.67,155.73,513.4,0.80023308
2006/12/20,158.9,158.9,155.7,156.79,410.4,0.6441871
2006/12/21,156.99,156.99,155,155,574.4,0.89981508
2006/12/22,156.2,156.5,156,156.42,976.4,1.5269954
2006/12/25,156.45,156.7,156.3,156.59,521,0.81577542
2006/12/26,156.8,158,156.8,157.9,456.4,0.71893868
2006/12/27,158,158,157.2,157.38,502.4,0.79143396
2006/12/28,158.5,158.5,157.69,157.72,552.8,0.87223028
2006/12/29,158.6,159.45,158.6,159.34,903.6,1.43820764
2007/1/4,158.8,158.8,158.3,158.58,1147.2,1.81940454
2007/1/5,158.89,158.89,156.9,156.94,938.8,1.47543194
2007/1/8,153.4,155,153.15,153.72,1912,2.93837154
2007/1/9,154.7,154.7,154.08,154.45,663.6,1.02514898
2007/1/10,153.7,154.4,151,154.34,452.6,0.69831508
2007/1/11,154.09,154.44,153,153.86,500.8,0.76888532
2007/1/12,154.8,155,153.7,154.23,596.4,0.91963558
2007/1/15,156.89,157,156.7,156.92,516.6,0.81073546
2007/1/16,157.5,157.5,156.79,156.8,390,0.61231954
2007/1/17,157.75,157.75,156.41,156.48,205.8,0.32250804
2007/1/18,156,158.5,155,157.8,807.8,1.27753154
2007/1/19,158,158.5,157.1,157.48,1211.4,1.90684028
2007/1/22,159,159,158.6,158.66,882.2,1.40002476
2007/1/23,158.85,159.2,158.5,158.82,1293.2,2.05219216
2007/1/24,160,161.4,159.85,160.41,993,1.59500726
2007/1/25,160.9,161.65,160.1,161.28,1453.8,2.3460474
2007/1/26,162.2,162.5,161.1,161.31,844.6,1.36221564
2007/1/29,161.49,161.6,161.25,161.51,757.8,1.22337474
2007/1/30,160.5,161.2,160.5,160.69,466.6,0.74971532
2007/1/31,161.1,162,161,161.22,535,0.86259866
2007/2/1,161.4,163.3,160.88,162.65,1029.8,1.67586896
2007/2/2,163.2,164,163.2,163.31,1022.8,1.67118156
2007/2/5,162.49,162.49,161.46,161.65,603.6,0.97576162
2007/2/6,162.2,162.2,161.8,162.19,593.6,0.96193526
2007/2/7,163.19,163.5,162.9,163.48,482.8,0.78844744
2007/2/8,162.8,162.8,162,162.58,464,0.75461648
2007/2/9,163.55,164.45,163.55,164.03,843,1.38307418
2007/2/12,166,166,165.41,165.56,690.4,1.14394408
2007/2/13,165,165.5,164.85,165.17,561.6,0.92715498
2007/2/14,166.3,166.4,165.9,166.14,607.8,1.01007174
2007/2/15,166.95,166.95,166,166.59,786.6,1.3098998
2007/2/16,166,166.4,163.9,166.21,215.8,0.358613
2007/2/26,170.5,170.85,170.35,170.7,964.8,1.64607606
2007/2/27,171.35,171.35,170.21,170.3,732.4,1.24911554
2007/2/28,169.8,169.8,167,167.25,334.6,0.56047352
2007/3/1,167.2,168.5,166,167.9,343.8,0.5777582
2007/3/2,166.8,166.8,164.5,164.81,364,0.59980494
2007/3/5,160.05,160.49,159.56,159.6,721.8,1.15553742
2007/3/6,159.3,161.5,159,161.19,660.2,1.06017042
2007/3/7,161.2,161.3,160,160.8,459.8,0.7400469
2007/3/8,161.3,163.15,161.3,163.1,286,0.46575084
2007/3/9,162.33,163.15,162.33,163,448.6,0.73088498
2007/3/12,161.5,163,161.5,162.77,383.4,0.62439914
2007/3/13,163.28,163.28,161,162.28,376.8,0.61193718
2007/3/14,162.1,162.1,159.6,160.28,506,0.81944902
2007/3/15,161.18,161.5,159.5,161.09,638,1.02697892
2007/3/16,161.8,162.66,161.2,161.72,448.8,0.72583204
2007/3/19,163.5,163.51,163,163.44,540.2,0.88200402
2007/3/20,162.5,163.6,162.5,163.02,299.8,0.48947554
2007/3/21,164,164.19,163.95,164.09,300.6,0.49327394
2007/3/22,165,165.19,164.9,165.15,431.8,0.71270698
2007/3/23,165.28,165.3,164.5,164.5,481.6,0.79416764
2007/3/26,164.25,164.5,164.1,164.15,316.6,0.52017832
2007/3/27,164.5,165.55,164.5,165.22,535.8,0.8860195
2007/3/28,165.2,165.7,165.2,165.5,431.8,0.7148833
2007/3/29,166.15,166.15,165.25,165.27,385.4,0.64134648
2007/3/30,164.5,165.4,164,165.36,559.6,0.92477882
2007/4/2,165.5,165.6,165.18,165.27,473.4,0.7830835
2007/4/3,165.3,165.55,165.25,165.39,331.8,0.54894584
2007/4/4,165.2,166.5,165.2,166.45,503.2,0.83438244
2007/4/5,166.5,167.5,166.5,167.19,407.2,0.68231522
2007/4/6,167.4,167.7,167.4,167.5,498,0.83592866
2007/4/9,167.2,167.2,166.7,166.98,392,0.65635848
2007/4/10,166.8,168.15,166.8,168.12,748.6,1.2571959
2007/4/11,169,169,168.15,168.38,449.4,0.75712128
2007/4/12,168.65,169,168.35,168.84,615,1.0393807
2007/4/13,168.6,169,167.8,168.29,490.2,0.82647586
2007/4/16,170.07,170.79,170,170.32,318.2,0.5421071
2007/4/17,171,171.3,170,170.82,797.8,1.36428732
2007/4/18,170.8,171.9,170.8,171.79,1063,1.82079674
2007/4/19,171.31,171.85,170,170.08,629,1.07676248
2007/4/20,169.6,171.15,169.6,170.57,1330.6,2.27050856
2007/4/23,172.3,172.3,171.5,171.72,756.4,1.30235928
2007/4/24,171.6,171.85,171,171.85,1210.8,2.07651264
2007/4/25,170.6,170.85,170.2,170.61,1053.4,1.79496438
2007/4/26,170.21,171.5,170.1,170.63,981,1.6762603
2007/4/27,170,170,167.2,167.63,1088.2,1.82486046
2007/4/30,168.7,169.19,168.2,168.23,847,1.43042288
2007/5/8,171.98,171.98,169.98,170.03,646.6,1.10205114
2007/5/9,169.5,170.3,169.5,170.09,430,0.7307036
2007/5/10,170.09,170.09,168.11,168.51,391.8,0.66095996
2007/5/11,167.4,167.4,165.52,165.79,973,1.61814104
2007/5/14,166.3,166.9,166.3,166.4,419.6,0.70099744
2007/5/15,166.4,166.78,165.5,166,672.6,1.11798174
2007/5/16,165.65,166.81,165.5,166.6,498.4,0.83079378
2007/5/17,165.5,166.5,164.43,164.45,546.2,0.89873876
2007/5/18,162.9,163.8,162.01,162.66,850.2,1.38508054
2007/5/21,163.8,163.9,163.56,163.58,632.2,1.03494674
2007/5/22,162.5,164,162.1,163.74,416.2,0.6809295
2007/5/23,163.5,163.5,162.85,162.87,567.2,0.92518776
2007/5/24,163.5,163.7,163,163.14,368.8,0.60268882
2007/5/25,162.8,162.8,161.4,161.41,720.6,1.1652985
2007/5/28,161.41,162.7,161.35,161.79,349.2,0.56532966
2007/5/29,161.81,161.93,161.7,161.82,618.4,1.00076404
2007/5/30,162.85,162.85,161.5,161.55,200.8,0.32562322
2007/5/31,162,162.2,161.75,162.16,296.6,0.48041718
2007/6/1,162.5,163.5,162.2,163.25,444.8,0.726689
2007/6/4,164.5,164.95,163.42,164.87,617.4,1.01634892
2007/6/5,165.3,165.75,165.01,165.4,409.2,0.67688468
2007/6/6,165,165.4,164.8,165.03,334.8,0.55383438
2007/6/7,164,166,164,165.03,364.6,0.60265862
2007/6/8,165,165,162.38,162.39,585.6,0.956119
2007/6/11,161.15,161.22,160.5,161.13,594.2,0.95809808
2007/6/12,161.2,161.4,160.6,160.82,517.2,0.83529152
2007/6/13,160.3,160.3,158.88,159,486,0.77436502
2007/6/14,159.6,160.48,159.6,160.2,669.8,1.07308324
2007/6/15,160.9,160.9,160.1,160.18,765.6,1.22902034
2007/6/18,161.5,161.9,161.35,161.9,631,1.0215501
2007/6/19,162,162,160.01,161.35,436.4,0.70508572
2007/6/20,161.9,162.3,161.8,162,654.8,1.06433002
2007/6/21,162.75,162.75,160.5,161.13,501.2,0.80900104
2007/6/22,161,161.2,160,160.46,551,0.8828836
2007/6/25,160.6,160.68,159.9,160.13,450.6,0.72384362
2007/6/26,160,160.46,159.6,159.76,449.6,0.71914078
2007/6/27,159.7,159.7,157.2,157.27,1056.2,1.66585612
2007/6/28,157.98,158.5,157.6,158.46,545,0.86140372
2007/6/29,158.5,159.3,158.5,158.8,391.4,0.6219725
2007/7/2,158.85,159.6,158.85,159.3,517.8,0.82415532
2007/7/3,160.4,161.05,160.3,161.03,398.8,0.64176518
2007/7/4,160.98,160.98,160,160.29,363.4,0.58252902
2007/7/5,160.3,160.45,160.18,160.33,551.8,0.88444114
2007/7/6,160,160.33,158.8,158.83,415.8,0.66208006
2007/7/9,160.2,160.5,160.2,160.32,555.8,0.89125806
2007/7/10,161.68,162,160.79,161.07,895.4,1.44488286
2007/7/11,161.5,162.51,161.5,162.19,508.2,0.82464524
2007/7/12,162.2,162.2,161.28,161.36,593.4,0.9580108
2007/7/13,162.25,162.5,162,162.09,912.6,1.4806202
2007/7/16,162.48,162.77,162.3,162.32,892.2,1.45144458
2007/7/17,162.98,162.98,162,162.24,1029,1.66967956
2007/7/18,162.7,162.99,162.2,162.75,848.6,1.38117318
2007/7/19,162.95,163.9,162.8,163.58,853.4,1.3962736
2007/7/20,164.5,164.7,164,164.58,678.2,1.11571066
2007/7/23,166.18,166.18,165.75,165.79,607,1.00741298
2007/7/24,166.5,166.5,165.5,165.86,688.8,1.14193844
2007/7/25,167,167,164.8,164.92,446.4,0.73931624
2007/7/26,165,165,163.5,164.56,406.8,0.66880692
2007/7/27,163.2,164.8,161.58,161.63,884,1.45569454
2007/7/30,162,162,161.25,161.79,551.4,0.8921848
2007/7/31,161.66,162.6,161.6,162.21,450.8,0.73203994
2007/8/1,162.5,162.5,160.9,160.97,598.2,0.97267232
2007/8/2,161.5,162.3,161.5,161.94,373.6,0.6054979
2007/8/3,162.79,162.79,162,162.27,483.4,0.78510658
2007/8/6,164,164,163.5,163.65,585.8,0.96188638
2007/8/7,164.18,164.18,163,163.05,490.6,0.80152942
2007/8/8,163,163.7,162.5,163.3,363.8,0.59478326
2007/8/9,164.5,164.5,163.8,163.9,674.4,1.10678838
2007/8/10,163.5,163.5,161.8,162.1,622.8,1.00930786
2007/8/13,163.5,163.5,163.2,163.29,539.6,0.8816358
2007/8/14,163.6,163.8,163.25,163.33,638.4,1.0447425
2007/8/15,163.8,163.8,162.71,162.74,583,0.95033846
2007/8/16,163.5,163.5,162.65,162.72,634.8,1.03453902
2007/8/17,163.1,163.1,159,159.59,1493.8,2.38424222
2007/8/20,160.59,161,160.2,160.96,745.6,1.1981915
2007/8/21,163.2,163.2,160.5,161.01,741.6,1.19666692
2007/8/22,161.5,161.5,160.55,161.1,1292.4,2.07907598
2007/8/23,161.4,162,161.35,161.95,1266.8,2.05204056
2007/8/24,162.4,162.5,160.88,161.1,941.8,1.51765672
2007/8/27,162.7,162.7,162.4,162.42,825.6,1.34191744
2007/8/28,162.5,162.63,162.1,162.27,906.6,1.4733812
2007/8/29,162,162.4,161.45,161.8,737,1.19256656
2007/8/30,162.79,162.79,161.65,161.68,798.4,1.30043332
2007/8/31,162.5,162.65,161.56,162.03,859.4,1.39520458
2007/9/3,163.59,163.75,163,163.25,666.2,1.08780892
2007/9/4,163.75,163.75,163.18,163.5,1135,1.85792514
2007/9/5,163.75,165.38,163.58,164.98,1497.8,2.47187724
2007/9/6,165.6,165.88,164.6,165.8,1443,2.39416698
2007/9/7,166.3,168.5,166,167.82,1486,2.49310936
2007/9/10,168.8,170.3,168.8,170.03,1406.2,2.38374872
2007/9/11,171,171.5,169.2,170.18,990,1.68734524
2007/9/12,171,172.99,170.2,172.16,721.4,1.24325938
2007/9/13,172.5,172.6,171.25,171.26,1063.4,1.82914158
2007/9/14,171.05,172,170.75,170.89,1745.8,2.98936674
2007/9/17,172.5,172.5,171.73,172.18,904.2,1.559453
2007/9/18,173.2,173.6,172.5,173.42,913,1.5827599
2007/9/19,173.6,175.48,173,175.31,1354,2.37185764
2007/9/20,175,175.8,174.91,175.48,1174,2.05769668
2007/9/21,176,178.4,176,178.12,1305,2.3238336
2007/9/24,179,179,177.1,177.94,1012.8,1.803906
2007/9/25,179,179,175.77,176.28,1099,1.93938296
2007/9/26,177.4,177.8,176.22,177.8,765.2,1.35683654
2007/9/27,177.8,178,176.3,176.71,1385.8,2.45174348
2007/9/28,176.6,178.4,176.6,178.2,1370,2.44117748
2007/10/8,179.49,179.49,178.4,178.42,1327,2.38112014
2007/10/9,178,178.1,176.78,177.64,1360.4,2.42233104
2007/10/10,178.6,179.18,177.3,178.8,715.6,1.28178742
2007/10/11,180.88,180.88,179.22,179.7,845,1.52061742
2007/10/12,179.5,181.5,179.5,180.5,1675.8,3.02682764
2007/10/15,182.3,182.88,181.45,182.8,1705.2,3.11167434
2007/10/16,183.1,186.6,183.1,185.32,1139.4,2.10165706
2007/10/17,185.68,185.8,180.9,183,1145.4,2.10708856
2007/10/18,184,184.79,183,184,958,1.7668935
2007/10/19,184.5,186.35,184.1,185.85,949.2,1.76433978
2007/10/22,185.8,185.8,183.7,183.91,1252.6,2.30770152
2007/10/23,183.2,183.8,182,183.54,1326.4,2.43507582
2007/10/24,184,184.2,182.6,182.61,1405.4,2.57689296
2007/10/25,183,184.8,182.7,183.98,1025,1.88972822
2007/10/26,185,189,184.5,186.99,1324.6,2.47598044
2007/10/29,190,190.75,189.82,190.02,1457.6,2.77386872
2007/10/30,189.5,190.26,188.03,188.78,1073.6,2.03305952
2007/10/31,188.53,189.5,188.2,188.68,938.4,1.7704166
2007/11/1,188.68,191.38,188.68,190.82,1232.6,2.35503948
2007/11/2,190.6,190.6,189.7,189.97,1278.4,2.43487726
2007/11/5,193,193.3,192.5,193.14,2547.8,4.89534802
2007/11/6,193.1,195.4,193,195.29,2272,4.41941446
2007/11/7,197,200.8,197,199.96,1981.4,3.95401502
2007/11/8,202.9,202.9,199.1,199.43,1217,2.43298374
2007/11/9,200,201.3,199.5,199.95,1225.6,2.45506804
2007/11/12,199.95,200,194.59,195.6,2050.4,4.03620094
2007/11/13,194.01,195,191.4,193.93,1603.8,3.10074642
2007/11/14,191.5,194.49,191.5,193.13,1665.8,3.22116358
2007/11/15,194.8,196.1,193.5,195.27,1809.6,3.54005678
2007/11/16,193,193,189.15,190.69,3049.2,5.79615354
2007/11/19,189.01,190.7,189,189.69,2161,4.107373
2007/11/20,190,190,186.1,189.4,1892.8,3.5477797
2007/11/21,191,196.2,189.8,193.6,869.8,1.67686264
2007/11/22,193,193.6,192,192.5,606.8,1.1712012
2007/11/23,192.2,193.8,192.1,193.62,1425.8,2.75073684
2007/11/26,197.8,197.8,196.1,196.75,1243.8,2.44256382
2007/11/27,197,197.8,196.22,196.44,964.2,1.89626314
2007/11/28,194,194.98,192.2,193.2,1156,2.23088012
2007/11/29,191,193,191,192,843,1.62035688
2007/11/30,192.8,192.8,189.9,190.23,1097.2,2.09064138
2007/12/3,190,190,187.8,188.81,1318.6,2.48871686
2007/12/4,187,190,186.9,189.7,1452.4,2.75304786
2007/12/5,191.8,192.24,190.03,191.93,1086.4,2.08342538
2007/12/6,190,191.9,189.4,189.89,871.6,1.65401036
2007/12/7,188.01,191.48,188.01,190.64,929,1.77434796
2007/12/10,189,190.54,189,190.24,1049.2,1.99583952
2007/12/11,192,192.36,191.2,192.31,1115.6,2.14158446
2007/12/12,192.4,192.78,190.9,191.25,818.2,1.56473994
2007/12/13,192.25,192.7,191.5,192,781.4,1.50377414
2007/12/14,191.8,192,189,190.5,1177.2,2.24634962
2007/12/17,190,190.45,188.75,189.1,1639,3.1060073
2007/12/18,189.9,189.9,188.5,189.42,1423.4,2.69169192
2007/12/19,190.5,191.55,190.2,191.11,1473.2,2.81457742
2007/12/20,191.11,191.11,190,190,749,1.42764494
2007/12/21,190.8,191,189.4,190.5,1540.4,2.93795506
2007/12/24,191.8,192.2,191.11,192.16,1852.6,3.55281222
2007/12/25,192.99,192.99,191.4,192.27,1842.2,3.5295535
2007/12/26,192.3,193.1,191.9,193.04,2105.4,4.05340702
2007/12/27,193,194.5,192.5,193.8,1655.8,3.2099809
2007/12/28,194.55,195.7,194.5,195.03,2349.8,4.58915586
2008/1/2,195.03,196.95,195.03,196.46,2339.2,4.594755
2008/1/3,197.6,201,197.6,200.8,2631.2,5.2606604
2008/1/4,203,203,200,202.5,2124.6,4.29355588
2008/1/7,201.2,201.2,200.21,200.26,2701.8,5.41663354
2008/1/8,201,204.05,200.8,203.9,3072.6,6.24117666
2008/1/9,205.1,209.14,204.1,208.83,5097.2,10.5590126
2008/1/10,208.5,208.5,205,205.6,3069.2,6.3326686
2008/1/11,205,209.1,204.1,208.4,2289.8,4.77593654
2008/1/14,209.98,211.2,209.79,211.18,3634.2,7.65417478
2008/1/15,212,212.79,211.2,212.34,2338,4.95837422
2008/1/16,212,212.6,206.21,206.72,1868,3.89997016
2008/1/17,208.48,208.48,205,206.98,1999.8,4.12263926
2008/1/18,208,208,204.35,205.25,3264.6,6.74157298
2008/1/21,205.98,206.9,205.5,205.76,2146.6,4.44195884
2008/1/22,205,205,200,200.4,2395,4.85221854
2008/1/23,200.4,207.78,200.4,207.33,2862.8,5.93094862
2008/1/24,206,208.8,204.9,207.25,2879.6,6.02749334
2008/1/25,209.25,211.86,208.55,211.85,2823.8,5.97011728
2008/1/28,211.78,213.15,211.78,213.09,2891,6.15364124
2008/1/29,213,215.1,212.3,214.3,3271.8,7.026854
2008/1/30,214,214.88,213.7,214,1671.4,3.58235088
2008/1/31,214,214.7,212.5,213.98,1729.8,3.70151812
2008/2/1,214.7,214.7,212.6,213.98,1837.6,3.93418004
2008/2/4,212.7,214,210.05,210.11,3704,7.84968096
2008/2/5,208.88,210,208,208.97,1077.4,2.2586603
2008/2/13,211.48,214.5,208.2,208.2,1771.2,3.72995208
2008/2/14,209,210.9,209,210.87,1150,2.41610828
2008/2/15,210.7,211,209,210.45,1308.6,2.7712892
2008/2/18,212,213,209.25,209.33,1633.8,3.42542562
2008/2/19,209,210.38,208.99,210.16,2671,5.64092288
2008/2/20,211.5,214.1,211.5,213.35,1334.8,2.85239974
2008/2/21,213.35,216.8,211.7,216.49,1952.8,4.21985762
2008/2/22,216.5,218.15,216.38,217.18,2046.2,4.44099044
2008/2/25,216.8,218.1,216.8,217.89,1894.6,4.1283364
2008/2/26,218,218.79,214.5,214.8,1400.4,3.01466074
2008/2/27,214.7,219.9,214.7,219.8,1485.8,3.25923498
2008/2/28,219.8,220.5,218.4,218.49,1144.4,2.51293054
2008/2/29,220.39,222.3,219.5,221.35,2163,4.79696722
2008/3/3,224,224.97,223,224.89,1686.6,3.78336988
2008/3/4,224.99,225.8,224.2,224.51,1346.6,3.03345836
2008/3/5,226.03,226.03,220.9,220.9,3011.6,6.66617482
2008/3/6,220,226.4,220,225.73,1206.8,2.71753262
2008/3/7,225,225.8,223,225,1514.6,3.41401086
2008/3/10,225,225,222.5,224.01,2326.2,5.2070341
2008/3/11,222,223.58,221.01,222.38,1569.6,3.4977099
2008/3/12,224.68,224.75,222.41,223,1166.4,2.60376906
2008/3/13,224.3,225.2,223.58,225.2,1475,3.32056892
2008/3/14,226.5,227.86,226.5,226.9,1953,4.42693048
2008/3/17,232.38,234.3,231.5,233.59,2381.8,5.54345184
2008/3/18,233.2,233.2,227.2,228.78,2121.6,4.85365038
2008/3/19,232.38,232.38,224,226,2386,5.38439912
2008/3/20,223.01,223.01,208,213.65,5769.4,12.30554166
2008/3/21,210,212,207,209.95,2588.8,5.42057346
2008/3/24,207.5,209.6,206.78,206.9,2304.8,4.88513632
2008/3/25,209.5,210.49,208.5,210.34,2186.6,4.65042364
2008/3/26,211.1,213.6,210.8,212.21,910.2,1.93802818
2008/3/27,213,215.89,213,214.64,1545.6,3.3304784
2008/3/28,214.5,214.5,212.5,213.31,1321.2,2.83244372
2008/3/31,213.31,213.31,209.95,212,1431.4,3.01502214
2008/4/1,212.9,212.9,204.91,205,1221,2.52593346
2008/4/2,202.5,203,197.6,200.99,1485.8,2.9767916
2008/4/3,199,205.5,199,203.39,1289.6,2.62965972
2008/4/7,207,207,205,205.75,1201.6,2.4785179
2008/4/8,206.5,209,206.3,207.15,1508,3.1530032
2008/4/9,205.08,206.5,204.51,204.86,1032.2,2.1197173
2008/4/10,205.2,210.2,205.2,208.99,1334.8,2.80438214
2008/4/11,209.5,210.5,207.1,208.09,1369,2.84674166
2008/4/14,206.18,207.5,205.85,207.3,1058,2.19805542
2008/4/15,208,210.2,207.6,210.19,1076.2,2.2520403
2008/4/16,210.2,210.2,208.45,209,603.2,1.26074998
2008/4/17,212.3,213,211.8,212.47,826.8,1.75584656
2008/4/18,212.5,212.6,211.45,212.34,1028.6,2.18474156
2008/4/21,208,208.1,206.9,207.29,1108.8,2.30093974
2008/4/22,208,208,205.9,206.02,1735.6,3.59659274
2008/4/23,207.2,207.49,206.3,206.75,1119.8,2.3158775
2008/4/24,206.68,206.68,202.4,203.71,2279,4.66559184
2008/4/25,203,203,200,200.32,2532.2,5.0877236
2008/4/28,201.5,203.3,201.2,202.02,1397.4,2.8393372
2008/4/29,202.06,202.06,199.9,200,1830.8,3.79825236
2008/4/30,198.4,199.5,196.8,198.13,1740.2,3.53892932
2008/5/5,197.35,197.35,194.62,194.98,1969.6,3.86170242
2008/5/6,196.8,197.5,195.5,196.8,763.6,1.5034033
2008/5/7,197,198.3,196.3,196.46,1180.4,2.33734436
2008/5/8,196,196,194.7,194.91,1157,2.26138336
2008/5/9,197,199.21,196.35,199,1136,2.2654919
2008/5/12,199.5,200.1,198,198,1036.8,2.05882272
2008/5/13,198.28,199.1,197.1,197.34,1157,2.29809178
2008/5/14,197,197,194.8,195.3,1277,2.50164712
2008/5/15,195.3,196.58,194.61,195.7,995.6,1.94563288
2008/5/16,196.56,199.2,196.55,198.3,932.6,1.84944322
2008/5/19,202.98,203.9,202.5,203.4,1183.4,2.40754668
2008/5/20,203.4,204,202.01,203.71,1304.2,2.65561488
2008/5/21,203,206.3,203,205.64,1909.2,3.9221049
2008/5/22,205.5,208.9,204.2,208.06,3075.2,6.38547016
2008/5/23,206.13,206.5,204.6,205.59,1464,3.00426726
2008/5/26,207.78,207.78,206.55,206.79,1350.6,2.7927687
2008/5/27,206.79,207.4,206,206.69,1408,2.91458766
2008/5/28,204.1,204.1,202.5,203.07,1067.8,2.17503888
2008/5/29,201,202,200,200.3,1151.2,2.31447964
2008/5/30,198.5,198.5,195.68,195.79,3221.6,6.33156046
2008/6/2,199.8,199.8,196.2,197.64,1528.2,3.01648392
2008/6/3,199.99,200.9,198,199.6,962.2,1.91782988
2008/6/4,198.9,198.9,195.81,196.1,1909.2,3.77275786
2008/6/5,196.85,197.28,195.9,196.79,1446.2,2.836903
2008/6/6,195.88,197.5,195,196.65,1704.4,3.3609149
2008/6/10,199,199,197.4,197.49,953.2,1.89300096
2008/6/11,197.5,197.5,194,195.26,1795.6,3.49501482
2008/6/12,195.26,196.28,193.4,193.8,1539.4,2.99474556
2008/6/13,193.4,194.15,192,193.8,2120,4.14003736
2008/6/16,194.5,194.5,193.2,193.62,1637.4,3.18422832
2008/6/17,196.1,197.29,195.38,196.34,1143.2,2.25749144
2008/6/18,195.2,196.5,195.18,196.39,1163.2,2.2778511
2008/6/19,196.8,197.6,196,197.26,1219.8,2.40709012
2008/6/20,197.2,200,197.2,199.3,2898,5.76750028
2008/6/23,201.5,201.5,199.61,199.93,2903.2,5.807376
2008/6/24,197.9,197.9,195.18,195.95,1944,3.83832806
2008/6/25,196,196.95,195.85,196.15,1637.2,3.23113574
2008/6/26,196.6,196.6,194.47,196.29,1475.8,2.9066965
2008/6/27,197.2,201.5,197.2,201.5,5177.8,10.41039382
2008/6/30,204,204.6,203.85,204.59,3683.6,7.52330636
2008/7/1,203.5,204.45,202.69,204.19,1253.2,2.55641968
2008/7/2,204.98,207.6,204.98,207.59,2012.2,4.15774666
2008/7/3,206.25,208.18,206,207.98,1204.4,2.50047216
2008/7/4,205.72,206.6,205.2,206.22,915.2,1.88754396
2008/7/7,206.5,206.5,203.25,203.3,1313.6,2.68047556
2008/7/8,203.3,205.15,202.58,205.13,971.8,1.98704914
2008/7/9,205.15,205.15,202.4,203.32,1294.8,2.64273878
2008/7/10,204.25,205,203.5,204.29,762.4,1.55941906
2008/7/11,205,207.5,205,207.42,2436.2,5.04908404
2008/7/14,214,214,211,211.29,2852.8,6.0321143
2008/7/15,208,213.3,208,213.09,2685.8,5.71609808
2008/7/16,213.3,215.5,212.01,213.03,2345.6,4.99027634
2008/7/17,214,214,210.5,211.27,1034.4,2.18643082
2008/7/18,210.3,213,210.01,211.49,1164.8,2.44991576
2008/7/21,211.48,211.6,210.7,211.1,1178,2.4871081
2008/7/22,211.19,213.1,210.6,213.01,1122.6,2.38554602
2008/7/23,212.2,213.8,206.5,206.79,1926.6,4.01605004
2008/7/24,206.13,208.2,201.95,203.9,2121.2,4.32169066
2008/7/25,203.33,205.49,203,204.9,2072,4.24347212
2008/7/28,205,205,203.2,204.43,1256.4,2.5716396
2008/7/29,204.9,205.2,203.45,204.87,788.4,1.61950246
2008/7/30,204,204,201.5,201.61,1755,3.5421061
2008/7/31,200.35,201.78,197.99,201,1865.8,3.73922474
2008/8/1,202.38,203.8,200.5,200.7,1198.6,2.40849238
2008/8/4,202,202.19,200.6,201.6,851,1.71682198
2008/8/5,201,201.88,195.6,196.4,1993,3.93219202
2008/8/6,196.4,196.5,194.2,195.8,2031.6,3.9622839
2008/8/7,195.8,197,194,195.58,2202.6,4.32413106
2008/8/8,194.9,194.9,191.5,191.5,2540.8,4.91745256
2008/8/11,193,193,189.8,189.88,1512,2.8827054
2008/8/12,190.28,190.28,177.9,180,2843.2,5.14251302
2008/8/13,182,182.9,179,182.84,1757.8,3.17493714
2008/8/14,182,184.5,180,184.26,2322.8,4.30526032
2008/8/15,182,182.3,174.9,175.5,3616.2,6.38576898
2008/8/18,178,178.6,176.6,178.06,1389.4,2.52558136
2008/8/19,178.06,178.06,174,174,1783.8,3.1208112
2008/8/20,175,180.95,174.5,179.99,2091.2,3.79254982
2008/8/21,179.25,181.18,177,180.94,1762.2,3.27285852
2008/8/22,183.22,184.99,182.4,184.04,1714.8,3.17255788
2008/8/25,182,182,179.6,181.19,1123,2.0338674
2008/8/26,181.03,182.28,180.6,180.88,1378.2,2.49991316
2008/8/27,180,183.2,180,182.58,1279,2.33744932
2008/8/28,183.4,183.8,181.75,183.78,872.4,1.59906338
2008/8/29,185,185.2,182.28,183.98,1259.6,2.31884832
2008/9/1,183.98,183.98,182.5,183.8,1588.4,2.9386999
2008/9/2,182.6,182.6,177.7,178.28,1266,2.27338524
2008/9/3,175.03,179,175.03,176.3,1517.8,2.69017276
2008/9/4,177.19,178.78,176.38,178.71,3026.8,5.3835164
2008/9/5,179,179,175.3,176.9,2405.6,4.31791764
2008/9/8,178.7,180.6,178.7,179.89,1332.6,2.39499808
2008/9/9,179,179.5,176.01,176.59,2995,5.32739486
2008/9/10,175,175.2,169.6,171.68,3409,5.8397038
2008/9/11,172.3,172.95,166.69,167.36,3001.2,5.0364855
2008/9/12,168,168,163.16,167.87,1705.2,2.84710042
2008/9/16,172,172,170.5,171.45,2107.8,3.63538312
2008/9/17,172,174,171,173.99,1790,3.13316844
2008/9/18,173.99,196,173.1,191.19,3744,7.08128284
2008/9/19,191,197.5,185,185.07,2490.8,4.69031224
2008/9/22,190,191.3,186,191.29,2074.8,3.94693452
2008/9/23,193,199,191.5,193.98,3754.2,7.3006455
2008/9/24,195.6,197.5,193,194.4,1222.4,2.37563902
2008/9/25,197.8,197.98,193.78,195.7,2552.8,4.99501546
2008/9/26,195.7,195.98,190.07,192.75,1937.6,3.74176036
2008/10/6,183,184.35,182.8,183.18,980,1.79792654
2008/10/7,188,192.2,188,191.3,1983.2,3.77872344
2008/10/8,194.5,197.3,191,196.28,2146.2,4.19646608
2008/10/9,200,201,194.1,194.31,1643,3.23900216
2008/10/10,195,203,193.55,202.39,4885.2,9.7802786
2008/10/13,197.5,197.5,188.8,189.67,3239.8,6.15777132
2008/10/14,189.67,189.67,183,186.79,2427,4.52298192
2008/10/15,186,187.4,185.05,186.97,2073.6,3.87494466
2008/10/16,185.7,187.5,183.88,184.25,1668.2,3.10807618
2008/10/17,184.25,184.51,175.38,179.04,3163.2,5.65377292
2008/10/20,179,179,175.98,178.49,1845.2,3.2728791
2008/10/21,178.49,178.49,174.5,175,2344,4.12444536
2008/10/22,173,173,169,169,4068.6,6.93685672
2008/10/23,169,170.4,160.5,162.9,5349.8,8.72570868
2008/10/24,162,163.2,157.5,160.81,3835.8,6.10360902
2008/10/27,164.5,165.5,161,162.87,2806.2,4.59434584
2008/10/28,163,167.2,161.8,167.03,2777.4,4.5802631
2008/10/29,167,168,163.8,167.56,3261.8,5.5819059
2008/10/30,167.56,171.28,167.56,171.06,2445.6,4.21927654
2008/10/31,171.06,171.06,162,164,3942.8,6.48832172
2008/11/3,163,165.8,163,165.8,1789.6,2.9512162
2008/11/4,168,168,162.7,164.82,2867,4.76561058
2008/11/5,167.99,169.29,165,167.5,1376.6,2.31424152
2008/11/6,169,169,165.5,165.51,1197.2,1.98801232
2008/11/7,167.5,167.74,163.8,165.52,1638.6,2.7138885
2008/11/10,168.33,168.5,166,167.9,2702.2,4.60983756
2008/11/11,169,169.48,166.71,167.18,1375,2.30512054
2008/11/12,165.5,166.45,164.2,165.64,3539.6,5.81714894
2008/11/13,165.64,165.64,160,161.79,4466.4,7.179916
2008/11/14,162.6,165,161.26,164.44,3009.6,4.90559458
2008/11/17,165,166.3,165,166,1711.6,2.84288158
2008/11/18,166,166.48,163.2,165.43,2137.4,3.55654832
2008/11/19,165,165.9,164.91,165.6,2007,3.34014374
2008/11/20,165.44,167.5,164.5,166,2653.6,4.40443528
2008/11/21,167.47,167.7,165.5,167.66,2516.2,4.2000735
2008/11/24,175,176.5,173.5,173.5,2136.4,3.71083662
2008/11/25,179.68,181.2,178,178.49,3534.2,6.23308262
2008/11/26,180,181.4,177,178.8,3487.8,6.245941
2008/11/27,178.8,180.2,178.2,178.8,2415,4.32702324
2008/11/28,178.5,179.5,178.5,179.01,2818.8,5.03386414
2008/12/1,178.6,179,177.71,178.39,1951,3.4856029
2008/12/2,177.48,177.48,170.1,170.76,1801,3.09837964
2008/12/3,174,174.1,171.8,173.54,1717,2.9758325
2008/12/4,173.54,173.54,170.61,171.56,1674,2.8831877
2008/12/5,171,173.2,171,173.12,2874,4.95069012
2008/12/8,172.99,172.99,169.85,172.3,1638,2.81643966
2008/12/9,172.7,173.98,172.5,173.61,2457,4.26376848
2008/12/10,173.5,175.15,172.35,175,2390,4.16570762
2008/12/11,175.5,180.65,175.4,180.53,2250,4.03517546
2008/12/12,183.26,183.9,178.3,178.49,2709,4.87933452
2008/12/15,180.1,182.98,180.1,182.01,2165,3.94549856
2008/12/16,182.01,184.5,181.2,183.8,2920,5.36326732
2008/12/17,183.99,186.5,183.5,186,3180,5.90395872
2008/12/18,186.11,189.2,186,188.83,2819,5.31678514
2008/12/19,190.6,191,185.81,187.15,2642,4.9431772
2008/12/22,186,186.98,185.11,186.01,1305,2.42745962
2008/12/23,186.5,187.3,185.7,187.17,2261,4.2175251
2008/12/24,187.1,187.1,185.21,185.3,2330,4.33693336
2008/12/25,184.8,187.2,184.62,186.6,942.2,1.75911056
2008/12/26,186.9,187.25,186,187.2,3271,6.07410776
2008/12/29,190.5,195,190.5,194.8,2759,5.306919
2008/12/30,193.5,194.38,192.03,192.69,1974,3.81607564
2008/12/31,190.5,192.35,190,190.65,1004,1.92240134
2009/1/5,193,193,191.25,192.02,2318.8,4.45139566
2009/1/6,189,189,186.5,187.67,2214.8,4.15754196
2009/1/7,186.57,190.45,186.1,189.77,1796,3.40519436
2009/1/8,190,190.6,186.2,187.5,1706.6,3.1973052
2009/1/9,187.5,189.85,186.11,189.69,2418.4,4.57229442
2009/1/12,188.79,188.96,187.8,188.59,2642.8,4.9760254
2009/1/13,186.9,186.9,181.8,181.81,3888.8,7.13522526
2009/1/14,182.7,183.79,181.22,182.99,1854.4,3.39763674
2009/1/15,182.51,182.51,179.8,180.33,3287.2,5.92926724
2009/1/16,180.8,182.7,179.8,182.47,3753.2,6.85297444
2009/1/19,184.2,185.6,184.2,185.2,2319,4.31847608
2009/1/20,184.02,184.8,182.9,182.95,1378.2,2.5319181
2009/1/21,187,189.5,186,187.57,1393.2,2.61723166
2009/1/22,188.8,188.98,186.7,187.8,1218.4,2.28920466
2009/1/23,187,189.3,186.6,188.49,1751.2,3.30035968
2009/2/2,200.8,202.4,198.9,199.75,2300,4.62386036
2009/2/3,199,200.8,197.8,198.09,2318,4.5118003
2009/2/4,198,199.6,196.8,197.53,1167,2.27260394
2009/2/5,197,199.7,196.8,199,1629,3.20823142
2009/2/6,200.99,202,200,201.2,1189.8,2.38974926
2009/2/9,199,199.76,198.65,198.87,1144,2.28158346
2009/2/10,199,199,196.5,196.96,1315,2.59585366
2009/2/11,198.7,200.8,198.5,200.72,942.2,1.88686742
2009/2/12,202.52,207,201.6,206.58,1659.2,3.40729508
2009/2/13,207,208,205.55,206.8,1833.4,3.79177368
2009/2/16,206,206.5,205.5,206.49,1243,2.56378324
2009/2/17,206.8,211.5,206,211.1,1846.4,3.8703591
2009/2/18,212,214.1,210.62,213.65,1473.4,3.14172986
2009/2/19,213.6,215.7,211.2,214.22,1423.6,3.055946
2009/2/20,215,215.8,213.6,214.99,1000.6,2.14583078
2009/2/23,218,218,216.6,216.62,1758,3.76841444
2009/2/24,216.56,218.5,215.3,217.15,1314,2.82782514
2009/2/25,218,218.47,209.9,210.4,1826,3.86714972
2009/2/26,210.1,214.6,208.05,209.89,1605.4,3.35525952
2009/2/27,206.65,208.18,205.67,207.51,1307.8,2.71156472
2009/3/2,208.1,209.99,208.1,209.98,1354.6,2.83918288
2009/3/3,209.35,209.5,203.4,203.42,1792.6,3.67800084
2009/3/4,203.5,205,200.88,201.48,1217.2,2.45325472
2009/3/5,201,203.5,200.9,201.43,1155,2.32839814
2009/3/6,201.8,207.6,200.8,207.3,1599.6,3.29698842
2009/3/9,207,207,205.4,205.59,1008.4,2.0779352
2009/3/10,206,206.69,201,201.8,1377,2.78559036
2009/3/11,201.01,201.5,196.81,198.04,1796,3.555623
2009/3/12,198.8,201.6,197,201.56,1702.8,3.4209842
2009/3/13,200,204,200,203.37,1413,2.87505476
2009/3/16,203.37,204.69,203.37,203.99,1049.6,2.14038922
2009/3/17,204.41,204.41,201.27,202.5,1426.4,2.90517828
2009/3/18,202.5,202.5,200.1,200.4,1509.4,3.03178244
2009/3/19,200,205.1,195.3,204.85,1553.4,3.14030662
2009/3/20,208,210.5,207.01,210,1844.4,3.8664939
2009/3/23,210,210.34,208.54,210.32,1713.8,3.58522006
2009/3/24,208.01,209.99,206.41,206.49,1457.8,3.02203224
2009/3/25,203.5,204.5,202.2,204.09,1677.2,3.4356942
2009/3/26,203.5,206.3,202.78,205.47,1654.8,3.3993101
2009/3/27,206.8,207.5,204.9,204.91,1969.8,4.0471157
2009/3/30,204.91,204.91,202.8,203.69,1569,3.19202418
2009/3/31,201.26,204.99,201.26,202.56,1632,3.3008709
2009/4/1,203,203.3,200.7,202.1,1322.4,2.6760391
2009/4/2,203.7,204,202,202.88,1306.6,2.65656326
2009/4/3,202.5,202.5,197.2,199.7,2781.6,5.54159194
2009/4/7,194,194.1,192.7,193.99,2141.4,4.14549616
2009/4/8,193.99,196,193.3,195.66,2521,4.99372956
2009/4/9,195.66,195.66,193.98,194.58,1859,3.64092122
2009/4/10,194,194.8,193.4,194.75,1732.4,3.37061176
2009/4/13,195,196.1,194.8,196.05,1693.6,3.35926586
2009/4/14,197.5,198,196.8,197.59,1203,2.37575746
2009/4/15,196.7,196.7,195.7,196.2,1315.8,2.6037958
2009/4/16,196.68,196.99,195.8,196.59,952,1.86973128
2009/4/17,196.59,196.59,192.5,192.66,2445.6,4.71894438
2009/4/20,191,192,191,191.91,1403.6,2.68919124
2009/4/21,193.2,196.5,192.6,196.03,989.2,1.93435782
2009/4/22,196.4,196.4,194.01,195.42,1102,2.1481215
2009/4/23,195.5,196.65,194.9,196.37,4632,8.86900898
2009/4/24,196.8,200.4,196.03,200.29,1637.2,3.2718261
2009/4/27,201.69,201.7,200,200,1507.8,3.03052036
2009/4/28,200,200,197,197.2,1023.8,2.02585764
2009/4/29,196,197.38,195.6,197.12,1574,3.09573262
2009/4/30,197.01,198,196.8,197.75,1069.4,2.10923036
2009/5/4,195.21,196.75,195.21,196.7,1183,2.32348118
2009/5/5,196.85,199,196.3,198.3,1234.4,2.44581652
2009/5/6,200,200.1,197.4,198.4,1355.6,2.68943166
2009/5/7,198.55,200.49,198.55,200.1,945.2,1.89123024
2009/5/8,201.11,201.34,200,200.53,1219.8,2.44736942
2009/5/11,200.5,201.3,200.5,200.85,1097,2.20468682
2009/5/12,200.03,200.99,200.02,200.67,1126.8,2.25949934
2009/5/13,200.8,203.6,200.8,203.11,1326.4,2.69035632
2009/5/14,202.1,203.6,202.1,202.19,1446.6,2.93396686
2009/5/15,202.25,203.59,202.25,203.18,918.4,1.86748328
2009/5/18,204,204.7,203.88,204.62,1140.8,2.33064206
2009/5/19,204.5,204.5,202.19,202.46,1236,2.50327812
2009/5/20,202.11,203.8,202.1,203.74,747.2,1.52077242
2009/5/21,203.5,207,203.5,207,1243.2,2.5608316
2009/5/22,206.5,209.2,205.6,208.61,1889.2,3.91736182
2009/5/25,209.5,210,209.01,209.05,1598,3.32952388
2009/5/26,208.01,209.75,208.01,209.23,1917.2,4.00493974
2009/5/27,208.03,209,207.81,208.69,1526.8,3.18181576
2009/6/1,214,216,213,215.68,2402.2,5.1780207
2009/6/2,214.8,215.55,212.8,213,1312.8,2.8099553
2009/6/3,215.48,216.88,214.53,216.4,1229.2,2.656319
2009/6/4,214.99,214.99,212.1,213,967.2,2.05933704
2009/6/5,214.2,215.59,213.02,215.5,1141.2,2.45267178
2009/6/8,210.61,211.5,209.5,209.5,1555.6,3.27599578
2009/6/9,209,210.2,207.8,209.69,874,1.82089172
2009/6/10,211,211.3,209.82,210.95,1003.6,2.10728394
2009/6/11,211.6,211.6,209,209.93,956.2,2.00942018
2009/6/12,208.99,210.9,208.23,209.39,891,1.87069786
2009/6/15,206.7,207.2,205.6,205.89,1137.4,2.34606306
2009/6/16,207.2,207.2,205,206.29,1574.4,3.25619092
2009/6/17,206.5,206.5,205.4,206.48,1381.8,2.8868631
2009/6/18,206.48,206.98,204.96,206.78,1025.8,2.1284751
2009/6/19,207,207,205.6,205.8,1164,2.40039486
2009/6/22,206.05,206.05,205.6,205.69,1204,2.47714134
2009/6/23,204.13,204.13,201.75,203.03,2344,4.7794815
2009/6/24,203.18,204.25,202.3,204.21,853.8,1.73938104
2009/6/25,204.84,206.18,204.84,205.9,1196.6,2.46415346
2009/6/26,206,207.83,205.82,207.81,1329.4,2.75616914
2009/6/29,207.3,207.3,205.82,206.25,921.8,1.90617508
2009/6/30,206.5,207.8,206,207.41,1216.4,2.52144802
2009/7/1,207,207,204.01,205.16,1886.8,3.8866502
2009/7/2,206.7,207,206,206.47,1418.2,2.941643
2009/7/3,205.55,206,205,205.75,1311.4,2.69713626
2009/7/6,205.2,205.2,203.8,203.8,1817.8,3.745023
2009/7/7,204.45,204.49,203.3,203.36,2018.6,4.1504494
2009/7/8,204,204,202.6,203.68,1050.2,2.13577812
2009/7/9,203,203,199.99,201.3,2156,4.33889188
2009/7/10,201.2,202,200.8,201,2205,4.4863184
2009/7/13,201,201.77,200.56,200.68,1414,2.8455068
2009/7/14,201.5,202.89,200.6,202.76,1219.4,2.47796778
2009/7/15,203,204.39,203,204.14,1134.2,2.3178863
2009/7/16,204.8,206.9,204.8,206.19,1547.2,3.1879531
2009/7/17,205.5,206.2,205.21,205.91,973,2.00385098
2009/7/20,206.21,207.85,206.21,207.75,1538.4,3.19063198
2009/7/21,208.5,209.66,208,208.2,1427,2.9734475
2009/7/22,208.58,209.5,207.99,208.08,1061.4,2.21225548
2009/7/23,208,209.5,207.61,209.41,1739.2,3.63688308
2009/7/24,209,210,208.3,208.55,1306,2.72538062
2009/7/27,208.6,210.29,208.6,210.06,1668.4,3.49689366
2009/7/28,210.2,210.2,209.2,209.86,1457.8,3.05784762
2009/7/29,209,209.2,205.4,205.81,1624.6,3.35163016
2009/7/30,206,206,204,205.02,1693.4,3.47273588
2009/7/31,205,206.9,205,206.26,1329.4,2.74389288
2009/8/3,208.5,209.65,208.5,209.4,1778.4,3.72482112
2009/8/4,210.5,211.01,209.5,209.89,1733.4,3.6455958
2009/8/5,210,212.49,209.95,212.02,1495.6,3.16639542
2009/8/6,212,212.21,210.8,211.95,1274.2,2.6970635
2009/8/7,212.8,213,211,211.2,1470.4,3.10936608
2009/8/10,210,210.59,209.69,210.01,1744.6,3.66863564
2009/8/11,209.01,209.01,208,209,1753.8,3.67581374
2009/8/12,208.4,208.9,207.6,207.91,1279.2,2.66397122
2009/8/13,207.9,210.5,207.9,210.45,1058,2.21757148
2009/8/14,210.88,210.98,210,210.15,1726.6,3.63601886
2009/8/17,208.4,208.4,207.45,207.97,1648,3.42815258
2009/8/18,207.3,207.6,205.6,207.39,1642.6,3.40102184
2009/8/19,206.98,207.7,206,206.6,1971.2,4.10455324
2009/8/20,206.5,208.6,206.15,208.29,1635,3.40891636
2009/8/21,207.9,207.9,206.9,207.31,3435,7.12412172
2009/8/24,209.99,210.1,209.01,210.03,1278.6,2.68319064
2009/8/25,209.5,210,207.6,208.19,2956.8,6.16945326
2009/8/26,208.5,209.35,208.1,208.75,1192.6,2.48970732
2009/8/27,209,209,207.4,208.6,1151.4,2.40586788
2009/8/28,208,209.4,207.65,209.17,3789,7.9168853
2009/8/31,210.5,210.51,209.4,209.85,1600,3.36331284
2009/9/1,209,210.4,208.5,210.22,1698.6,3.5669228
2009/9/2,210.2,210.4,209,210.39,1541.2,3.23786676
2009/9/3,211.8,215.5,211.25,215.44,3091,6.61461946
2009/9/4,215.9,218.3,215.01,217.34,3076.8,6.68757442
2009/9/7,217.85,218.4,217.63,218.4,2448.2,5.3335974
2009/9/8,218,220.65,218,220.27,2258,4.95059708
2009/9/9,220.27,221.2,218.66,219.53,1889.8,4.14399476
2009/9/10,219,220,218.05,218.44,1713.2,3.74051452
2009/9/11,217.05,220.49,217.01,219.7,2718.4,5.97948012
2009/9/14,219.94,220.44,219,219.2,1540.4,3.38515232
2009/9/15,219.01,220.19,219.01,220,841.6,1.84784622
2009/9/16,218.75,223.6,218.7,223.41,2411.8,5.35776702
2009/9/17,223.7,225.1,223,224.01,1841.2,4.13050582
2009/9/18,223.02,224,222.2,222.69,1551,3.45555116
2009/9/21,220.65,221.2,219.8,220.16,1943.4,4.28329862
2009/9/22,220.16,222.2,219.16,222.16,2208.2,4.89107574
2009/9/23,223,223.5,222.6,222.87,3029.6,6.75888088
2009/9/24,222.6,223.2,221.3,222.78,2686.4,5.97321902
2009/9/25,223.5,224,218.61,218.86,2812.2,6.16884196
2009/9/28,219.3,219.3,217.28,217.43,2945.6,6.43817466
2009/9/29,217.8,218.6,217.66,218.33,1606.4,3.50304766
2009/9/30,218,219.8,217.3,219.71,939,2.05412778
2009/10/9,231,231,228.5,229,3470.2,7.93587258
2009/10/12,229,230.12,229,229.92,2451,5.5922405
2009/10/13,230,231.85,230,231.3,3156.2,7.17306386
2009/10/14,233,234.6,231.8,234.3,1887.2,4.41398532
2009/10/15,234.29,234.29,231.8,231.97,1418.8,3.28597788
2009/10/16,232,232.5,230.2,230.6,1630,3.76252366
2009/10/19,231,232,230.6,232,1795.2,4.14938276
2009/10/20,231.1,234.5,230.8,234.39,2413.4,5.64555146
2009/10/21,231,233.75,231,233,1816.8,4.21237728
2009/10/22,231,233.6,231,232.45,2779.4,6.4684002
2009/10/23,232.85,233.6,231.85,233,2023.2,4.71593666
2009/10/26,231.8,232.39,231.6,231.99,1478.4,3.43084668
2009/10/27,232.8,232.8,229.19,229.29,1347.8,3.09509084
2009/10/28,229.35,229.4,227.6,229.06,2508.4,5.74435712
2009/10/29,227.1,228.55,226.8,227,1904.6,4.32969994
2009/10/30,228,230.65,228,230.45,1134,2.61087928
2009/11/2,229.5,230.35,229.45,229.9,1527.6,3.52474678
2009/11/3,232,233.88,230,233.24,1491.6,3.47754828
2009/11/4,233,237.94,232.16,237.8,1256.4,2.9816287
2009/11/5,239,240,238.25,238.44,1159.4,2.76951582
2009/11/6,239,239.48,238.22,239.4,1380.6,3.30298294
2009/11/9,241.3,242.88,238.5,242.76,1680.6,4.06402688
2009/11/10,242.35,243.18,240.8,241.54,1664.6,4.00844822
2009/11/11,243,243.8,241.5,243.49,1801.4,4.3767663
2009/11/12,242.88,246.4,242.88,246.34,1491,3.66643434
2009/11/13,244.99,245,242.3,243,1883.6,4.5624737
2009/11/16,246,248.1,246,248.08,1779,4.40519554
2009/11/17,248,250,247.5,249.39,1911,4.76513258
2009/11/18,250,250.4,248,250.28,2652.4,6.63529198
2009/11/19,251.88,252.58,250.8,251.43,2972,7.45350994
2009/11/20,250,252.2,249,251.95,3352,8.4208956
2009/11/23,254.5,256.2,254.5,256.15,2268.8,5.780742
2009/11/24,255.85,257.5,255.15,255.5,2317.2,5.903265
2009/11/25,257,259.3,255.6,259.22,2404,6.13221264
2009/11/26,259.94,263,259,260.6,1495.4,3.917682
2009/11/27,260.03,262.29,255.5,255.59,2152.4,5.59090688
2009/11/30,258.29,259.25,256.7,258.25,2053.8,5.30170082
2009/12/1,258,260,256.65,259.98,1177.4,3.04873576
2009/12/2,261.97,266.8,261.4,265.77,2915.8,6.90430678
2009/12/3,266,269.25,265,267.7,3691.2,8.21863224
2009/12/4,268,268.45,264,265.89,1664.6,4.41462634
2009/12/7,258,258,253.3,254.5,3405.8,7.96803982
2009/12/8,252,257.25,250.75,255.9,1685.8,4.30246694
2009/12/9,255,255,247.99,249.08,2222.4,5.54845264
2009/12/10,251,251.99,246.3,248.59,2024.6,5.0992948
2009/12/11,247.85,251,247.5,251,1687.8,4.23373126
2009/12/14,245.01,248.4,245.01,248.21,2652.6,6.55241112
2009/12/15,247.35,248.76,246.8,247.5,1672,4.13999468
2009/12/16,247,248.48,245.3,248,1559.2,3.86404918
2009/12/17,249.09,251,248.18,248.95,2177.2,5.4329479
2009/12/18,251,251,243.5,244.73,3765.6,9.21075162
2009/12/21,245.25,246.1,245.25,246,2359.2,5.79446958
2009/12/22,246.5,246.7,241.2,241.5,3041.4,7.29164868
2009/12/23,239.5,240.99,237.5,239.74,2766.6,6.67267736
2009/12/24,240,243.9,239,243.54,1823.8,4.41862492
2009/12/25,242.6,245.15,241.7,245.03,2576,6.28650468
2009/12/28,244.5,245.59,244.4,244.5,2476.6,6.08559562
2009/12/29,245.3,245.88,242.6,243.28,2930.2,7.19628452
2009/12/30,244.73,244.73,240.88,241.36,1746.2,4.2175094
2009/12/31,243.66,244.5,239.51,244.5,2172.4,5.26213542
2010/1/4,242,244,241.9,243.89,2479,6.03211106
2010/1/5,246.3,249.5,245,249.35,1979.2,4.88532104
2010/1/6,249.1,249.1,246.8,246.87,1994.4,4.94199328
2010/1/7,248.5,250.37,247,250.34,2855.2,7.12782052
2010/1/8,249.5,249.9,247.5,248.08,3689.8,9.14924912
2010/1/11,254.7,254.7,253.32,254.31,3106.8,7.89240558
2010/1/12,254.9,255.29,253.5,255.16,2605.6,6.63331922
2010/1/13,254,254.5,248.5,249.84,3177.4,7.93596516
2010/1/14,254,254,248.2,252,2904.6,7.31121516
2010/1/15,251.6,251.98,249.9,251.84,5761,14.48684342
2010/1/18,250,251.78,249,251.58,5115.6,12.84222598
2010/1/19,252.5,252.5,250.4,252.35,3687,9.28710608
2010/1/20,252.35,252.59,249.55,251,4080.4,10.2563538
2010/1/21,251,251,247,247.5,6523.4,16.17689318
2010/1/22,247.5,247.5,242.8,244.27,5538.8,13.50824766
2010/1/25,247,247,243,244.8,7587.2,18.66506998
2010/1/26,247,247,243.58,243.84,5491.6,13.41305758
2010/1/27,245,245,241.5,242.91,6934,16.9235604
2010/1/28,243.99,243.99,239.3,241,5503.4,13.26266408
2010/1/29,243.49,243.49,239.5,239.7,5969,14.31586412
2010/2/1,239.39,239.89,238.35,239.61,4868.4,11.63950692
2010/2/2,240.8,244.29,240,244.1,3434.2,8.37306974
2010/2/3,245.5,246.82,244.3,246.78,3928.6,9.68080232
2010/2/4,247.56,247.56,243.8,243.8,2944.6,7.19945448
2010/2/5,244.99,244.99,234.68,235.31,7323.2,17.22971026
2010/2/8,235,235.99,234.86,235.6,7046.4,16.5717504
2010/2/9,237.04,237.04,234.71,236.55,6820,16.26019998
2010/2/10,236.55,237.79,236.36,237.47,3091.2,7.33103422
2010/2/11,237.7,237.9,234,237.49,2689,6.38437786
2010/2/12,237.88,239.9,237,239.73,2074,4.97486056
2010/2/22,247.65,247.99,246.01,246.59,2933.8,7.23977568
2010/2/23,247.8,247.8,244.2,245.29,2672.4,6.52381912
2010/2/24,246,246,242.16,242.5,3279.4,7.97002194
2010/2/25,241,242.4,240.05,240.55,2290.2,5.51253532
2010/2/26,240.95,244,239.88,243.54,3124.8,7.605378
2010/3/1,245.2,245.75,244.9,245.35,2288.4,5.61285682
2010/3/2,245,245.66,244,245.09,2010,4.93099622
2010/3/3,245.6,249,245.6,249,3162,7.8566061
2010/3/4,250.86,250.86,248.7,248.9,1838.8,4.58639718
2010/3/5,250.2,250.21,247.22,248.78,2008.8,4.99878824
2010/3/8,249.28,249.7,248.85,249.7,1852.2,4.61950946
2010/3/9,249.4,249.64,245.55,245.58,3431.8,8.46555884
2010/3/10,245.8,247.6,244,246.94,2350.4,5.80263554
2010/3/11,247.5,247.5,243,243.72,3830.4,9.35597452
2010/3/12,245.49,245.56,242.5,244.94,3864,9.44807656
2010/3/15,243.6,243.8,242.7,243.64,4832.8,11.75276272
2010/3/16,244,245.35,242.4,245.15,3324.8,8.12980986
2010/3/17,246.3,248.8,246.3,248.3,2757.8,6.83485176
2010/3/18,249,249,246.4,246.87,2858.6,7.06128716
2010/3/19,247.8,247.8,246.31,247.29,3592.8,8.88276086
2010/3/22,247.29,247.29,243.8,244.2,4999.2,12.20000698
2010/3/23,244.1,244.1,241.7,243.37,6381.2,15.53373948
2010/3/24,243.5,244.2,242.16,243.5,6340,15.46115678
2010/3/25,243.5,243.5,240.99,242.02,7462,18.28729272
2010/3/26,242,243.46,241.43,243.2,6456.2,15.68830004
2010/3/29,244.5,244.8,243.6,244.77,4662,11.39023904
2010/3/30,246,246,244.45,244.97,3272.2,8.01060182
2010/3/31,244.97,244.97,243,244.57,3373.8,8.24126898
2010/4/1,246,246,245,245.48,3504.6,8.59919392
2010/4/2,246,247.8,246,246.87,2468.2,6.09463394
2010/4/6,248,248.1,247.5,247.53,3868.8,9.59179424
2010/4/7,247.4,249.8,247.4,249.8,2923.8,7.2896457
2010/4/8,250.1,252.3,250,251.4,3207.6,8.06731044
2010/4/9,253.41,253.9,251.62,253.87,3070,7.76890794
2010/4/12,254.4,261,254.4,255.69,2603.4,6.66144188
2010/4/13,257,257,253,253.39,2186,5.54053482
2010/4/14,254.5,254.5,251.81,253.65,1983.4,5.03383606
2010/4/15,254.5,254.9,253.41,253.5,3940.4,9.4156403
2010/4/16,255,255,253.35,253.39,2975.8,7.55300428
2010/4/19,251.88,251.88,248.85,248.85,3870.2,9.66256234
2010/4/20,250,250.78,248.5,250.59,4981,12.45118206
2010/4/21,251.8,251.8,250.1,251.45,4266.2,10.7213623
2010/4/22,253,253,251,252.42,4507.6,11.3429648
2010/4/23,254,254,249.6,251,2957.2,7.41299164
2010/4/26,253.8,254.55,253.8,254.3,2116.2,5.38407242
2010/4/27,255.2,255.2,253,253.49,1329.4,3.3740355
2010/4/28,254,255.89,252.5,255.15,1771.8,4.52559556
2010/4/29,255.8,257.07,255.16,256.24,1406.8,3.60168644
2010/4/30,256.24,257.78,255.5,257.26,1613,4.14823772
2010/5/4,258.68,259.5,258.1,258.13,1745.8,4.5149276
2010/5/5,260.99,260.99,256.03,256.88,1795.2,4.61420084
2010/5/6,257.6,258.1,254.5,257.64,1795.6,4.62760548
2010/5/7,258.8,263.93,258.2,263.63,1955.2,5.14254968
2010/5/10,263.99,264.6,262.77,263.09,2280.2,6.00254164
2010/5/11,263.09,265.36,262.29,265.2,1874.8,4.95715112
2010/5/12,269,270.8,266,270.63,3678.6,9.9265449
2010/5/13,271.55,273.3,270.6,271.8,2811.8,7.64382164
2010/5/14,274,274,270,271.54,2710.6,7.34763422
2010/5/17,273,273,271.4,271.83,2993.6,8.1450859
2010/5/18,272,272,266.66,266.79,2509.2,6.75364568
2010/5/19,269.2,269.2,265.9,266.7,3077,8.20928994
2010/5/20,266.99,266.99,260,261.24,2847.6,7.47053912
2010/5/21,261.24,262,257,259.8,5959.8,15.55384822
2010/5/24,262.89,262.89,260.01,261.89,2112,5.5128213
2010/5/25,261.89,262.89,261.01,261.29,2926.4,7.7276367
2010/5/26,263.5,265.2,262.4,265.2,1760.4,4.65870368
2010/5/27,266.5,267.4,265.61,266.06,1689.4,4.50514274
2010/5/28,267,267,265.3,266.64,1851.6,4.93053612
2010/5/31,266.98,266.98,265.9,266.01,1834,4.8835168
2010/6/1,267.7,268.5,266.34,267.69,2176.4,5.83351082
2010/6/2,270.9,270.9,268.5,268.5,1512.4,4.06618768
2010/6/3,269,269,267,268.87,2624,7.0452947
2010/6/4,267.5,268.15,264.2,264.66,2023.6,5.36749072
2010/6/7,267,267.99,266.9,267.21,1741.2,4.66049294
2010/6/8,268,272.54,266.4,272.28,1962.8,5.33014614
2010/6/9,274,274,271.35,271.35,1692.4,4.60081254
2010/6/10,272.3,272.3,269.37,269.62,1648.2,4.45482796
2010/6/11,270.5,270.5,267.8,268.92,3309.2,8.88623428
2010/6/17,273,273,270.7,271.3,1945.2,5.27185374
2010/6/18,274,274,272.5,272.97,2073.2,5.6671331
2010/6/21,276.99,276.99,274.56,276.09,4621.4,12.69196658
2010/6/22,276.09,276.09,270.8,271.54,2659.4,7.22494504
2010/6/23,272,272.3,271.3,272.3,2638.2,7.17231776
2010/6/24,273,273,269.5,270.14,2488,6.74093556
2010/6/25,272,272.87,270.1,272.19,1515.2,4.12255028
2010/6/28,275,275,273.68,273.93,1858.4,5.09631144
2010/6/29,275,275.05,269.99,270,2273.8,6.169052
2010/6/30,272.33,272.33,268.55,271.44,1251.8,3.39822
2010/7/1,269.2,272,269.2,270.52,1446.4,3.91821268
2010/7/2,271.19,271.19,262.96,263.82,5008.6,13.24667746
2010/7/5,272.5,272.5,264,264.71,1751,4.63789014
2010/7/6,265,265,262.95,263.86,2000,5.27406144
2010/7/7,263.9,263.9,259.2,260.13,2434.4,6.37175062
2010/7/8,261.5,263.6,260.5,263.18,1584.8,4.1688868
2010/7/9,263.5,263.5,260,261.83,1861,4.86615168
2010/7/12,263.61,263.9,263.3,263.3,1187.8,3.13271936
2010/7/13,263.2,263.8,261.2,261.88,1684.4,4.41088854
2010/7/14,264.18,265.01,264,264.54,1149.4,3.04376454
2010/7/15,264.54,265.18,263.1,264.03,970.8,2.5669092
2010/7/16,264.5,264.8,263,263.6,1695,4.47303542
2010/7/19,263.6,263.6,260.48,260.65,2289,5.9717221
2010/7/20,259.9,260,258.2,259,2695.2,6.98082142
2010/7/21,260,261,259,260,1999.6,5.2039331
2010/7/22,260.99,261,258.8,259.02,4754,12.54476146
2010/7/23,260.5,261.8,259.5,261.73,3099.2,8.19005826
2010/7/26,261.73,261.73,260.51,261.2,2279,5.96550156
2010/7/27,261.85,261.85,258.99,259.5,2588.8,6.72099838
2010/7/28,260,260,255.1,255.8,4319.2,11.04159346
2010/7/29,257.4,257.4,254.25,255.8,2421.8,6.19468992
2010/7/30,257.4,257.4,254.8,255.8,3637.8,9.3076609
2010/8/2,256.9,258.65,256.9,258.39,2140.4,5.53159952
2010/8/3,258.64,259.8,258,258.59,1592.8,4.12096796
2010/8/4,259.8,260.9,258.5,260.63,1663.2,4.3324426
2010/8/5,262,262,260.6,260.78,1990.6,5.19590556
2010/8/6,262.7,262.7,260,261.31,2177.8,5.68801854
2010/8/9,263,263.55,262.38,263.5,2181,5.7394541
2010/8/10,263.5,263.5,261.7,261.78,1747.6,4.58091266
2010/8/11,261.78,262.87,260.49,261.82,2736,7.17811722
2010/8/12,263.8,263.8,261.05,262.62,2085.8,5.46925314
2010/8/13,263.45,265.98,263.45,265.9,2378.4,6.31663424
2010/8/16,265.65,267,265.61,266.86,1759.6,4.6924593
2010/8/17,267.4,268,267,268,1716.6,4.59379952
2010/8/18,268,268,266.8,266.8,1733,4.6370974
2010/8/19,267.2,269,265.92,268.79,1669,4.47955848
2010/8/20,269.5,269.6,268.6,268.82,1921.4,5.16785196
2010/8/23,270,270,268.39,269.25,2802,7.51919122
2010/8/24,269.9,269.9,267.17,267.52,1969.8,5.26982522
2010/8/25,267.52,269.88,266,269.67,3371.6,9.034185
2010/8/26,270,271.9,270,271.82,2514.4,6.7863831
2010/8/27,271,271.1,270,270.01,3168.4,8.56975308
2010/8/30,271,271,270.06,270.96,1801,4.87151342
2010/8/31,271,271.04,269.51,270.63,1558.4,4.21797678
2010/9/1,272.45,274.03,272,273.97,1897.4,5.18939138
2010/9/2,275,275,272.8,273.28,2085.8,5.6979357
2010/9/3,274,274.1,273.5,273.9,2956,8.09799872
2010/9/6,273.5,273.75,273.02,273.7,2065.4,5.64728736
2010/9/7,275,275,273.1,273.44,2209.2,6.04035734
2010/9/8,275,275.6,274,275.57,1619.4,4.45713662
2010/9/9,275.57,275.57,274,274.14,1739,4.77070828
2010/9/10,275,275,271.7,272.3,2617.2,7.12115362
2010/9/13,275,275,271.71,272.39,2805.6,7.636132
2010/9/14,273,273,271.1,273,4448.8,12.16830622
2010/9/15,275,276.17,273.65,276,3058.6,8.44738036
2010/9/16,276,276.2,275.05,275.2,2381.2,6.56354912
2010/9/17,277,277.7,275.88,277.55,3060.8,8.48622334
2010/9/20,278.1,278.1,277,277.51,2509,6.96569398
2010/9/21,282,282,276.4,276.42,4584.2,12.7091375
2010/9/27,280,280.5,279,280.39,4533,12.69853618
2010/9/28,280.5,282.5,278,278.22,3386.4,9.4629011
2010/9/29,279,282.1,278.5,281.95,3850.8,10.06577252
2010/9/30,282.5,282.5,281.56,282.1,2332.6,6.57355648
2010/10/8,287,287,285,285.8,2738.8,7.8349966
2010/10/11,290.99,290.99,289.12,289.99,3131.4,9.0932754
2010/10/12,290,290.6,288.5,289.86,2961,8.5866877
2010/10/13,291,291.8,289,291.7,3424,9.93107774
2010/10/14,292.5,296.25,291.4,295.99,2170.2,6.41136938
2010/10/15,296,296,293.83,295.06,3641.6,10.76462918
2010/10/18,295.06,295.06,290.55,290.99,4822.6,12.74548518
2010/10/19,293,294.1,292.5,292.62,3220,9.43054724
2010/10/20,292.62,292.62,286,287.59,5045,13.73997942
2010/10/21,291.3,291.3,286.25,287.65,4105.2,11.94187504
2010/10/22,289,289,283.8,283.95,3845.4,10.99019142
2010/10/25,289,289.35,287,289.13,3709.8,10.69251218
2010/10/26,291.5,291.5,287.49,287.9,2584.2,7.44425732
2010/10/27,288.9,288.9,286.25,287.13,2372.2,6.8255196
2010/10/28,287.8,287.8,286.2,286.43,3827.4,10.9886582
2010/10/29,288,289.4,287.3,289.2,2568.8,7.42541396
2010/11/1,292,293.78,292,293.07,3667.4,10.70028266
2010/11/2,293.99,293.99,292,292.38,3315,9.700116
2010/11/3,293.8,293.8,291.4,291.99,3866.6,11.29149052
2010/11/4,292.99,292.99,287.5,292.59,2894,8.44947432
2010/11/5,292.99,298.3,292.99,297.39,3613.4,10.7635537
2010/11/8,302.45,303,298.6,298.89,3995.2,11.94892082
2010/11/9,299.8,304,299.1,303.62,3630.4,11.00940408
2010/11/10,306,306,300,300.78,5967.4,17.86148068
2010/11/11,300,302.3,298.2,302.16,3934.2,11.8513256
2010/11/12,302.48,302.79,297.2,298.99,4641.2,13.87658772
2010/11/15,298,298,293.68,295.2,5518.2,16.2644137
2010/11/16,296.2,296.2,293.05,293.76,5412.2,15.88523634
2010/11/17,294.8,294.8,288.3,289,5230.6,15.11951334
2010/11/18,290.5,292.1,289,292.09,4160.8,12.11862784
2010/11/19,292.6,293,291,292.4,7363,21.63681004
2010/11/22,295,295,292,293.53,3290.6,9.64177664
2010/11/23,294,294.6,291.7,294.57,3931.6,11.54995318
2010/11/24,294.57,296.85,293,296.5,4604.2,13.63113566
2010/11/25,297.8,297.8,295,295.58,4101.2,11.0743173
2010/11/26,297,297,294.44,294.85,5320.6,14.38916666
2010/11/29,295,295,292.5,294.7,5497.4,16.22346614
2010/11/30,295.3,295.3,293.4,295.08,3548.2,10.46245882
2010/12/1,297.2,299.9,295.5,299.6,2946,8.8200056
2010/12/2,301.5,301.5,298.33,299.99,5509,15.4285531
2010/12/3,300.45,300.45,294,298.99,3307.4,9.89801108
2010/12/6,304,304,302.7,303.09,4478.2,13.51840748
2010/12/7,304,304.5,302.65,304.33,3445,10.46763994
2010/12/8,306,306,298,298.69,3434.2,10.28413302
2010/12/9,299,300,296,298.52,3463.4,10.33186958
2010/12/10,298.8,299.48,297.01,299.37,4778.8,14.2687424
2010/12/13,299.37,299.5,297.8,299.5,4237.6,12.66420318
2010/12/14,300.5,301.8,299.46,301,2469.2,7.438917
2010/12/15,302,302,298.62,298.83,3151.8,9.45212032
2010/12/16,300,300,297.29,298.19,3889,11.5752218
2010/12/17,299,299,295.3,296.81,9070.4,27.05732362
2010/12/20,299,299.6,298,299.55,6195.2,18.56504314
2010/12/21,299.6,299.6,297.88,298.8,4158,12.42526516
2010/12/22,299.8,300,297.61,298.89,5570.2,16.64662282
2010/12/23,299.9,299.9,297.86,298.07,4787.4,14.27048338
2010/12/24,298.9,298.9,295.8,298.39,8309,24.69565554
2010/12/27,299,299,296.01,298.49,4497.2,13.38669118
2010/12/28,299,299.37,298,299,4465.6,13.3535872
2010/12/29,299.95,301.3,299.2,301.07,4124.4,12.41046876
2010/12/30,301.5,302.28,300,301.5,2561.2,7.73041494
2010/12/31,303,303,300,301.8,3043.6,9.16861056
2011/1/4,303.9,303.9,301.71,302.5,2752.6,8.32248568
2011/1/5,302.5,302.5,296.43,297.68,7840.6,23.31834904
2011/1/6,298.5,298.6,294.2,298.57,7315.8,21.7366983
2011/1/7,298.57,298.57,295.85,296.89,8187.4,24.33297556
2011/1/10,297.45,298.7,297,298.53,6899.8,20.59080176
2011/1/11,299,299.8,297,299.79,7935.2,23.74687356
2011/1/12,300.5,301.01,299.2,299.22,6618.4,19.87172124
2011/1/13,299.4,299.8,297.8,297.8,7267.6,21.73190966
2011/1/14,299.5,299.5,295.7,295.79,9974,29.61333488
2011/1/17,295.79,295.79,293.1,293.39,10573.6,31.13001762
2011/1/18,295,296.5,293.3,296.46,6384,18.80626982
2011/1/19,296.5,296.85,295.6,295.99,6980.4,20.67662492
2011/1/20,296.8,296.8,293.9,293.91,10161,29.95987178
2011/1/21,293.5,293.5,290.5,291.01,11208.6,32.64247868
2011/1/24,291.5,291.99,291,291.22,7152.4,20.84550434
2011/1/25,295,295,287.1,287.3,8231.6,23.71804952
2011/1/26,287.99,288.3,285.86,288.2,8915.2,25.63113624
2011/1/27,289.8,289.8,285.5,287.35,13456.2,39.03729134
2011/1/28,287,287.3,281.2,282.58,11805.6,33.53520696
2011/1/31,287.2,289.4,285.25,285.7,7194.8,20.58862616
2011/2/1,286,286,283.8,285.95,2916.8,8.33133288
2011/2/9,290.99,290.99,289.02,290,3653.8,10.5942405
2011/2/10,290.9,291.1,289.71,289.71,3535.6,10.2536366
2011/2/11,288.7,290.5,288.12,290.28,12046.8,27.98452132
2011/2/14,290.75,292.97,289.25,290.29,14425.6,42.19721438
2011/2/15,290.28,291.4,289.7,290.95,7389.2,21.56727904
2011/2/16,292.9,292.98,291.8,292.83,5642.8,16.51832484
2011/2/17,293,293.48,291.6,293.4,3272.8,9.5928521
2011/2/18,294.5,294.55,293,294.1,4251.2,12.51166962
2011/2/21,295.8,297.8,295.8,296.49,4253,12.59714286
2011/2/22,297.5,298.13,295,296.86,4348.4,12.94031842
2011/2/23,297.91,297.91,296.3,297.3,10137.2,30.30440478
2011/2/24,297.95,299.12,297.1,299.05,4708.6,14.07629196
2011/2/25,299.85,300,297.5,298.32,4703.2,14.02872672
2011/2/28,299.5,299.7,299.2,299.6,3747.4,11.2290588
2011/3/1,300,300,298.68,299.79,4575.6,13.7054275
2011/3/2,300.6,302.35,300,302.27,4024.2,12.15186574
2011/3/3,303,303.5,300.5,301.7,8110.2,24.18880568
2011/3/4,300.5,302.6,299.5,299.72,3386.2,10.17283906
2011/3/7,303,304.18,302.6,304.05,4080.6,12.25622358
2011/3/8,305.5,305.5,301.9,302.02,3674.4,11.13716776
2011/3/9,304.82,304.82,301.4,302.05,3084,9.32377476
2011/3/10,302.8,303.35,302,303.3,3221.4,9.76258458
2011/3/11,303,303,298.6,300.95,5773.4,17.34790558
2011/3/14,304,304,301.2,302.68,6115.2,18.3844599
2011/3/15,303,303,300.2,300.44,5712.4,17.13672784
2011/3/16,299.18,299.18,294.6,298.5,8391,24.96724664
2011/3/17,299.9,299.9,296.5,297.6,6856.2,20.36712284
2011/3/18,298.7,301.2,297.7,300.84,8865.4,26.6066125
2011/3/21,302.98,303.65,302.98,303.15,3787.8,11.49255784
2011/3/22,304.4,304.4,302.6,302.8,6601,20.01584778
2011/3/23,302.8,303,301.56,302.8,8114,24.58961494
2011/3/24,303.8,304.32,302.75,304.3,4670.4,14.20355918
2011/3/25,304.4,305.34,302.58,303.98,7140.6,21.68788446
2011/3/28,305.6,305.6,300.2,300.39,4892.6,14.7776986
2011/3/29,300.5,301.14,299.5,300.83,5892.8,17.71952212
2011/3/30,300.6,301.8,300.25,301.74,5269.2,15.8536626
2011/3/31,302.5,302.5,300,302.16,3856,11.6356025
2011/4/1,302.18,303.28,302.18,303.04,7210.2,21.84274256
2011/4/6,306.5,306.55,304,306.47,3693.4,11.30646986
2011/4/7,307,307.5,306.4,306.54,4431.4,13.599348
2011/4/8,308,309.2,306.6,309.2,3323,10.25414288
2011/4/11,309.2,311.5,309.2,310.55,3542.6,10.98540042
2011/4/12,310.55,310.55,307,307.5,3551.4,10.92554236
2011/4/13,308.6,308.9,306,307.95,5087.8,15.64014674
2011/4/14,308.6,308.6,307.15,308.54,3952.8,12.17704718
2011/4/15,308.54,310.7,307.95,310.22,2392.8,7.42641524
2011/4/18,312,312.15,311.5,312,2789.4,8.70220768
2011/4/19,312.7,313.65,312,313.6,2788.2,8.7305727
2011/4/20,314,315.54,312.17,315.39,4049,12.7473398
2011/4/21,316.9,316.9,315.1,315.8,2518.4,7.96278568
2011/4/22,318,318,315,317.48,2885.6,9.13225442
2011/4/25,319.2,319.2,317.55,318.9,3654.2,11.62652884
2011/4/26,320,320,314.9,316.07,3642.6,11.49894912
2011/4/27,317.5,317.5,314.28,315.74,2420.4,7.65641584
2011/4/28,317.45,320.4,315.8,320.17,3045.8,9.73601312
2011/4/29,320.2,321.45,319.5,320.17,3042.8,9.75237786
2011/5/3,316.2,323.9,316,322,2529.2,8.15865166
2011/5/4,322,322.8,320,321.67,3031.6,9.72870376
2011/5/5,322.5,322.5,316.2,318.12,3694.6,11.75488948
2011/5/6,317.01,317.51,311,311.39,6305,19.69144672
2011/5/9,315,315.35,313.2,314.92,2817.8,8.85992592
2011/5/10,316.49,316.6,314.75,316,3389,10.7092068
2011/5/11,316.5,318.88,315.4,318.29,3524.6,11.20885346
2011/5/12,318,318,312,312.53,3341.2,10.5069663
2011/5/13,313,317,312.1,317,4479.8,14.13780786
2011/5/16,317,317,312.7,314.02,4866.8,15.25279242
2011/5/17,314.85,315.2,313.4,314,3513.8,11.02620204
2011/5/18,314,314,310.6,313.35,6073.8,18.98611286
2011/5/19,314.5,314.5,312.5,313.7,3547.6,11.13653218
2011/5/20,314,314.19,312.1,314.12,4320,13.55546524
2011/5/23,316.5,316.5,315.3,315.5,2148.2,6.78806546
2011/5/24,316.5,318.1,315.81,318.05,1762.2,5.59566588
2011/5/25,318.05,319.2,318.05,318.89,1603,5.1118218
2011/5/26,318.5,320.05,318.5,319.59,1668,5.33542742
2011/5/27,319.9,319.9,317.79,319.39,2077.6,6.62289398
2011/5/30,321,321.25,320.25,320.29,2280,7.31026722
2011/5/31,321,321.1,320.01,320.64,2341.6,7.50899204
2011/6/1,321.9,321.9,319.2,319.48,2360.6,7.54513608
2011/6/2,321.5,321.55,319.5,321.38,2572.4,8.26235218
2011/6/3,321.79,321.79,318.1,319.77,2667,8.5354812
2011/6/7,321.87,322.25,321.75,322.03,1866.2,6.00911406
2011/6/8,323,323,321,321,1218.4,3.9175068
2011/6/9,322.5,322.5,319.99,320.71,1413.6,4.53370688
2011/6/10,321.1,322.47,320.7,321.73,1689.8,5.4378817
2011/6/13,323.5,323.5,319.95,320,2146.4,6.8753547
2011/6/14,321.9,321.9,317,317.96,2748.8,8.74576224
2011/6/15,317.01,319.2,316.8,318.5,2887.6,9.20104472
2011/6/16,319.2,319.99,318,319.34,2137.2,6.82153342
2011/6/17,320.5,320.5,318.5,318.7,2544.2,8.11057062
2011/6/20,321.3,321.3,320.45,320.67,2055.8,6.5936808
2011/6/21,321,322,320.6,321.33,1787.2,5.74479104
2011/6/22,321.5,322.2,321.05,321.78,1824.4,5.87045914
2011/6/23,322.5,323.5,321.35,321.5,1983,6.38872108
2011/6/24,321,321,317,317.88,4193,13.33469126
2011/6/27,317,317.5,312.98,313.95,3608.8,11.3281802
2011/6/28,314.5,314.5,313,313.62,3257,10.2080879
2011/6/29,315,315,313.1,314.61,2720.2,8.54337896
2011/6/30,316,316,313.8,314.7,1466.8,4.6213833
2011/7/1,316,316,312.8,313.33,3366.8,10.54494374
2011/7/4,315,315,311.6,312.27,2814,8.78088008
2011/7/5,312.5,313,311.8,312.13,2800.8,8.74635644
2011/7/6,315,316.9,313.98,316.51,1945.8,6.14618998
2011/7/7,316.51,320.2,316.2,319.2,2152.4,6.8743414
2011/7/8,319.98,319.98,318,318.98,2074.2,6.6277999
2011/7/11,321,322.3,321,321.89,2508,8.06891684
2011/7/12,322.7,323.3,321,322.27,2163,6.98532786
2011/7/13,322,326.95,322,326.81,3035.4,9.88922158
2011/7/14,328,330,326.85,329.08,2498,8.22868222
2011/7/15,330.5,330.9,327.08,327.2,2741,9.00483604
2011/7/18,327.2,331.85,327.2,331.55,4025.8,13.33399026
2011/7/19,327.7,334,327.7,333.94,2860.4,9.5326576
2011/7/20,330.8,333.45,330,330.39,2358.8,7.79869928
2011/7/21,332,333.35,328.9,333.17,2005.8,6.67270528
2011/7/22,333.71,333.71,329.7,329.7,2822.6,9.32659004
2011/7/25,333.9,335.65,333.9,335.5,2816.2,9.44015828
2011/7/26,335.6,335.9,334.5,334.5,2588.4,8.6730753
2011/7/27,335.1,336.3,334.1,336.1,3308.4,11.11171592
2011/7/28,336.5,337,334.4,334.84,2175,7.28689038
2011/7/29,336.41,336.41,333.1,334,2794.4,9.34954598
2011/8/1,334,334.2,333.6,333.98,2028.4,6.77390118
2011/8/2,336,336.5,334,336.4,2066.6,6.94425612
2011/8/3,339,346,337.11,345.88,3077.2,10.55693984
2011/8/4,345.3,345.95,344.01,344.8,2271.2,7.83398222
2011/8/5,344.8,348,341.8,344.95,4205.8,14.45979962
2011/8/8,349.5,354.8,349.5,352.64,3193,11.2498301
2011/8/9,353,363.8,350.61,360.87,3731.2,13.4650412
2011/8/10,363.15,363.6,356.52,361.75,3452.8,12.49790536
2011/8/11,364,374.5,363.01,368.2,4475,16.50729404
2011/8/12,368.2,372,361.38,362.79,3055.2,11.10309396
2011/8/15,363,363,358.6,359.51,3264.4,11.75300672
2011/8/16,362.3,365.25,358.7,364.76,2527.6,9.18249102
2011/8/17,366.41,368.55,363.41,368,2893.8,10.63659144
2011/8/18,368,369.5,366.5,369.37,2405,8.86995694
2011/8/19,374,381.5,371.65,381.48,3755.6,14.22752384
2011/8/22,381.48,390.16,381.48,389.8,3293.6,12.77985402
2011/8/23,385,392.2,383.12,387.86,3999.8,15.60781608
2011/8/24,384,388.5,379.9,380.45,4690,17.92918926
2011/8/25,386,386,358.9,361.01,7135.4,25.91605776
2011/8/26,361.01,368.9,353,368.84,4623.2,16.88999084
2011/8/29,368.84,376.99,368.84,375.5,3752.6,14.07890408
2011/8/30,375.5,375.5,366.1,371.05,2811.4,10.4267186
2011/8/31,378,378.9,374,377.69,2173.2,8.19786228
2011/9/1,379.45,379.45,374,375.11,3467.2,13.01964576
2011/9/2,377,380.2,374.16,380.19,3661.4,13.81310208
2011/9/5,388.6,388.6,385.31,387.59,3451,13.35880814
2011/9/6,388,395.3,387.5,393.48,4230.4,16.59083968
2011/9/7,392,392,376.68,379.49,4333,16.60578112
2011/9/8,379.49,381,371.8,380.9,4601.6,17.43391528
2011/9/9,383.6,387.3,381.67,386.93,3642.6,14.02914796
2011/9/13,379,379.95,376.5,377.5,4485.8,16.95915202
2011/9/14,378.65,381.99,376,378,3967.2,15.03764394
2011/9/15,379.5,379.5,373.5,374.98,5011.2,18.80555758
2011/9/16,374.98,374.98,354.98,366.93,7595.6,27.88638212
2011/9/19,377.3,377.3,374.8,377.2,5040,18.97796202
2011/9/20,377.4,377.4,367,370.63,4639.8,17.13612918
2011/9/21,371,374.99,368.48,374.61,3824.6,14.25551298
2011/9/22,374.61,374.61,367.7,368,4294.4,15.83098222
2011/9/23,368,368,358,360,8164.6,29.45647936
2011/9/26,351,351,322,327.56,7729,25.72323458
2011/9/27,339.9,343.8,326,342.37,7781.2,26.44707104
2011/9/28,345,345,338.02,343.25,7727.8,26.33525874
2011/9/29,343.25,343.25,330,336,7649.2,25.72561756
2011/9/30,336,340,333.5,338.49,3581.6,12.10934036
2011/10/10,338.49,345,338.49,342.91,11114.2,38.05305956
2011/10/11,344.5,347.9,341,346.79,7710,26.7298603
2011/10/12,346.79,346.79,343.01,346.22,5123.6,17.70188514
2011/10/13,346.22,350,346,347,4340.6,15.05774094
2011/10/14,347,347,343.11,345.61,5203.4,17.9778822
2011/10/17,348,349.8,346.5,348.29,4307.6,14.95820302
2011/10/18,348.29,348.29,343.4,343.62,3741.2,12.91998884
2011/10/19,343.62,344.68,337,340.8,3615.4,12.38169172
2011/10/20,343.6,343.6,332.8,334.98,4907.6,16.46492122
2011/10/21,336,337.2,332.41,336.74,6832.6,22.98084574
2011/10/24,339.9,341.95,337.5,341.46,4072.6,13.8657644
2011/10/25,343,343,340,341.5,4018,13.71412546
2011/10/26,342,353.9,340.3,352.5,5862.4,20.60630314
2011/10/27,352,355.1,351,352.97,4315.2,15.27068742
2011/10/28,354,359.66,353,356.34,4185.8,14.94744608
2011/10/31,358.5,358.5,349.8,350.49,3438.8,12.09986212
2011/11/1,352.95,352.95,351,351.27,2479.8,8.72727402
2011/11/2,351.27,353.99,345,353.52,3368,11.88514286
2011/11/3,355.49,356.99,352,353.4,3345.2,11.84121176
2011/11/4,361,361,356.01,359.49,3132.2,11.26166444
2011/11/7,363,363,360,361.65,2945.8,10.64388844
2011/11/8,366,366,362.1,365.2,3079.8,11.25330314
2011/11/9,366.3,367,364.1,364.91,2188.6,7.9976907
2011/11/10,364.91,366.8,358,358.89,4385.8,15.81907782
2011/11/11,363,363,356.1,361.19,3664,13.21681116
2011/11/14,366,366.5,365.1,365.7,2541,9.2980482
2011/11/15,365.7,365.7,354.9,362.63,4241.4,15.40671496
2011/11/16,363.48,364.9,361.1,362.17,3081.8,11.15942978
2011/11/17,364,364,359,361.1,4246.2,15.36855126
2011/11/18,361.1,361.1,351.2,353.7,5724.8,20.22773058
2011/11/21,358.8,358.8,351.35,352.87,2299,8.10848142
2011/11/22,352.87,352.87,345.35,346.37,7259.8,25.21888744
2011/11/23,348,350.9,346.01,350.25,2740.2,9.5955022
2011/11/24,350.25,350.25,345.3,348.47,4262.6,14.82140096
2011/11/25,349.8,349.8,345.5,345.52,2304,8.00181196
2011/11/28,347.5,351,347.5,350.99,3930.6,13.74724734
2011/11/29,353.39,353.39,351,352.04,3874.6,13.62959872
2011/11/30,352.95,354.2,350.9,351.77,1983.8,7.01040432
2011/12/1,353.38,359,353,357.68,2780,9.9452816
2011/12/2,358.5,358.7,356,357.59,3673.4,13.12659574
2011/12/5,360,360,356,357.5,4337,15.51300104
2011/12/6,357.5,357.6,351.21,351.48,4568.4,16.0949712
2011/12/7,353.48,354.99,350,354.6,3978.4,14.09365192
2011/12/8,354.6,356.3,353.3,356.29,4595.2,16.33640522
2011/12/9,356.5,358.5,350,350.8,5429.2,19.04230416
2011/12/12,354.5,354.5,346.2,346.34,4985.8,17.32695128
2011/12/13,346.34,346.34,339,339.31,7546.2,25.6286425
2011/12/14,343,344,335.21,337.95,6641.2,22.4128657
2011/12/15,336,336,321.9,322.28,8047.2,26.08541894
2011/12/16,328,329.5,321.7,329.42,8901.8,29.06271588
2011/12/19,330,330,325.5,327.72,8738.6,28.572504
2011/12/20,329,329.2,326,328.65,8281.2,27.1643027
2011/12/21,330.8,333.6,328.7,333.2,6893,22.95228358
2011/12/22,333.2,333.2,328.6,329.91,8427.2,27.77781544
2011/12/23,331,331,327.5,330.29,6184.6,20.407892
2011/12/26,331,331,326.1,328.78,9114.4,29.94798252
2011/12/27,328.8,328.8,326.2,326.37,8292.6,27.2673094
2011/12/28,327.2,327.2,323.55,323.64,9133.6,29.82066614
2011/12/29,324.7,325,314.6,315.5,10166,32.472651
2011/12/30,315.5,320,311.5,319.8,7232.6,22.99927334
2012/1/4,328.45,328.78,325.6,328.72,13077.4,42.79705708
2012/1/5,328.45,332,325.6,331.98,7869.6,25.96674686
2012/1/6,330,333.49,326.35,332.58,9875.8,32.80885952
2012/1/9,322.58,331.1,322.58,331.04,9369.4,30.9120218
2012/1/10,331.9,332.3,329,332.05,8523.4,28.25886946
2012/1/11,336.8,337,333.7,335.5,5768.8,19.30483812
2012/1/12,335.8,337.4,334.3,337.37,6593.8,22.20369928
2012/1/13,340,340,334.5,337.51,8021,26.99717526
2012/1/16,337.51,337.51,333.56,336.39,10142.6,34.0564745
2012/1/17,337.12,339.4,335.35,339.18,9269.4,31.36284496
2012/1/18,340,340,336.1,338.33,7602.2,25.68310124
2012/1/19,338.33,339.96,335.99,339.38,4124.4,13.99199616
2012/1/20,339.3,340,337.2,338.87,4590,15.5470285
2012/1/30,355,355,351.01,351.01,7444.4,26.27968356
2012/1/31,350.9,354.38,350.9,354.16,5636,19.93839244
2012/2/1,355,355.49,352.5,352.58,2640.2,9.340665
2012/2/2,355,355.84,340,355.1,3336,11.84679138
2012/2/3,355.1,357.2,352,356.99,3484.6,12.43056184
2012/2/6,356.99,356.99,351.9,351.95,4088.4,14.43278756
2012/2/7,341.95,351.8,341.95,351.74,4470.2,15.6767706
2012/2/8,351.74,355.9,348.5,355.3,4552.4,16.16497716
2012/2/9,355.8,355.8,351.2,353.3,5550.6,19.58403592
2012/2/10,352.55,355.1,351.4,351.74,5802.6,20.4322425
2012/2/13,351.9,352,350.3,351.59,6671.6,23.40491438
2012/2/14,352.8,352.8,348,348.43,5682.8,19.8394852
2012/2/15,348.8,351.3,348,351.2,4574.6,16.03473386
2012/2/16,351.8,352.98,349,349.98,4173,14.59909246
2012/2/17,351.5,352.2,347,352.16,4423.8,15.54728434
2012/2/20,353,353.3,351.8,351.89,4067.4,14.33415912
2012/2/21,353.8,353.8,351.9,353.65,4343.6,15.33494794
2012/2/22,353.8,356.8,353.1,356.72,3733.6,13.29325842
2012/2/23,356.72,360.5,354.9,359.92,4849.4,17.43392656
2012/2/24,360,361.88,359.77,359.79,4279,15.42726574
2012/2/27,350,360.7,350,359.68,4151,14.94966264
2012/2/28,360,360.38,358.79,359.99,3811.2,13.69684554
2012/2/29,362,362.6,360.5,361.96,2921.8,10.58634086
2012/3/1,362.5,363,347.8,348,8658.4,30.30232408
2012/3/2,348.45,350,345.8,348.7,4801.2,16.76611112
2012/3/5,350,350,347.4,348.09,5071.6,17.65285066
2012/3/6,348.09,348.09,345.5,346.01,5296.8,18.34436248
2012/3/7,360,360,340,340.99,5219.8,17.80735454
2012/3/8,344,344,340.8,343.45,5072,17.40895744
2012/3/9,349,349,344.5,347.2,4205.6,14.56832514
2012/3/12,352.5,352.5,346.9,347.26,3906,13.57309418
2012/3/13,347.26,348,345.3,347.1,4991.4,17.32824254
2012/3/14,350,350,341.1,341.35,5711.4,19.54789796
2012/3/15,339,339,335.3,337.25,9046,30.4315697
2012/3/16,339.5,340.5,336,339.4,6440.8,21.86617626
2012/3/19,340,340.19,338.9,339,5779.8,19.61858012
2012/3/20,339.97,340.47,337.1,337.62,4167,14.09396938
2012/3/21,337.9,338.47,336.03,337.87,3666,12.37120032
2012/3/22,340,340,336.5,336.77,5450.6,18.39645784
2012/3/23,336.77,336.77,332.2,336.6,4827.2,16.18164774
2012/3/26,339.8,340,338.6,339.29,5374.2,18.21299056
2012/3/27,341,345,341,343.8,4210.8,14.47019428
2012/3/28,345,345,340.8,341.22,5981,20.44116394
2012/3/29,341.22,341.3,337.6,338.29,6308.4,21.33680714
2012/3/30,340,340,336,339.04,6664.6,22.55676632
2012/4/5,333,333,330.2,331.78,8515.2,28.21452238
2012/4/6,332.6,334.5,331.5,334.28,6852.4,22.79290766
2012/4/9,336,336,333.71,335.4,4926,16.49979102
2012/4/10,336,338,334.5,336.49,7191.8,24.2254563
2012/4/11,337,338.5,333.5,338.04,3928.2,13.26136612
2012/4/12,338.9,338.9,337.2,337.97,3293.8,11.13035562
2012/4/13,337.97,341.1,337,340.99,4146.4,14.11741086
2012/4/16,340.99,340.99,334.8,335.43,4257.6,14.30012624
2012/4/17,338,338,335.25,335.55,4820.4,16.18615092
2012/4/18,336.9,336.9,333.5,336.39,4590.8,15.4353628
2012/4/19,336.39,336.39,333.6,334.81,5273.6,17.63119704
2012/4/20,334.81,336.48,333.5,334.96,4761.2,15.94136316
2012/4/23,335.8,335.8,333,333.3,5736.6,19.3682575
2012/4/24,333.3,334.3,331.65,333.65,6042.2,20.15093304
2012/4/25,335,335.4,334,334.58,6074.4,20.31219442
2012/4/26,334.25,335.94,332,335.45,10631.4,35.85945618
2012/4/27,336.98,336.98,335.99,336.09,4413,14.84794348
2012/5/2,338.5,338.5,336.1,336.46,3498.6,11.77785524
2012/5/3,336.46,336.5,334.35,334.52,4019.4,13.46408794
2012/5/4,335,335,332.61,332.84,4643.6,15.46637346
2012/5/7,334.8,334.8,332.61,333.51,3728.6,12.43847252
2012/5/8,333.8,333.9,332.3,332.55,3781.8,12.59533626
2012/5/9,332.55,332.55,324.5,324.64,7734.4,25.1798983
2012/5/10,324.64,325.59,323.32,325.57,5212.2,16.94160504
2012/5/11,326.8,326.8,322,322.34,6518.6,21.08953008
2012/5/14,325,325,320.5,322,5643.2,18.19923738
2012/5/15,322,322,316.5,318.51,5941.8,18.88772454
2012/5/16,320,320,312.69,313.98,7268.8,22.8435534
2012/5/17,316,317.68,313.6,316.98,5372.8,17.0123347
2012/5/18,317.8,323,317,322.77,5770.8,18.54621796
2012/5/21,326.5,326.6,325.5,326.49,4503.2,14.70840642
2012/5/22,326.49,326.49,323.6,324.49,4314.8,14.02254494
2012/5/23,324.49,324.5,318,318.95,4273.2,13.63599482
2012/5/24,319.8,320,314.78,319.29,3550.2,11.31559612
2012/5/25,322,322.5,318.01,321,4894.2,15.63121046
2012/5/28,324,324.7,322.02,323.99,4807.6,15.55879494
2012/5/29,323.99,323.99,322.61,323.55,3654.8,11.80996956
2012/5/30,323.99,324.5,317.7,318.39,4754.4,15.14485012
2012/5/31,319.9,322.3,316,321.75,2431.4,7.80850428
2012/6/1,322.8,323,319.4,320.24,5348.2,17.13752902
2012/6/4,320.24,334,320.24,332.48,3727.8,12.39084242
2012/6/5,332.45,333.5,331,331.01,2677.4,8.8937375
2012/6/6,333.5,333.65,331.3,333.5,3342.6,11.13625098
2012/6/7,335.9,335.9,331.91,332.46,3536,11.75645122
2012/6/8,336.5,336.5,321.5,322.91,3644.4,11.81255068
2012/6/11,330,330,327.6,328,3454.6,11.33440962
2012/6/12,328,328,325.45,326.35,3719.4,12.16155598
2012/6/13,330,333,328,330.6,2975.8,9.82130306
2012/6/14,334,334,330.55,332.3,3434.8,11.40437842
2012/6/15,334,334,330.03,333.48,3752.4,12.4988193
2012/6/18,333.5,336.5,331,331.28,3474.8,11.54030028
2012/6/19,332.5,333.8,331,333.72,4991.4,16.63199268
2012/6/20,333.99,333.99,331.19,331.19,3332.4,11.0556139
2012/6/21,331.19,331.58,327.6,328.53,4560,14.97893744
2012/6/25,328.53,328.53,323.12,323.14,7230.2,23.38968856
2012/6/26,326,326,323.18,324.6,5370,17.44756546
2012/6/27,325.5,325.5,322.15,322.3,5503.8,17.77987036
2012/6/28,322.5,323.99,320.1,322.71,4287.2,13.85249848
2012/6/29,322.9,322.9,318.8,322.49,4846.4,15.54478972
2012/7/2,327.6,327.6,324.19,326.2,3197.6,10.41619984
2012/7/3,327,329.6,325.9,329.12,4022.2,13.19815124
2012/7/4,331.4,331.4,330,330.12,3835.2,12.68682694
2012/7/5,331,331.4,330,330.9,3831.6,12.68208886
2012/7/6,328.9,329.7,328.15,328.3,2966.8,9.7646321
2012/7/9,328.3,328.3,325,325.88,4798.4,15.61749076
2012/7/10,326.99,327.5,325.3,325.49,3206.8,10.45102208
2012/7/11,327,328.88,323.68,324.54,4008.6,12.98957022
2012/7/12,326.99,326.99,322.6,322.88,4000.8,12.92284868
2012/7/13,322.88,324,321.15,323.91,3530.2,11.41385172
2012/7/16,326.99,326.99,324.61,326.51,3052.8,9.96447716
2012/7/17,327.49,327.75,326.1,327.19,3153,10.32296482
2012/7/18,327.9,327.9,324,325.04,4011.2,13.03715318
2012/7/19,325.04,325.45,323.56,325.25,2988.4,9.69873482
2012/7/20,325.68,326.17,324.7,325.84,3579.6,11.64593692
2012/7/23,325.99,325.99,323.9,324,2394.2,7.77299204
2012/7/24,323.51,324.8,323.3,324.52,3489.4,11.3258403
2012/7/25,326,326.68,324,326.57,2456.8,8.00393406
2012/7/26,329,329.93,327.03,329.47,3128.6,10.30391064
2012/7/27,331.49,332,330,331.93,3222.2,10.67224742
2012/7/30,332.49,334,331.5,331.75,2739,9.09526444
2012/7/31,333,333,331.3,332.35,3706.6,12.32858098
2012/8/1,333,333,330.41,331.51,3367,11.14567236
2012/8/2,331.51,331.51,328.01,329.4,2903,9.55547358
2012/8/3,329.5,329.5,326.91,326.99,2930.6,9.58942178
2012/8/6,327.99,330.2,327.99,329.8,4022.6,13.2702857
2012/8/7,330.5,331.5,330.01,331.25,2847.4,9.41692098
2012/8/8,333,333,329.2,329.22,2044.6,6.75138696
2012/8/9,330.8,331.5,329.8,331.07,3873.8,12.83348512
2012/8/10,331.39,331.39,329.8,329.87,2847.8,9.42720258
2012/8/13,332.8,332.88,331.7,332.86,3138,10.42654978
2012/8/14,332.86,332.86,330.2,331.25,4314.6,14.2757616
2012/8/15,329.1,329.2,328,328.13,4312.2,14.17091374
2012/8/16,329.8,329.8,328.7,329.25,2968.4,9.77747962
2012/8/17,330,332,329.21,331.87,3167.4,10.49913216
2012/8/20,332,332.05,331.1,331.93,3348.6,11.11261812
2012/8/21,330.7,332.65,330.7,332.4,3668.2,12.18521736
2012/8/22,334.38,335.9,333.99,335.74,5533.2,18.56505124
2012/8/23,336,340.76,335.2,340.65,4617.6,15.6954187
2012/8/24,342,342.3,339.9,340.27,3401,11.59135636
2012/8/27,342.84,343.47,342,342.33,3720.4,12.75828352
2012/8/28,342.33,342.5,339.37,340.2,2827.6,9.61662134
2012/8/29,341,341.95,340.2,341.13,3342.2,11.401954
2012/8/30,341.49,341.49,338.6,339.5,4010.2,13.61174926
2012/8/31,340.5,340.5,338.5,339.69,3307.2,11.21522382
2012/9/3,345,348,344.85,345.1,3083,10.64165798
2012/9/4,346.99,346.99,345.1,346.35,4333.4,14.99823008
2012/9/5,346.35,346.5,345.3,345.85,2882.8,9.97010308
2012/9/6,346.98,348.6,345.71,348.58,3065.6,10.64247364
2012/9/7,349,349,345,346.1,4160.8,14.40035894
2012/9/10,348,355,348,353.5,2959.6,10.48247274
2012/9/11,355,355,352.55,352.94,3679,12.99979544
2012/9/12,354.94,354.94,353,354,4162.2,14.73292842
2012/9/13,354.99,355,352.31,352.99,3637,12.83734752
2012/9/14,355.5,361.5,351,360.31,4477,16.13863554
2012/9/17,360.31,362.49,359.9,360,3179.6,11.47511174
2012/9/18,362.99,362.99,357.27,357.5,4449.4,15.91533772
2012/9/19,359,361.2,358.2,361,3309,11.9189994
2012/9/20,361,361,357.05,357.32,6132.4,22.00139618
2012/9/21,359,360.3,357.11,359.53,3344.6,12.08246676
2012/9/24,361,361,351,357.5,3266.6,11.66686854
2012/9/25,357.75,359,357.2,358.57,4852.2,17.3872255
2012/9/26,361,361,357.38,358.25,6843.6,24.50161422
2012/9/27,356,358.18,354.25,356.19,6359.8,22.66467112
2012/9/28,360,360.7,357.1,360.03,5686,20.4761902
2012/10/8,362,362,357.9,358.3,4922,17.64603948
2012/10/9,361,361,358.2,359.28,2817,10.13318188
2012/10/10,359.2,359.5,356.8,357.79,3120.6,11.15891528
2012/10/11,358,358,356,357.54,3929.2,14.01816102
2012/10/12,359.99,359.99,357.2,357.29,2427,8.6782407
2012/10/15,357.29,357.29,352,352.6,4163.6,14.66735964
2012/10/16,354.99,354.99,350,351.64,4856.4,17.05356308
2012/10/17,353.44,353.71,351.51,352.5,3867.4,13.66419322
2012/10/18,354.7,354.7,351.5,352,2555.2,9.00734818
2012/10/19,353,353,349.5,349.86,4233.8,14.82404588
2012/10/22,349.8,349.8,347,347.51,4251.2,14.77663228
2012/10/23,352,352,346.4,346.43,5036.4,17.50798458
2012/10/24,346.43,346.43,343.6,344.69,3420.4,11.79384438
2012/10/25,349,349,342.5,345,4467.4,15.3789695
2012/10/26,345.5,345.5,341.81,342.49,4003.8,13.76109636
2012/10/29,345.99,345.99,344.2,344.43,4286.8,14.779739
2012/10/30,347,347,343.51,344.29,2724.8,9.37348738
2012/10/31,346,346,343.9,343.94,2792,9.61335312
2012/11/1,349,349,345,345.69,2320.8,8.02408918
2012/11/2,347.99,347.99,342.71,343.79,4006.8,13.77468596
2012/11/5,343.79,343.79,337.6,338.16,3418.8,11.55413884
2012/11/6,339.99,339.99,338.3,339.42,5374,18.22591036
2012/11/7,343.78,347.25,339.12,347.18,3022.8,10.44851432
2012/11/8,346,347.49,343.02,345.49,3945,13.6336804
2012/11/9,347.4,348.99,344.6,348.32,3662.8,12.75867536
2012/11/12,350,350,347.51,348.24,4805,16.73374542
2012/11/13,349.78,349.78,345.6,346.01,4871.6,16.85159562
2012/11/14,348,348,345,346.29,4419.8,15.32137718
2012/11/15,345.71,347.3,345.7,345.76,3968.6,13.84948828
2012/11/16,346,346.2,343.5,344.11,3209.4,11.05394966
2012/11/19,347,347,345.51,346.19,3557.8,12.30545532
2012/11/20,347.2,348,346.5,347.67,4767.4,16.6097337
2012/11/21,348.98,348.98,345.6,345.6,3540.6,12.25972042
2012/11/22,347.19,347.3,345.46,346.8,5703.6,19.79330064
2012/11/23,347.89,347.89,346.6,346.77,5087,17.65073208
2012/11/26,351.88,351.88,349.6,350.14,4708.2,16.47907512
2012/11/27,350.14,350.8,349.8,349.98,2984.6,10.44719494
2012/11/28,350,350,347.7,347.72,4947.2,17.21891184
2012/11/29,348.95,348.95,343.1,344.37,4942.8,16.96810104
2012/11/30,345.85,346.2,344.6,346.02,3704.8,12.7987695
2012/12/3,346.02,346.02,343.3,344.24,4404.2,15.15764374
2012/12/4,346.49,346.49,340.6,341.27,4468.4,15.27585998
2012/12/5,344,344,339.4,341.5,3296.6,11.2297043
2012/12/6,341,341,338.38,338.99,7647,25.94895276
2012/12/7,339,341.55,338.5,341.4,6542.4,22.32496872
2012/12/10,341.56,342.8,341.56,342.62,4036.8,13.82472422
2012/12/11,344,344,342.75,343.82,3989.4,13.68989792
2012/12/12,344.99,344.99,343.11,344.45,8753.2,30.10028236
2012/12/13,344.98,346,340.98,341.48,5847.8,19.98261014
2012/12/14,341.5,341.95,339.8,341.74,5992.4,20.46238138
2012/12/17,340.4,340.99,339.5,339.5,7146,24.2912413
2012/12/18,340.4,342.09,339.93,342,6089.6,20.75837226
2012/12/19,342,342,336.4,336.96,7386.2,24.89454948
2012/12/20,337.99,337.99,334.71,335.64,5573.4,18.6794025
2012/12/21,339.64,339.64,328.5,330.62,7961.4,26.2881887
2012/12/24,333.98,334.5,331.9,334.01,8854.2,29.49592992
2012/12/25,334.5,334.5,333.2,333.4,5444.6,18.15208304
2012/12/26,336,336,332.6,333.27,6467.6,21.54603484
2012/12/27,333.35,334.78,332.8,333.08,6717.6,22.38197956
2012/12/28,333.9,334.7,332.5,332.84,8249.6,27.61525786
2012/12/31,334.99,334.99,333,334.5,3375.6,11.26438922
2013/1/4,334.99,334.99,330.9,331.47,9308.8,30.88749004
2013/1/7,333.5,334.1,333,333.5,19504.8,65.07710074
2013/1/8,333,333,330.7,331.58,9294.4,30.8106458
2013/1/9,332.34,334,331.6,333.98,5631,18.77017164
2013/1/10,333.98,333.98,332.4,333.7,7746.6,25.80258106
2013/1/11,334.45,336.47,333.2,335.93,7342.6,24.66297824
2013/1/14,339.96,339.96,334.1,335.92,10002.4,33.48310138
2013/1/15,335.92,337.8,334.6,337.49,8706,29.26253692
2013/1/16,337.95,338.3,337,337.7,10496.2,35.45823074
2013/1/17,337.95,337.95,336.4,337.4,5871.6,19.7976502
2013/1/18,338.94,339.65,335.2,339.21,9073.8,30.73564706
2013/1/21,339.49,339.49,338.51,339.35,6760.8,22.9365773
2013/1/22,340.35,340.4,335.8,339.83,8136.2,27.66246622
2013/1/23,340.4,340.4,339.02,339.8,8154.4,27.71910144
2013/1/24,340.8,340.8,337.08,337.39,6953.4,23.4786573
2013/1/25,338.85,338.85,334.85,336.18,8800.8,29.53601424
2013/1/28,335,335,333.02,334.62,8923.6,29.83954972
2013/1/29,334.7,335.65,333.5,335.33,8085,27.04071642
2013/1/30,335.4,336.1,334.5,336,9170.4,30.75813376
2013/1/31,336,338.05,335.5,336.8,6076.6,20.49607814
2013/2/1,336.7,336.7,334.05,335.04,7993.4,26.8186538
2013/2/4,336.59,336.9,334.81,336.74,9435.2,31.75605228
2013/2/5,336.74,337.6,335.42,337.1,9036.8,30.46588584
2013/2/6,337.39,338.38,336,337.16,6459.2,21.75378402
2013/2/7,337.99,338.3,337,337.3,5849,19.75534736
2013/2/8,337.5,337.8,335.58,336.75,3083,10.37496994
2013/2/18,332.5,333.75,326.4,327.25,22024,71.94976422
2013/2/19,327.79,327.79,326,326.79,13621.4,44.5199953
2013/2/20,327.99,327.99,325.2,326,10695.8,34.84259564
2013/2/21,326,326,316.8,319.04,14400.6,45.77733054
2013/2/22,320.3,323.5,318.6,323.48,14728.2,47.3983158
2013/2/25,324.48,324.48,321.2,323.55,12239.2,39.46600594
2013/2/26,324.4,326,323.4,323.99,16711.8,54.27026708
2013/2/27,326.49,326.86,324.1,326.71,12683.8,41.40443776
2013/2/28,326,326.05,323.9,323.99,10821,35.15924288
2013/3/1,324.99,324.99,320.33,320.7,12976,41.68255124
2013/3/4,323.49,323.49,319.8,320.2,14986.4,48.02818736
2013/3/5,321,321,319.5,320.56,13390.8,42.87276548
2013/3/6,321,321.2,319,319.03,12489.8,39.92265694
2013/3/7,321,321,317.8,319,14008.8,44.7169533
2013/3/8,320,320,317.3,318.35,15940.8,50.67975146
2013/3/11,319.98,319.98,318,319.5,13534.2,43.1567026
2013/3/12,319.97,319.97,318.59,319.49,10483.2,33.4549849
2013/3/13,314.28,321.98,314.28,320.9,9085,29.14907652
2013/3/14,320.9,321.5,319.3,319.41,7368.4,23.5614952
2013/3/15,319.69,320.5,318.83,320.08,9654.6,30.89601828
2013/3/18,321.95,321.95,320.2,321.19,5947.2,19.06123076
2013/3/19,322,322.4,320.2,321.82,6135,19.74670486
2013/3/20,322,323.16,321.1,322.93,8269.8,26.70142064
2013/3/21,322.93,322.93,321.6,322.23,6969.2,22.45075272
2013/3/22,323.15,323.25,322.6,322.7,6726.2,21.7299074
2013/3/25,322,322.68,322,322.15,7026.6,22.65154136
2013/3/26,322.15,322.15,319.3,321.05,6689.4,21.47032204
2013/3/27,321.05,321.05,318.9,319.25,9319,29.82337676
2013/3/28,321.2,321.49,319.85,321.11,10270.8,32.99222224
2013/3/29,319.5,320.57,319.22,320.23,4324,13.82291116
2013/4/1,321,321,319.7,319.87,6218.8,19.90517104
2013/4/2,321,321,319.5,320.18,10438.8,33.44714714
2013/4/3,319,319,312.8,314.15,11367.4,35.70862576
2013/4/8,318.99,318.99,315.52,316.69,9973,31.520735
2013/4/9,316.69,316.69,314.49,315.4,6505.8,20.5212019
2013/4/10,315.5,317.5,315.4,316.99,3999.8,12.67991134
2013/4/11,316.99,316.99,311,311.87,9721.8,30.35080594
2013/4/12,312.8,312.86,311.76,311.82,11680.4,36.44594198
2013/4/15,305,305,285.6,289.9,17824,51.76461438
2013/4/16,289.9,289.9,263.2,274.76,21716.4,58.95317866
2013/4/17,274.76,278.98,272.76,276.5,20170.2,55.37741904
2013/4/18,277,277.5,267,275.91,20814.6,56.97438618
2013/4/19,277.96,285.6,275.5,285.5,30440,85.63464272
2013/4/22,285.5,290.4,285.5,288.49,43272.2,124.8795416
2013/4/23,289.99,291.3,283.7,283.91,40614.2,117.2872539
2013/4/24,283.81,291.25,283.81,290.79,29990.2,86.5993545
2013/4/25,291.8,299.15,289,293.2,33055.4,97.78691688
2013/4/26,299,303.5,295.5,296.5,34022.2,102.0867209
2013/5/2,296.5,296.57,292.25,294.58,23811.2,69.97852802
2013/5/3,296.87,297.7,295,296.8,26430.8,78.46420428
2013/5/6,296.8,299.6,296.8,299.6,15995.4,47.67369788
2013/5/7,300,300,294,294,21268,63.03697872
2013/5/8,294,296,292.1,294.52,22260.8,67.40260688
2013/5/9,296.8,297.8,295.8,296.79,13511.2,40.15599372
2013/5/10,296.8,298,295.1,296.17,16370.6,48.45846046
2013/5/13,296.17,296.17,291,293.64,9816.4,28.75880378
2013/5/14,295,295,288.7,291.84,11480.6,33.65861714
2013/5/15,290,292,285.6,285.6,17277.2,49.98509486
2013/5/16,285.6,288,280.55,280.94,13145.8,37.1752432
2013/5/17,280.7,282,277.5,277.96,19527.2,54.63467114
2013/5/20,275,277,268.07,276.44,15981.2,43.69326274
2013/5/21,277.9,284.35,276.03,282.64,18062.8,51.00627262
2013/5/22,282.64,282.64,278.78,281.56,13920.8,39.07249242
2013/5/23,283.5,285.6,277.5,278,12521.4,34.920291
2013/5/24,282.8,282.8,278,279.2,22455,62.91020468
2013/5/27,282,282,279.7,280.85,10093.8,28.29579942
2013/5/28,282,282,278.81,279.14,15640.6,43.74073114
2013/5/29,279.99,280.5,277,277.96,19598.8,54.4851252
2013/5/30,278,281.25,277.8,280.85,20914.6,58.55639238
2013/5/31,282.8,283,281.4,281.5,12776.8,36.08604318
2013/6/3,277,281.39,277,277.64,16040.2,44.67035256
2013/6/4,281.5,281.5,278,279.55,15124.2,42.38009726
2013/6/5,279.99,279.99,277.7,278.5,17865.6,49.88163926
2013/6/6,279.48,279.79,277.21,277.5,14644.6,40.77471864
2013/6/7,279.99,281.2,278,281.09,20291.6,56.95113618
2013/6/13,281.09,281.09,276.86,277.99,18813,52.22772
2013/6/14,278,278,276.4,277.35,20929.4,57.96690194
2013/6/17,277.35,277.7,276.75,277.13,26339,73.0553509
2013/6/18,277.18,277.18,275.1,275.64,10813.8,29.86629578
2013/6/19,276.48,276.48,273,274.25,19175.2,52.49029664
2013/6/20,274.83,275,265,266.48,21775.6,58.54072326
2013/6/21,266.48,266.48,254.58,262.47,21725,56.4428596
2013/6/24,261.5,262.95,258.5,260.16,13224.4,34.40758528
2013/6/25,260.16,260.5,258.79,258.91,20023.8,51.93781948
2013/6/26,259.1,259.3,251,251.59,19134.6,48.49726244
2013/6/27,251.59,251.6,247.6,250.07,18127.6,45.3091538
2013/6/28,250.07,250.07,239.3,243.5,14659.6,35.67594162
2013/7/1,243,254.3,241,254.1,16678.4,42.02321614
2013/7/2,254.1,257.01,252.3,256.6,16714.4,42.60361262
2013/7/3,256,256,251.9,252,14222.6,36.07767962
2013/7/4,254,255.55,253.55,255.25,14170.6,36.12971574
2013/7/5,255.25,255.25,250.8,252.99,17023.6,43.08376418
2013/7/8,252,252,246,251.15,22249.6,55.4273096
2013/7/9,253.68,256.25,251.19,253.8,16939.4,43.08913572
2013/7/10,254.93,254.93,251.1,252.69,14423.2,36.38460882
2013/7/11,254.3,261.4,252.8,259.37,10786.6,27.92565074
2013/7/12,259.37,259.8,256.8,257.59,17035.8,44.02924768
2013/7/15,258.49,260.3,256.8,259.7,12788.2,33.22164616
2013/7/16,259.7,277.5,258,259.1,12675.2,32.7854314
2013/7/17,260.98,260.98,259.11,259.2,15777.6,40.94103758
2013/7/18,260.5,261,255.9,256.42,15232.8,39.09304408
2013/7/19,258.48,259.45,257.25,259.39,13749.2,35.58041312
2013/7/22,259.49,265.3,259.03,264.59,12965.4,34.213863
2013/7/23,264.59,267.9,264.59,267.17,15199.2,40.59862784
2013/7/24,267.5,269,266.6,268.73,12872.6,34.5610879
2013/7/25,268.73,268.73,264.4,264.9,14618.4,38.73013078
2013/7/26,267.1,267.65,265,266.5,20792.4,55.51939348
2013/7/29,264.49,266.1,262.6,264.31,21542.4,57.0984762
2013/7/30,266.98,266.98,264,264.1,18239.2,48.18521388
2013/7/31,266.5,266.99,264.2,265.76,10995,29.2384031
2013/8/1,266.99,266.99,261.8,264.39,11810.2,31.24867306
2013/8/2,265.74,265.74,257.5,258.27,17165.2,44.64870258
2013/8/5,263.97,264.1,261.8,263.5,9456.4,24.90613774
2013/8/6,263.5,263.5,258.6,259.89,11195,29.14170842
2013/8/7,259.01,259.5,256,257.11,8567.6,22.0183635
2013/8/8,259,259.6,257.3,259.02,10351.2,26.81354726
2013/8/9,259.15,263.01,258.76,262.2,10335.6,27.09476878
2013/8/12,263,266.88,261.61,266.76,9182.2,24.41041334
2013/8/13,267.8,268.29,266.3,267.96,10435,27.87022642
2013/8/14,269.5,269.5,264.01,264.75,11138.8,29.4713994
2013/8/15,266,269,264.2,267.23,9770.2,26.18081786
2013/8/16,267,273.6,264.6,271.89,9868.6,26.8313847
2013/8/19,273.2,275.65,271.7,273.59,10578,29.0483578
2013/8/20,274.99,274.99,270,270.66,10926.2,29.6848707
2013/8/21,272,273.9,272,272.23,10132.8,27.62757872
2013/8/22,272.8,273.3,271,271.79,14871.8,40.36324844
2013/8/23,272.98,274.1,272.72,273.19,9631,26.32511328
2013/8/26,273.19,278,272.85,277.69,7998.6,22.19805282
2013/8/27,278.95,279.8,276.53,278.32,11350.6,31.52140404
2013/8/28,282.59,283.5,279.02,282.27,9842.2,27.76356212
2013/8/29,284.49,284.49,279.21,280,11267.6,31.5583842
2013/8/30,282.65,282.65,277.6,277.6,11582.4,32.32271536
2013/9/2,277.6,278.81,276.01,277,9974.2,27.60026972
2013/9/3,278,278,276.2,276.39,14791,40.90959186
2013/9/4,278,280.3,277.99,279.18,11180.4,31.2662066
2013/9/5,278.5,278.5,274.7,275.66,10828,29.85079484
2013/9/6,277.49,277.49,272.11,273.28,12553.2,34.2672237
2013/9/9,276.5,277,274.65,276.16,9684,26.7351873
2013/9/10,277,277,273.8,273.8,12264.8,33.7353373
2013/9/11,273.8,273.8,270.3,272.38,10893.4,29.6155328
2013/9/12,272.5,272.5,267.8,268.09,11502.2,31.06176822
2013/9/13,268.09,268.09,261.05,262.78,13857.8,36.48812594
2013/9/16,262.8,265.2,261.8,263.76,14305,37.81935334
2013/9/17,263.8,263.8,261,262,16690.8,43.63228676
2013/9/18,262,262,256.9,259.02,10097.8,26.08201044
2013/9/23,262.99,263.41,259.8,263.39,14152.2,37.11019494
2013/9/24,263.39,263.55,261.69,262.45,15664.8,41.17174924
2013/9/25,260,263.5,260,262.2,13600.2,35.70856192
2013/9/26,263.99,264.95,261.9,264.57,17536.4,46.24640034
2013/9/27,265,265,262,263.58,19298.8,50.66047376
2013/9/30,266,267,264.11,265.65,7951.8,21.07516138
2013/10/8,265,265,262.5,263.2,24702.8,64.96519002
2013/10/9,264.95,264.95,261.8,262.1,9919.4,26.0021328
2013/10/10,262.1,262.1,259,259.8,14717.6,38.24021214
2013/10/11,259.8,259.8,256.5,257.77,15433.6,39.71891542
2013/10/14,253,255.5,252.5,255.25,18669,47.3800578
2013/10/15,258,258,253,253.36,11548.8,29.31542478
2013/10/16,252.9,255.5,252.33,255.01,10453.4,26.86159692
2013/10/17,255,255.42,252.89,254.02,8319.6,21.11550526
2013/10/18,255.8,260.99,255.8,260.13,9990.6,25.97478098
2013/10/21,260.85,261.4,258.61,260.76,7742.6,20.13999296
2013/10/22,261.5,261.5,259.06,259.5,9909.6,25.71631036
2013/10/23,262.98,264.5,261.5,262.49,7499,19.73053972
2013/10/24,262.7,263,260,262.67,10397.2,27.2854605
2013/10/25,266,266,262.5,262.86,11890.6,31.25656408
2013/10/28,262.99,264.75,262.5,264.13,11187.6,29.57471738
2013/10/29,266,266,264.2,264.2,7879.4,20.8551948
2013/10/30,265.4,265.4,262.55,263.92,13741,36.2001861
2013/10/31,265.98,265.98,261.6,262.25,6678.4,17.52524584
2013/11/1,262.25,262.25,259.95,260.69,8904.6,23.17828062
2013/11/4,259,259.88,258.05,258.41,8494.8,21.9875581
2013/11/5,261.85,261.85,258.7,258.75,8711.6,22.5712646
2013/11/6,259.85,259.9,257.7,258.11,6754.6,17.4460911
2013/11/7,266.5,266.5,258.35,259.01,7123.8,18.44523746
2013/11/8,259.9,259.9,256.5,257.52,10782.8,27.77490786
2013/11/11,257,257.94,252.1,253.29,18840.2,47.6742142
2013/11/12,254.58,254.58,251.1,251.96,14681,37.02194892
2013/11/13,252.99,253,249.77,250.98,16103.4,40.73392442
2013/11/14,252.4,253.5,250.6,253,9578.2,24.19569734
2013/11/15,252.1,254.5,252.1,253,11171.8,28.32531916
2013/11/18,253.57,253.63,252.61,253.06,12464,32.05667346
2013/11/19,253.58,253.58,249.86,250.9,9283.6,23.26898682
2013/11/20,252.38,252.38,250.6,251.21,7426.4,18.65021634
2013/11/21,251.21,251.21,245.81,246.17,11329.6,27.90069718
2013/11/22,247.38,247.38,244.5,245.67,14413,35.40804636
2013/11/25,246.3,246.55,243.3,243.32,15077.4,36.85909546
2013/11/26,243.98,247.38,243,247.32,19547.4,48.21904602
2013/11/27,247.32,247.32,245.18,245.93,17908.2,43.982161
2013/11/28,246.45,246.8,244,244.6,19514.8,47.72664572
2013/11/29,245.85,245.85,244.2,244.71,10488.6,25.67259392
2013/12/2,246.1,246.3,245.12,245.8,7539.8,18.51850308
2013/12/3,245.8,245.8,241.32,242.18,13809,33.3713302
2013/12/4,242.5,242.5,240.8,240.89,10453,25.22105704
2013/12/5,246.68,246.68,241,243.51,10064,24.53807558
2013/12/6,246,246,240.8,243.5,11141.4,26.99086962
2013/12/9,242.75,245,240.6,243.99,14326.8,34.79846116
2013/12/10,245,245.3,243.36,244.96,18712.2,45.75220488
2013/12/11,245.96,247.3,245.2,246.71,12978.4,32.03486186
2013/12/12,247.85,247.85,246,246,11251.8,27.72131536
2013/12/13,244,244.4,241.15,242.08,17372.8,42.00178318
2013/12/16,242.48,242.9,241.74,242.75,8730.8,21.18060532
2013/12/17,243.58,246,242.5,245.55,12166.8,30.5702124
2013/12/18,245.55,245.55,242.34,243.06,14072.6,34.2033288
2013/12/19,243.06,243.06,240.45,241,21584.6,52.62097212
2013/12/20,241,241,235.4,236.37,16918,40.42705482
2013/12/23,237.85,238.88,235.52,238.77,14834.6,35.30941258
2013/12/24,238.77,238.77,237.3,237.62,12633.4,30.05713146
2013/12/25,238.01,239.5,237.8,238.99,12737.8,30.39529276
2013/12/26,239.38,252,238.5,239.29,9437.4,22.57366704
2013/12/27,239.9,241.47,239.9,240.5,12146.6,29.21756802
2013/12/30,240.3,241.48,238.66,238.77,13656,32.80167746
2013/12/31,239,239.83,236.36,236.46,7849.2,18.66379184
2014/1/2,238.85,242.3,238.85,242.3,10934.02,26.448252
2014/1/3,242.3,243.96,240.5,243.8,10846.42,26.35461999
2014/1/6,242.5,246,242.15,245.39,24874.6,60.97726706
2014/1/7,245.6,246.38,244.8,245.79,16138.4,39.66758478
2014/1/8,245.79,245.79,241.8,241.95,13067.66,31.67673916
2014/1/9,242.96,243.49,241.28,241.82,12985.24,31.41689763
2014/1/10,243,244,241.7,243,16351.68,39.73646174
2014/1/13,243.59,246.65,242.6,246.5,22449.68,56.23030745
2014/1/14,245.95,246.5,245,246.34,17716.66,43.58819642
2014/1/15,246.34,246.34,243.65,244.16,15067.06,36.75595154
2014/1/16,243.85,245,242.8,244.49,16687.5,40.69913944
2014/1/17,243.5,245.48,243.5,245.4,16451.34,40.26019735
2014/1/20,245.4,247.2,244.8,246.82,11568.72,28.56357088
2014/1/21,247.44,247.44,245.8,245.8,20190.12,49.74950829
2014/1/22,245.8,245.8,243.2,243.87,21514.92,52.51596676
2014/1/23,244.25,244.25,242.4,243.27,23049.26,55.99097789
2014/1/24,245,247.2,244.7,246.89,19426.06,47.95759879
2014/1/27,248.5,249.2,246.7,247.78,18661.24,46.42266656
2014/1/28,247.79,247.79,245.9,245.9,13965.9,34.4032512
2014/1/29,246.98,246.98,245.03,245.94,8384.74,20.56634871
2014/1/30,247.37,247.37,246.15,246.37,1598.1,3.94239568
2014/2/7,247.49,248.5,246.4,248.29,23241.7,57.51830913
2014/2/10,248.85,250.6,247.52,250.39,25725.28,64.18585327
2014/2/11,250.39,251.99,250,251.49,16577.36,41.71421374
2014/2/12,251.5,252.6,250.5,252.06,16588.8,41.85168374
2014/2/13,252.06,253.1,252,252.1,12712.88,32.11261841
2014/2/14,252.99,256.7,252.51,256.69,14404.52,36.78476496
2014/2/17,258,261.5,257.1,259.85,12534.32,32.58322588
2014/2/18,259.87,260.4,257.6,258.01,21007.8,54.2625348
2014/2/19,258.01,259.15,257.02,258.24,13091.42,33.79434499
2014/2/20,258.58,259.15,256.8,257.49,17695.8,45.54539744
2014/2/21,257.5,259.5,257.01,259.29,19885.4,51.42036158
2014/2/24,259.3,260.7,258.9,260.5,13571.42,35.26864221
2014/2/25,260.5,262.45,260.5,262.39,26141.66,67.95174163
2014/2/26,263,265.31,262.21,265.22,22291.74,58.91011068
2014/2/27,265.24,265.24,261,261.48,23219.48,60.82099064
2014/2/28,262.94,263.55,261.52,262.73,12633.12,33.20343054
2014/3/3,263.45,266.4,261.45,266.2,12424.5,32.98141274
2014/3/4,266.2,267.45,263.5,264,12277.38,32.63934055
2014/3/5,263.5,264,262.85,263.08,11956.1,31.51390815
2014/3/6,263.01,264.4,262.7,262.99,14634.04,38.52408383
2014/3/7,262.99,266,262.99,265.27,12931.12,34.31216752
2014/3/10,265.98,265.98,261.1,262.53,16778.6,44.03388396
2014/3/11,262.72,264.8,262.72,264.51,16231.88,42.80835889
2014/3/12,264.51,268.9,263.8,267.43,13977.98,37.34539627
2014/3/13,268,270.99,268,269.76,14874.84,40.16982569
2014/3/14,269.76,271.3,268.8,269.63,14440.84,39.01067019
2014/3/17,269.63,273.6,269.63,273.29,17236.04,47.02713472
2014/3/18,273.26,273.26,268.2,269.1,16997.18,45.87143448
2014/3/19,269.1,269.27,267,268.2,20818.9,55.97195927
2014/3/20,268.2,268.2,264.26,265.45,16610.32,44.09889672
2014/3/21,265.45,266.3,264.01,265.26,12192.28,32.40656523
2014/3/24,265.3,266.9,263.7,263.89,12391.18,32.81445725
2014/3/25,263.9,263.9,260.3,261.2,15027.24,39.25977489
2014/3/26,261.2,262,260.02,262,11969.36,31.30191871
2014/3/27,262,262,258.75,259.51,16521.84,42.89960703
2014/3/28,259.51,259.51,257.64,258.5,13340.6,34.44654236
2014/3/31,258.5,259.1,257.04,257.8,9133.76,23.61692603
2014/4/1,257.9,258.49,255.5,256.39,9308.34,23.83166028
2014/4/2,256.4,256.4,255.55,256.25,10990.12,28.16933469
2014/4/3,256.25,257.7,256.25,257.06,10519.28,27.08222495
2014/4/4,257.06,258.2,255.85,257.64,9396.74,24.1264219
2014/4/8,257.64,261.3,257.58,261,11563.02,30.09692123
2014/4/9,261.2,262,260.41,261.12,10949.22,28.61362706
2014/4/10,260.5,263,259.56,263,11164.22,29.26781256
2014/4/11,263,263.35,262.3,262.64,11874.52,31.21231703
2014/4/14,262.88,265.45,262.58,264.85,9102.42,24.12208888
2014/4/15,264.85,265.99,262,262.18,10398.1,27.42852317
2014/4/16,261,261,258.5,260.08,14645.72,38.04348763
2014/4/17,260.5,260.5,259.2,259.3,11903.14,31.11227281
2014/4/18,259.3,260.5,258.5,259.33,10233.78,26.53719562
2014/4/21,259.79,259.79,257,257.66,14431.78,37.18141465
2014/4/22,257.97,258.75,257.4,258.55,19386.58,50.36271486
2014/4/23,258.55,258.55,257.2,257.88,17127,44.16942982
2014/4/24,258.3,258.5,257.5,257.7,21159.62,54.55954521
2014/4/25,257,260.15,256.3,259.76,14843.04,38.53330274
2014/4/28,260.42,262.7,260.42,261.89,14053.24,36.84513194
2014/4/29,262.8,262.85,260,260.09,19959.04,52.07388289
2014/4/30,260.3,261.2,260.12,260.26,10444.12,27.21008544
2014/5/5,260.59,263.2,260.59,262.84,11232.02,29.52165623
2014/5/6,263.65,263.8,262.6,262.98,14780.04,38.90540482
2014/5/7,263.3,263.3,262.31,262.8,15881.54,41.55881497
2014/5/8,262.8,262.8,258.95,259.05,15539.66,40.35988867
2014/5/9,259.05,259.38,258.4,259.16,18778.32,48.68000475
2014/5/12,259.48,259.48,258.2,259.1,17338.18,44.85261179
2014/5/13,260.8,261.1,259.02,259.49,19257.7,50.06526611
2014/5/14,260,260.8,259.45,260.29,11678.86,30.32429404
2014/5/15,261.5,261.55,260.56,261,18839.38,49.48749632
2014/5/16,260.6,260.6,259.6,259.69,12261.82,31.95653014
2014/5/19,259.85,260.9,259.4,260.71,11879.2,30.9195419
2014/5/20,261.49,262,259.4,259.8,18487.08,48.03804627
2014/5/21,259.85,261,259.3,259.85,17887.88,46.32116214
2014/5/22,260.35,260.4,259.3,260.1,15805.7,41.0639916
2014/5/23,260.5,260.5,259.7,260.01,9983.44,25.96305786
2014/5/26,260.1,260.1,259,259.56,13248.88,34.41014507
2014/5/27,259.7,259.75,258.25,258.29,13428.14,34.79761456
2014/5/28,258.29,258.29,254.6,254.9,20602.68,52.73273198
2014/5/29,255,255.1,252.05,252.07,13991.74,35.46405439
2014/5/30,254.8,254.8,252.3,252.8,13549.3,34.82563016
2014/6/3,252.8,252.8,250.15,250.9,10807.22,27.08690116
2014/6/4,251.19,251.2,250.2,251,14857.82,37.27867297
2014/6/5,251.75,251.8,250.31,250.4,13463.62,34.31152264
2014/6/6,251.99,252.9,251.5,252.75,9524.06,24.03864665
2014/6/9,252.75,254.5,251.3,252.23,11075.3,27.86546632
2014/6/10,252.4,252.4,251,251.6,14314.14,36.05723356
2014/6/11,252,253,252,252.46,15927.92,40.25939095
2014/6/12,253.15,253.38,252,252,11241.18,28.37137278
2014/6/13,253.47,254.5,252.85,254.35,13415.04,34.06633633
2014/6/16,253,256.8,253,256.79,12302.36,31.4716297
2014/6/17,256.8,256.8,253.5,253.75,14512.94,37.09438139
2014/6/18,253.49,254.58,253.33,254.38,22475.54,57.24658213
2014/6/19,254.95,256.74,254.11,255.98,19829.56,50.70943514
2014/6/20,256.88,263.51,256.88,262.5,12376.46,32.49233896
2014/6/23,263.5,264.47,262.1,263.68,13479.14,35.30091976
2014/6/24,263.68,264.1,262.8,263.61,26507.34,69.86481863
2014/6/25,264,264.8,262.68,262.9,16574.08,43.61942076
2014/6/26,263.5,264.6,262.3,262.78,22117.38,58.25859262
2014/6/27,263.8,263.8,262.5,263.09,29294.16,77.16265644
2014/6/30,263.75,263.75,261.7,261.86,9164.08,24.06278697
2014/7/1,262.8,265.3,262.1,263.99,10569.38,27.68366459
2014/7/2,264.55,264.88,263.85,264.52,9048.24,23.91789091
2014/7/3,264.48,265,263.7,263.71,8562.68,22.62000543
2014/7/4,263.51,264.11,262.93,263.93,10618.84,27.90277076
2014/7/7,264.5,264.5,261.6,261.7,11878.64,31.16389858
2014/7/8,262.49,263.09,261.4,263,10459.86,27.47965463
2014/7/9,263.25,263.85,262,263.76,12385.7,32.59977232
2014/7/10,263.51,265,263.45,264.79,15525.68,41.06675021
2014/7/11,265.5,267.8,265.5,266.89,10668.04,28.41829007
2014/7/14,266.9,267.75,262.75,263.26,9342.32,24.76383243
2014/7/15,263,263,260.5,261.73,12140.46,31.6911325
2014/7/16,260.8,262.38,258.11,259.19,15421.22,39.96333761
2014/7/17,259.95,261.3,259.2,260.45,14534.62,37.83343782
2014/7/18,260.99,263.74,260.1,261.69,17444.44,45.68730604
2014/7/21,262.8,262.8,260.7,262.6,10173.36,26.62909664
2014/7/22,262.99,262.99,260.3,261.09,14669.44,38.36088954
2014/7/23,261.99,262,260.6,261.17,18456.62,48.1588893
2014/7/24,261.2,261.85,258.4,258.85,13079.5,33.87686171
2014/7/25,259.25,259.3,257.35,257.85,8759.84,22.58604498
2014/7/28,257.85,260.15,257.85,259.75,15472.58,40.1931181
2014/7/29,259.75,260.4,259.6,259.85,18315.3,47.59301028
2014/7/30,260.32,260.32,258.31,258.4,17823.7,46.08675801
2014/7/31,258.4,258.4,257,257.79,9663.9,24.9091631
2014/8/1,257.8,257.8,255.2,255.65,13507.2,34.51017247
2014/8/4,256.95,258,256.95,257.63,10982.94,28.27758177
2014/8/5,257.8,257.8,256.1,256.81,11307.3,29.03598391
2014/8/6,256.99,257,255.5,256.45,19746.96,50.74494253
2014/8/7,256.8,265.5,256.8,258.71,14664.6,37.98858873
2014/8/8,258.7,261.77,258.52,261.1,9711.04,25.32671144
2014/8/11,260.9,260.9,258.75,259.37,10599.98,27.45553962
2014/8/12,259.2,260,258.6,260,13103.62,34.0542751
2014/8/13,260,261,259.35,259.61,15167.94,39.39815255
2014/8/14,259.61,260.5,259.61,260.39,11499.42,29.89522736
2014/8/15,260.75,260.75,259.7,260.14,14164.96,36.82357965
2014/8/18,258.41,259,257,257.5,13753.88,35.42799178
2014/8/19,257.5,257.75,257,257,16398.12,42.23863988
2014/8/20,257.2,257.2,256.4,256.4,14460,37.06823715
2014/8/21,257.5,257.5,253.39,253.85,14874.02,37.97233464
2014/8/22,253.99,254.2,253,253.91,16580.72,42.09545267
2014/8/25,254,254.78,253.3,253.3,15718.62,40.01784198
2014/8/26,253.79,255.9,253.4,255.77,16253.84,41.35861488
2014/8/27,256,256,254.4,254.95,18146.96,46.19899783
2014/8/28,256,256,254.1,255.15,16555.58,42.18811371
2014/8/29,256,256,254.9,255.04,9532.46,24.31987128
2014/9/1,255.49,255.49,254.41,255.14,22981.64,59.2746604
2014/9/2,255.7,255.7,252.2,252.84,14839.6,37.64527715
2014/9/3,251.99,252,250.7,251.25,17012.92,42.76628843
2014/9/4,252.6,252.6,250.8,250.91,15272.46,38.56666284
2014/9/5,251.44,252,249.6,250.25,13288.58,33.30792052
2014/9/9,250.25,250.25,248.18,248.18,14277.64,35.47070772
2014/9/10,248.45,248.6,246.01,248.46,13515.28,33.55129354
2014/9/11,247.95,247.95,246.5,247.19,12707,31.36673524
2014/9/12,247.19,247.19,243.8,245.21,12573.28,30.77401344
2014/9/15,245,245.45,243.3,244.8,17376.92,42.51238603
2014/9/16,245.8,245.8,244.4,245.4,25037.7,61.89033964
2014/9/17,245.99,246,244.7,245.32,21889.54,53.70244463
2014/9/18,245,245.44,242.33,242.33,24015,58.39077877
2014/9/19,242,243.49,241.5,242.01,20362.56,49.30922521
2014/9/22,242.69,243.45,239,239.03,23028.8,55.28678475
2014/9/23,241.48,241.48,239.8,240.9,22080.02,53.35667316
2014/9/24,245.48,245.48,241.51,242.5,19239.68,46.58150883
2014/9/25,242.5,242.5,239.25,239.27,27730.28,67.06040231
2014/9/26,239.53,244,239.39,242.76,32596.78,79.15921152
2014/9/29,241.98,241.98,240.39,240.97,30934.5,74.57734801
2014/9/30,242,242,241.08,241.24,14498.38,34.9909549
2014/10/8,241,241.4,240,241.26,23153.54,55.72025283
2014/10/9,241.25,242.95,239.52,242.59,18312.38,44.38117503
2014/10/10,243.99,243.99,241.65,241.75,17720.62,42.87926195
2014/10/13,242.45,244.29,241.6,243.64,21616.14,52.70690911
2014/10/14,242.99,244.1,242.5,243.58,19388.58,47.28064079
2014/10/15,243.99,244.3,242,242.12,21961.42,53.32517877
2014/10/16,244,245.4,242.7,244.41,20063.56,49.09438856
2014/10/17,245.66,245.66,244,244.89,22112.34,54.07051535
2014/10/20,244.98,245.2,243,244.79,17174.1,41.97319676
2014/10/21,246.69,247,244.81,246.99,21017.78,51.66051541
2014/10/22,249.99,249.99,245.39,245.39,21307.8,52.46170684
2014/10/23,245.99,245.99,244.7,244.85,22397.98,54.86347701
2014/10/24,244.8,244.8,242.01,242.42,17056.04,41.36577005
2014/10/27,242.9,243.49,242.1,242.22,22316.58,54.0937275
2014/10/28,242.49,242.49,241.51,241.82,23206.7,56.32008107
2014/10/29,242.45,242.99,241.8,241.83,23042.44,55.75616402
2014/10/30,242.25,242.25,237.1,237.41,20506.4,48.89239985
2014/10/31,239.38,239.38,230.05,230.44,15329.84,35.87063961
2014/11/3,231.49,231.49,227.5,230.93,21051.36,48.38697502
2014/11/4,231.49,231.49,229.46,229.5,18921.06,43.47792972
2014/11/5,230.5,230.5,225.38,225.9,24258.84,55.22762024
2014/11/6,223.49,230,223.25,225.38,26880.46,60.45893791
2014/11/7,225.38,225.61,223,225.3,19045.84,42.72239345
2014/11/10,225.99,232.5,225,230.71,21726.12,50.12098365
2014/11/11,230.09,230.39,226.6,227.79,23544.58,53.66677911
2014/11/12,229.5,230.63,227.5,230.39,28470.7,65.56336055
2014/11/13,230.1,230.45,228.4,228.89,28176.1,64.66667494
2014/11/14,229.4,230,227,227.2,23020.56,52.55927334
2014/11/17,228.3,236,226.5,234.57,31667.9,74.3000995
2014/11/18,234.89,235,233.55,234.4,34637.78,81.13672308
2014/11/19,236.1,237,234.8,235.2,16585.96,39.18008313
2014/11/20,236.49,236.49,232,233.8,25607.22,59.71123721
2014/11/21,234.99,235.99,233.8,235.41,27247.56,64.0942836
2014/11/24,234,238,234,237.15,22269.9,52.82644836
2014/11/25,236.6,237.38,236.36,237,22089.14,52.36003425
2014/11/26,237.98,237.98,235.8,237.39,27009.44,64.04748766
2014/11/27,237.5,237.5,235.7,236.42,28977.04,68.63440161
2014/11/28,237.2,237.2,233.5,235.5,19419.58,45.58951935
2014/12/1,235,235,226.61,228.84,18452.74,42.09706521
2014/12/2,231.58,240.05,230.02,238.86,15734.96,37.66409732
2014/12/3,238.98,238.98,236.6,237.65,23621.08,56.23308631
2014/12/4,238.98,239.68,237.76,238,19555.96,46.78828983
2014/12/5,238.5,240.1,237.1,239,17647.64,42.09876305
2014/12/8,239,239.5,236.4,236.99,15413.96,36.48663905
2014/12/9,237.4,240.55,236.7,240.38,25723.6,61.72434261
2014/12/10,239.38,246.25,239.05,246.15,30764.36,75.76193766
2014/12/11,245.5,245.78,243,243.17,28318.4,69.03781056
2014/12/12,243.79,244.5,242.42,242.9,29873.5,72.79637716
2014/12/15,243.01,244.2,241.99,243.1,21296.58,51.713059
2014/12/16,242.5,242.99,238.35,239.09,26920.68,64.36535881
2014/12/17,241.49,243,237.35,239.3,26886.84,64.28692252
2014/12/18,240.49,240.7,238,240.35,37281.08,89.52777491
2014/12/19,241,241.68,239.5,240.93,26022.92,62.62346637
2014/12/22,239.6,240.49,239.5,240.25,23684.08,56.92081248
2014/12/23,240.99,240.99,236.3,236.95,28751.82,68.08058086
2014/12/24,236.5,236.99,236,236.57,25582.3,60.54417532
2014/12/25,236.8,236.8,235.95,236.69,14981.46,35.49191832
2014/12/26,236.69,238.4,236.36,238.2,22403.86,53.16545955
2014/12/29,240.49,240.49,238.22,239.96,15238.54,36.6243463
2014/12/30,239.85,239.85,237.4,237.42,18426.88,43.9213924
2014/12/31,237.42,241.1,237,240.59,9588.88,23.05292613
2015/1/5,240.6,240.68,238.8,240.6,21528.72,51.6397096
2015/1/6,240.99,242.6,239,242.5,32861.86,79.5390601
2015/1/7,242.5,244.5,241.8,243.14,27654.52,67.3713027
2015/1/8,243.4,243.6,242.3,242.75,30109.08,73.19201876
2015/1/9,242.75,243.63,241.9,242.92,27755.26,67.43229831
2015/1/12,243.59,246.09,242.7,245.8,27393.16,67.25065653
2015/1/13,245.5,247.65,244.2,247.38,25221.36,62.31959269
2015/1/14,248,248.1,244.9,247.7,25760.46,63.242287
2015/1/15,247.5,248,244.95,245.01,32999.96,81.00298744
2015/1/16,249.63,252,248.1,252,28888.3,72.73145873
2015/1/19,253,256.1,252,255.8,30657.82,78.3772671
2015/1/20,256.75,256.75,255,255.99,31205.08,79.60207699
2015/1/21,257.9,261.3,257.21,260.29,28268.92,73.52242148
2015/1/22,260.97,261.19,256.5,257.28,25090.72,64.68778473
2015/1/23,258,260.8,256,259.8,21980.82,57.01848281
2015/1/26,260.49,260.87,258.1,260.8,21728.42,56.55164329
2015/1/27,260,260,256.9,258.39,25389.96,65.39746985
2015/1/28,258.99,260,257.76,259.16,24076.3,62.47307137
2015/1/29,260.78,260.78,257.3,257.5,19037.36,49.10090868
2015/1/30,257,257,250.18,253.19,18693.26,47.45092564
2015/2/2,254.5,258.2,253.2,257.94,22814.84,58.83777804
2015/2/3,258.98,265,255.7,258.26,22002.54,56.65830843
2015/2/4,259.49,259.49,253.4,254.7,33209.82,84.47472214
2015/2/5,255.95,256.7,254,255.26,35349.88,90.55375751
2015/2/6,254.36,255.9,253.8,254.93,24830.48,63.26612328
2015/2/9,255.49,255.49,249,249.74,34342.1,86.1743672
2015/2/10,249.99,250.61,249.2,250.28,43214.84,108.4376583
2015/2/11,249.45,249.5,248.2,248.88,36719.32,91.54638322
2015/2/12,249,249,245.7,245.9,45636.94,113.249032
2015/2/13,246.85,247.76,245.8,247.6,38339.72,95.05829903
2015/2/16,246.45,248.6,246.45,248.6,29366.36,72.88582654
2015/2/17,249.4,249.4,246.9,247.23,7239.68,17.95665718
2015/2/25,247.2,247.2,244,244.52,19194.48,46.91826321
2015/2/26,244.8,244.8,243.4,244.59,25912.94,63.34671617
2015/2/27,245.8,246.47,244,244.83,22171.86,54.38419197
2015/3/2,243.91,247.49,243.91,247.39,23367.26,57.79543101
2015/3/3,246.25,247,242.3,245,28335.44,69.58268864
2015/3/4,245.97,245.97,243.15,244.18,23798.58,58.34376719
2015/3/5,244.85,244.85,242.8,243,25664.6,62.50653303
2015/3/6,243.99,244,242,242.31,28635.24,69.71598973
2015/3/9,243,243,236.5,237.4,25241.2,60.28532458
2015/3/10,237.85,237.85,234.65,235.45,47771.24,113.5455181
2015/3/11,235.6,236.48,234.73,235.3,34494.24,81.18228147
2015/3/12,234.5,235.9,232.41,235.79,34338.96,80.72605812
2015/3/13,234.99,234.99,233.2,234.64,40296.5,94.45739375
2015/3/16,234.4,235.3,233.2,234.85,35339.48,83.41249974
2015/3/17,234.6,234.71,233,233,30261.2,71.48477782
2015/3/18,233,234,230.4,231,34623.64,80.26390172
2015/3/19,231.5,236.9,230.9,234.49,39532.06,92.80746631
2015/3/20,233.9,235,232.6,234.5,33338.2,78.11307826
2015/3/23,235,237.1,234.4,236.68,19933,47.14253656
2015/3/24,237,238.2,236.8,237.73,33759.76,80.29237659
2015/3/25,238.95,239,237.7,238.19,32363.24,77.02244403
2015/3/26,238.3,241.1,238.3,241.04,46517.28,111.957488
2015/3/27,241.04,243,240.5,240.5,43864.52,105.673908
2015/3/30,241.49,241.49,237.7,238.74,40811.14,97.89376448
2015/3/31,237.8,237.98,235.55,235.55,30847.44,74.02427818
2015/4/1,237.5,237.5,236.3,236.69,24907.06,58.98741297
2015/4/2,236.5,240.97,236.5,240.3,32849.92,79.02775929
2015/4/3,241,241,238.2,239.4,18152.82,43.44132327
2015/4/7,241,241.97,241,241.41,17339.6,41.90144116
2015/4/8,241,241.95,240.6,241.9,18805.34,45.68572086
2015/4/9,241.45,241.45,238,238.5,39691.16,94.80270235
2015/4/10,239.99,239.99,238.3,238.89,33342.66,79.64556048
2015/4/13,240.01,242.36,239.5,241.34,36515.12,88.00303743
2015/4/14,239.89,241.5,238.5,239.09,38738.68,92.79086393
2015/4/15,239,239.89,237.5,238.33,30749.7,73.4480421
2015/4/16,239.48,240.98,238.05,240.3,30661,73.74610121
2015/4/17,240.39,241,239.03,240,26549.36,63.67506865
2015/4/20,240.3,241.99,239.88,241.79,27532.4,66.33912115
2015/4/21,241.79,241.79,238.42,238.57,31718.9,76.26551224
2015/4/22,240.2,240.5,239,240,27515.98,66.06138116
2015/4/23,239.99,239.99,236.66,236.99,35047.26,83.23170291
2015/4/24,237.32,238.88,237.01,238.8,25401.28,60.68101445
2015/4/27,238.45,238.45,235.01,236.8,25581.78,60.83246314
2015/4/28,236.8,240.65,236.8,240.5,33696.6,81.0415768
2015/4/29,240.95,242,240,241.49,39756.66,96.57314374
2015/4/30,241.48,242.3,239.88,239.93,13780.96,33.15882868
2015/5/4,238,238,236.01,236.97,19936.88,47.31370174
2015/5/5,236.99,239,236.7,237.73,16846.82,40.04775828
2015/5/6,238.49,239.2,238.02,238.78,21420.24,51.60147332
2015/5/7,238.4,239.18,236.6,236.89,30194.58,72.36797633
2015/5/8,237.49,237.69,236.38,237.65,22803.68,54.09385367
2015/5/11,237.59,238.88,236.71,237.17,27102.34,64.42732031
2015/5/12,237.89,238.2,236.46,236.9,30047.7,71.38500538
2015/5/13,238.58,239.05,237.6,238.98,40184.44,96.31792488
2015/5/14,239,242.9,238.8,242.83,29009.68,70.24816436
2015/5/15,243,244.05,242.22,243.56,28062.24,68.36454936
2015/5/18,242.51,246.08,242.51,245.37,23093.28,56.554963
2015/5/19,245.6,245.6,243.5,243.55,23051.12,56.26540847
2015/5/20,243.21,243.99,240.6,241.17,30356.72,73.45774702
2015/5/21,242.1,242.3,241.55,241.79,33541.58,81.30027492
2015/5/22,241.6,241.85,240.5,241.74,30405.24,73.29731896
2015/5/25,242.15,242.15,240.35,240.5,17778.66,42.7852744
2015/5/26,240,241.25,238.9,239.16,30664.36,73.93290359
2015/5/27,239.75,239.75,237,237.65,33937.12,81.21818897
2015/5/28,237.79,237.8,237,237.25,27420.84,65.1330495
2015/5/29,237.95,237.95,236.41,237.59,14407.44,34.39159337
2015/6/1,237.88,238.2,236.6,236.79,16756.3,39.7937574
2015/6/2,237.39,239.7,236.6,237.4,15256.32,36.38426593
2015/6/3,238.08,238.8,237.3,237.52,19707.64,47.00112264
2015/6/4,238,238.45,235.8,235.94,24159.34,57.55257092
2015/6/5,236.63,236.68,234.8,235,19972.68,46.99848989
2015/6/8,235,235.49,233.2,234.7,22998.36,54.10337526
2015/6/9,235,235.5,234.2,235.18,23482.66,55.28699268
2015/6/10,236.46,236.95,235.18,236.85,39815.18,94.04141923
2015/6/11,236.9,238.1,236.41,236.49,33526.86,79.58273522
2015/6/12,236.38,236.8,235.5,236.41,23520.38,55.76657056
2015/6/15,236.55,236.89,235.6,236.7,42035.9,99.35084183
2015/6/16,236.7,237.8,235.9,237.3,33926.12,80.70988961
2015/6/17,236.8,236.95,235.2,235.6,31262.18,73.88901705
2015/6/18,235.75,237.5,235.2,237.5,34892.88,83.55789566
2015/6/19,238.97,239.99,238.5,239.4,30920.8,74.16771367
2015/6/23,237.6,237.6,236.75,237.32,41886.2,99.72330161
2015/6/24,236.99,236.99,234.9,235,41424.86,97.81463956
2015/6/25,235.99,235.99,234.4,235.1,38521.88,91.32051849
2015/6/26,235.1,235.7,234.1,234.98,58867.46,138.7879226
2015/6/29,235.77,237,234.4,235.56,38711.8,91.5501301
2015/6/30,235.98,236,234.5,234.94,26363.86,61.98642167
2015/7/1,234.8,235.2,233.6,234.38,26027.42,61.04520923
2015/7/2,233,234.5,232.7,232.73,27151.66,63.32976797
2015/7/3,232.72,233.9,231.5,233.77,25315.48,59.11845525
2015/7/6,234.39,234.39,233.2,233.69,23850.04,55.70386899
2015/7/7,233.65,234.2,232.7,233.89,23628.86,55.47233375
2015/7/8,233.7,233.7,229,229.13,30851.38,71.74275543
2015/7/9,230.5,233,229.96,232.64,34097.5,79.18937865
2015/7/10,232.64,233.02,220.01,232.77,28715.5,66.98317899
2015/7/13,232.3,233.3,231.4,231.4,36056.58,83.77579287
2015/7/14,231.7,231.99,230.6,230.8,31740,74.32514122
2015/7/15,231.99,231.99,231,231.29,31006.16,71.68609294
2015/7/16,231.01,231.6,229.4,229.6,45358.26,104.4530796
2015/7/17,228.09,238.7,228.09,229.19,28129.98,65.07173093
2015/7/20,229.95,229.95,219,223.52,32907.4,73.67936436
2015/7/21,223,224.4,220.8,221.7,28790.28,63.67060178
2015/7/22,221.52,222.09,218.5,218.9,30309.72,66.70019481
2015/7/23,219.2,220.5,217.65,219.55,27981.74,61.52526493
2015/7/24,220.99,220.99,216.15,217.19,23413.34,51.04830402
2015/7/27,216.6,221.4,216.4,221.38,28872.06,63.66846529
2015/7/28,219.99,220.5,218.7,219.53,22906.26,50.61495772
2015/7/29,219.53,221,219.1,219.56,24375.64,54.38841798
2015/7/30,219.56,219.87,216.82,217.51,41305.22,90.18407722
2015/7/31,218,218.6,216.65,216.87,16127.86,35.02081753
2015/8/3,216.5,220,216.5,219.3,21338,46.78916934
2015/8/4,218.8,219.01,216.4,218.14,31873.64,69.32574934
2015/8/5,219.49,219.49,217.1,217.61,29887.98,65.05912494
2015/8/6,218,218.5,217.08,217.59,26007.66,56.57648319
2015/8/7,218.18,219.5,217.3,218.7,23515.94,51.32795512
2015/8/10,210.79,219.97,210.79,219.95,27192.88,59.64190503
2015/8/11,220.49,224.99,217,224.99,26761.54,59.8038911
2015/8/12,227.49,233.1,225.03,232.24,30572.2,70.81115733
2015/8/13,232.85,233.8,231,231,28473.6,66.24948856
2015/8/14,231.8,231.8,229.5,230.6,30744.4,71.01254336
2015/8/17,231,231.49,229.35,230.7,28806.1,66.39877213
2015/8/18,230.89,231.5,230,231.04,25259.62,58.38839828
2015/8/19,231.04,231.8,229.3,231.79,35208.88,82.10849915
2015/8/20,231.99,235.58,231.01,234.7,30456.54,71.87489628
2015/8/21,235.99,241.82,235,238.02,27605.94,66.19457357
2015/8/24,238,240.16,237.1,239.58,26979.8,64.5727323
2015/8/25,239.6,241,237.2,237.86,32564.82,77.74915648
2015/8/26,238.49,238.5,234.88,235.78,30347.94,71.54000699
2015/8/27,235.78,235.78,231.8,233.17,21908.74,51.85206589
2015/8/28,233.49,234.51,232,233.2,24827.2,58.15736889
2015/8/31,233,234.8,232.5,233.75,33165.78,78.23847363
2015/9/1,234.49,235.1,232,234.6,30208,72.03879398
2015/9/2,234.65,235.51,233.69,234.9,32292.42,75.76683227
2015/9/7,234.9,234.9,230.6,231,31636,73.33592814
2015/9/8,231.49,238,230,230.58,32962.06,76.67580064
2015/9/9,231.5,231.71,230.67,231.1,30428.58,70.5429272
2015/9/10,231.99,231.99,227.7,228.09,29975.24,68.50447884
2015/9/11,229.3,229.3,227.8,228.35,28343.8,65.00375286
2015/9/14,231.5,231.5,226.8,227.99,26851.82,61.42479716
2015/9/15,228.49,228.7,227.3,227.94,30113.72,69.67149472
2015/9/16,229.49,229.49,227.3,228.02,34284.98,78.17646382
2015/9/17,229.49,280,227.69,230.44,30144.68,69.80726671
2015/9/18,230.25,232.68,230,231.96,36921.12,86.4191928
2015/9/21,232.12,234.23,232.12,234,25662.58,60.05312039
2015/9/22,234,234,224,233.4,29951.38,69.80353153
2015/9/23,232.99,233,231.5,232.51,27497.64,64.0719368
2015/9/24,233,234.4,232.5,233.84,30407.88,71.14965311
2015/9/25,234.98,237.2,233.88,235.24,16909.64,39.96775325
2015/9/28,235.24,235.6,233.6,233.7,26253.82,61.95077305
2015/9/29,233,233.3,230.55,230.56,25823.18,60.00792685
2015/9/30,231.99,232,229.75,230.5,10049.88,23.17460586
2015/10/8,230.5,235,230.5,235,17231.66,40.35812832
2015/10/9,235,235.2,233.22,234.77,26675.32,62.62762393
2015/10/12,235.99,237.78,235.04,237.2,28576.3,67.83106549
2015/10/13,238.8,238.8,235.55,236.3,22348.84,52.76925699
2015/10/14,237.9,239.95,235.7,239.84,24070.82,57.64483636
2015/10/15,239.81,242.22,238.15,241.4,41870.96,101.1632729
2015/10/16,241.4,242.5,239.1,240.56,24288.96,58.49943773
2015/10/19,240.5,241.5,239.5,239.5,27237.16,65.43851946
2015/10/20,239.5,240.5,238.9,240.1,30411.24,72.83069276
2015/10/21,241,241,239.6,240.31,26631.86,64.11682071
2015/10/22,240.99,240.99,238.3,239.03,24339.14,58.11136834
2015/10/23,239.03,240.5,238.5,240.49,24434.76,58.55679179
2015/10/26,241.48,241.48,238,238.3,27270.98,65.05159705
2015/10/27,238.3,239.34,238.3,238.45,25923.1,61.85208269
2015/10/28,239.29,240.25,238.12,240,21272.4,50.99185787
2015/10/29,241,242.1,237,237.3,23525.68,55.96516136
2015/10/30,238.49,238.49,233.9,233.91,23462.84,55.04317416
2015/11/2,235.5,235.5,232,233.3,19614.92,45.70166388
2015/11/3,233.98,233.98,231.9,232.13,29609.44,68.73873171
2015/11/4,231.8,231.99,228.72,228.74,34817.6,79.87352081
2015/11/5,229.98,229.98,226.85,227.01,25547.64,58.10811642
2015/11/6,227.79,227.8,226.98,227.31,22197.9,50.43011052
2015/11/9,227.95,227.95,223.25,224.39,22178.92,49.79526981
2015/11/10,225.45,244,223.8,224.24,27374,61.5255041
2015/11/11,225,225,223.1,224.47,25932.48,58.15709741
2015/11/12,224.85,224.85,223.4,223.4,26828.28,60.01442022
2015/11/13,224.95,224.95,221.5,223.35,29675.44,66.23622622
2015/11/16,224.35,226,223,225.5,30703.1,69.19188838
2015/11/17,225.29,225.5,222,222.16,29693.46,66.18155592
2015/11/18,222.74,223.15,219.75,220.92,28081.66,62.21399262
2015/11/19,220.07,222.2,220.07,221.59,24294.9,54.11479491
2015/11/20,221.89,223.69,220.3,223.1,21967.48,49.04504189
2015/11/23,223.85,224,220,220.83,29012.86,64.56515355
2015/11/24,221.83,221.83,220.5,221.44,27717.24,61.28336656
2015/11/25,221.96,222.99,221.3,222.84,20779.42,46.2809337
2015/11/26,222.49,222.49,220.8,221.85,26288.7,58.42280185
2015/11/27,222,222,220.3,220.78,23490.18,51.94873292
2015/11/30,220.58,220.58,217.6,218.02,16238.24,35.40363602
2015/12/1,218.99,222,218,221.54,21694.8,48.42839401
2015/12/2,221.75,221.75,220.26,220.54,28593.56,65.00524664
2015/12/3,220.4,220.55,216.6,218.18,29358.28,64.0314395
2015/12/4,217.75,219.97,217.19,219.96,17949.54,39.48870069
2015/12/7,222.48,225,217,224.99,17580.16,39.43004078
2015/12/8,224.63,225,221.33,224.89,16582.66,36.88744
2015/12/9,222.99,223.88,221.6,223.28,26835.54,60.26584349
2015/12/10,223.92,225.2,222.7,222.8,33931.92,75.73448443
2015/12/11,223.47,223.47,221.65,223.02,23007.32,51.46189313
2015/12/14,222,224.6,221.81,224.06,23386.64,52.45036812
2015/12/15,224.49,224.5,221.6,221.65,28718.48,63.84155448
2015/12/16,222.45,222.6,221.5,222.3,26158.78,58.41534883
2015/12/17,222.29,224,222.25,223.13,36648.72,82.41739351
2015/12/18,222.99,223.39,220.5,221.4,30091.68,66.6420052
2015/12/21,221.67,224.08,221.4,223.94,26013.82,58.55273206
2015/12/22,224,225.45,223.5,225.19,33050.38,74.28085714
2015/12/23,225.35,225.56,224.1,224.6,22915.72,51.55815619
2015/12/24,224.5,224.78,223.9,224.73,28000.86,63.12667653
2015/12/25,224.73,225.4,224.31,225.14,18040.04,40.61386921
2015/12/28,225.94,226,224.1,224.94,28704.16,64.47818017
2015/12/29,224.8,224.99,224.01,224.72,50052.5,112.4637555
2015/12/30,224.72,225,224,224.45,37500.9,85.89397458
2015/12/31,223.79,233.33,222.05,222.86,17181.56,38.31560425
2016/1/4,222.86,225,222.81,224.77,19057.54,42.74294326
2016/1/5,225.59,227.1,225.01,226.65,18831.96,42.64012031
2016/1/6,227.99,230,226.11,228.09,24511.94,55.82322594
2016/1/7,229.5,234.65,229.06,233.24,28639.2,66.85183157
2016/1/8,234.49,235.29,231,233.54,31575.88,73.8248814
2016/1/11,234.5,235.1,233,234.89,26686.56,62.73979197
2016/1/12,234.5,234.5,231.55,232.51,34298.08,79.90665268
2016/1/13,232.51,232.51,229.13,229.27,30346.9,70.15752
2016/1/14,230.48,232.44,228.6,231.41,37719.86,87.35915758
2016/1/15,231.99,232,229,230.5,30703.16,71.3656127
2016/1/18,230.49,232.1,230.49,231.7,46797.88,108.3629001
2016/1/19,231.8,231.8,230.37,231.3,35133.48,81.40337276
2016/1/20,230.7,232.3,230.25,232.3,44583.52,104.6105111
2016/1/21,232.99,234.28,232,234.17,46437.9,109.1447906
2016/1/22,233.6,234,232.3,232.5,25136.46,59.54739467
2016/1/25,233.35,234,232.51,233.69,30079.52,70.20241115
2016/1/26,234,237,233.81,237,24774.34,58.59271875
2016/1/27,236.5,237.99,236,237.09,44392.32,105.4982114
2016/1/28,236.81,237.8,236.7,236.79,31312.9,74.57687881
2016/1/29,237.98,237.98,235.9,236.48,16733.9,39.5282748
2016/2/1,235.85,238.11,235.6,238.09,25687.74,61.47145788
2016/2/2,239.5,239.5,237.8,238.5,28467.18,68.06018631
2016/2/3,238.48,239.55,238.4,238.5,29460.46,70.95894004
2016/2/4,239.15,242,239,241.8,18650.14,45.28925324
2016/2/5,242.99,244.5,242.4,243.94,13167.16,31.9224263
2016/2/15,250,259.95,245,253.7,22885.22,58.25379223
2016/2/16,252.55,253.6,250.2,251.39,19818.42,49.9285441
2016/2/17,251.39,254.4,251.39,254,13695.52,34.64943746
2016/2/18,252.99,253.78,252.55,253.05,18887.04,47.88702351
2016/2/19,253.49,258,252.55,256.65,19918.82,51.00479601
2016/2/22,257.99,258.9,254.85,254.86,16277.18,41.60354709
2016/2/23,253.01,256.26,251,256.15,21692.1,55.40651841
2016/2/24,256.99,258,255.3,256.98,25787.16,66.38115375
2016/2/25,259,263.3,258,260.32,26028.6,67.30634377
2016/2/26,260.99,260.99,258.12,260.41,20185.44,52.43790087
2016/2/29,260.85,260.85,255.6,258.86,22305.2,57.70984468
2016/3/1,258,262.7,181.2,261.12,15868.64,41.28435109
2016/3/2,262.45,262.8,258.5,258.66,25460.12,65.96964298
2016/3/3,260.49,261.5,259,261.47,30998.08,80.4743703
2016/3/4,261.99,265,261,264.74,16638.66,43.55267221
2016/3/7,265.5,267.8,263,265,20861.8,55.18828218
2016/3/8,265,266.61,264.8,266.29,27857.54,74.02586252
2016/3/9,266.75,266.75,262.4,263.75,33658.08,88.10458955
2016/3/10,263.5,263.55,260.9,261.43,46216.68,119.9871466
2016/3/11,262.99,268,259.6,264.97,19981.96,53.00255383
2016/3/14,264.97,265.75,261.95,262.08,21646.3,56.69289911
2016/3/15,262.99,263.49,257,257.69,36184.86,93.41879061
2016/3/16,258.65,259.49,257.2,259.09,28252.7,72.52747834
2016/3/17,258.15,263.95,258,263.86,34091.62,88.87029486
2016/3/18,264,264.49,262,262.46,24870.26,63.62148019
2016/3/21,262.58,262.58,259.2,259.71,17791.16,46.40697657
2016/3/22,260.44,262.22,259.5,262.1,20463.32,52.70069006
2016/3/23,261.8,262.5,257.6,258.25,25588.18,66.00743644
2016/3/24,257.81,257.99,254.33,255,28906.68,73.78393189
2016/3/25,255.99,256.8,255.6,256.05,22497.94,57.1483888
2016/3/28,255.98,256.8,253.93,255.78,21759.12,55.52047471
2016/3/29,255.95,256.47,255,255.02,33254.98,84.96856265
2016/3/30,255.02,259.32,255.02,258.68,27689.44,71.541361
2016/3/31,258.5,262.8,255.3,255.7,13197.78,33.58318768
2016/4/1,256.77,257.19,255.81,257,11421.84,29.11893564
2016/4/5,257,257,254.96,255.45,30901.8,75.25386852
2016/4/6,256.98,257.1,255.68,255.99,16063.42,40.89001466
2016/4/7,255.45,256.56,255,255.64,19085.78,48.81847691
2016/4/8,257,258.45,256.52,257.3,20021.36,51.27819509
2016/4/11,257.49,261.05,257,260.97,20295.1,52.80892671
2016/4/12,260,262.63,259.98,261.3,31152.8,81.0500729
2016/4/13,262.99,263,259.8,259.8,25629.2,65.20964849
2016/4/14,259,260.47,257,257.99,23453.2,59.7235449
2016/4/15,258.99,258.99,256.2,256.95,25187.32,64.52238041
2016/4/18,257.99,258.5,256.3,258.28,29098.16,74.53659715
2016/4/19,258.99,260.02,256.7,259.9,26826.14,67.85490796
2016/4/20,259.8,262,259.6,260,30927.74,80.46202952
2016/4/21,260.5,263,259.5,262.74,49627.52,128.9643437
2016/4/22,263,264.7,259.8,260.44,19737.58,51.47998622
2016/4/25,260.3,261,257.5,259.06,29014.2,74.50305616
2016/4/26,259.3,259.79,258,258.4,21459.86,55.53087438
2016/4/27,257.7,260.84,257.5,260.67,34442.76,89.29718354
2016/4/28,256.29,262.2,255.5,261.5,21765.5,56.76262189
2016/4/29,260,266.7,260,266.32,15596.66,41.37990191
2016/5/3,267,270.8,266.35,270.69,11192,30.16994381
2016/5/4,275,275,267.8,268.35,24332.92,64.60192372
2016/5/5,269.49,269.72,267.2,267.6,26685.08,71.00900855
2016/5/6,268,269.19,266.2,268.23,16573.26,43.98614296
2016/5/9,268.6,270.9,267.5,268.1,23151.74,62.17317632
2016/5/10,267.5,267.79,265,266,35177.2,91.15721429
2016/5/11,264,267.34,260.99,267.03,28681.86,75.45675537
2016/5/12,267.99,267.99,266.17,266.4,25654.26,68.12117121
2016/5/13,267,268.2,265.62,267.49,19509.74,51.88101015
2016/5/16,267.95,269.7,266.3,269.35,27012.52,72.65346539
2016/5/17,269.34,270.4,267.7,267.89,28415.52,76.22508694
2016/5/18,268,268.95,267.5,267.93,36369.56,97.1393686
2016/5/19,268.3,268.4,264.1,264.5,32643.7,85.57187853
2016/5/20,264,265,262.9,264.51,26127.52,68.88616803
2016/5/23,265.88,265.88,263.6,264.11,27147.88,71.5083987
2016/5/24,263.01,264.1,262.3,262.45,36155.46,95.49629692
2016/5/25,262.45,262.5,258.4,258.45,27182.46,70.16190366
2016/5/26,259,260.4,258.5,259.85,25198.22,64.91062256
2016/5/27,259.5,260.39,256.44,258.03,17021.12,43.57362262
2016/5/30,258.88,258.88,254.5,255.3,19759.86,50.4438305
2016/5/31,256.79,257.6,255.7,256.9,19787.9,50.87521429
2016/6/1,257.48,258.85,256.6,258.3,17347.9,44.09469109
2016/6/2,258.25,258.88,256.5,257.98,26672.12,68.38466255
2016/6/3,258.85,258.85,256.8,257.4,16367.54,42.07037007
2016/6/6,257.39,262.8,257.3,262.49,27084.46,69.22942803
2016/6/7,263,263.7,262,262.9,32831.54,84.48618453
2016/6/8,262.95,265.48,261.7,265.1,19212.62,49.72497856
2016/6/13,265.1,272.28,265.1,271.75,25732.64,69.55332805
2016/6/14,271.75,278,271,271.5,38777.26,102.3642133
2016/6/15,271.5,273.4,271.5,272.78,54823,145.6810785
2016/6/16,272.7,278.19,271.9,277.66,21906.46,59.44997428
2016/6/17,276.01,278.52,270.5,272.7,22323.46,60.22633501
2016/6/20,273.99,274.5,271.68,272,26537.46,71.86248749
2016/6/21,272,273.2,271.2,271.64,25924.62,70.51987306
2016/6/22,269,270.4,267.7,268.56,29038.82,76.78174659
2016/6/23,267.01,269.09,266.19,268.9,43901.52,117.2906916
2016/6/24,268.2,283.5,267.4,281.44,29026.82,79.29341463
2016/6/27,281.45,283.59,279.01,282.84,23556.26,66.22523924
2016/6/28,284,284,281.6,281.67,25471.4,71.01953852
2016/6/29,281.67,283.4,280.8,283,42300.56,116.5606274
2016/6/30,282.99,283.59,281.35,281.5,16564.94,45.62230709
2016/7/1,282.95,286.37,281.9,285.89,21480.5,59.95059656
2016/7/4,285,291.25,281,289.87,22421.86,64.69586682
2016/7/5,300,300,287.3,288.68,18314.04,52.02491692
2016/7/6,289.99,295.5,288.21,293.82,27635.62,78.59623765
2016/7/7,295.99,295.99,293.77,294.25,31974.32,92.77445711
2016/7/8,291.09,293.99,290.41,291.63,18208.48,51.98452136
2016/7/11,292.28,295.2,288,293,27659.32,81.26705446
2016/7/12,292.01,293.28,291.5,292.4,23508.52,68.62200103
2016/7/13,292,292,286.4,289.42,33471.1,96.42099865
2016/7/14,292,292,286.88,287.4,27228.38,78.47704778
2016/7/15,286.99,287.4,284.7,287.04,30075.16,83.80673827
2016/7/18,287.99,287.99,285.5,286.29,23269.84,66.69604627
2016/7/19,286,288.44,286,287.02,21611.54,60.81355791
2016/7/20,288.2,288.2,285.58,285.85,25981.66,74.51717903
2016/7/21,285.16,285.16,282.2,283.34,19341.5,54.17003623
2016/7/22,283.9,286.3,283,285,12231.46,34.5477819
2016/7/25,285.8,285.8,282.8,283.27,16607.08,46.92352483
2016/7/26,284.99,284.99,282.6,283.97,16024.6,45.27865434
2016/7/27,284,284.19,282.56,283.63,14467.68,39.95218746
2016/7/28,283.2,287.95,283.2,287.71,22448.04,63.44144186
2016/7/29,288.88,288.88,285.71,285.83,10606.58,29.68347931
2016/8/1,286.95,288.67,286,288.17,14321.58,40.89824664
2016/8/2,288.99,290.4,288.08,290.1,8437.26,23.54772011
2016/8/3,290.99,291.9,290.11,291.9,22726.9,63.87588922
2016/8/4,291.89,291.89,288.38,289.05,17259.94,49.69687952
2016/8/5,290.88,292.2,290.31,292.12,12291.44,35.35657562
2016/8/8,291.99,291.99,285.87,286.42,23001.3,64.10111777
2016/8/9,286.42,289,285.31,289,16803.12,47.95916491
2016/8/10,289,290.07,285.85,289.59,14970,42.49075723
2016/8/11,289.59,289.98,287.05,287.84,29189.32,81.99322386
2016/8/12,287.98,289.28,286.58,286.8,21594.64,57.76151752
2016/8/15,287.99,289.3,285.8,287.35,18762.48,53.73010015
2016/8/16,287.99,288.65,286.4,287.98,19383.16,54.23418918
2016/8/17,289.2,289.6,286.79,286.79,25321.7,72.72757546
2016/8/18,287.2,289.3,287,288.87,20227.88,57.95302579
2016/8/19,288.3,288.99,287.7,288.2,15392.24,43.89163841
2016/8/22,287.7,288.5,286.11,286.35,17898.08,51.1518649
2016/8/23,286.95,287.5,286.23,286.82,17281.6,49.5531643
2016/8/24,287.9,287.9,286.7,286.7,18278.78,50.4912077
2016/8/25,287.29,287.29,284.2,284.89,19823.08,55.83716636
2016/8/26,284.2,284.9,283.22,284.89,24873.92,69.4919719
2016/8/29,285.2,287.28,283.3,283.5,27683.24,76.6749634
2016/8/30,283.9,285,283,283.99,32914.84,92.75366654
2016/8/31,284.99,284.99,282.62,283.19,27405.84,74.46198323
2016/9/1,282.52,283.5,281.41,281.49,23131.46,65.36671551
2016/9/2,281.45,282.95,280.86,282.46,17254.46,48.57865523
2016/9/5,284.54,285.75,282.65,285.33,17154.42,48.20133044
2016/9/6,286.25,286.3,285.4,286.3,15159.76,43.09367699
2016/9/7,286.3,290.45,286,289.37,17072.52,48.61133339
2016/9/8,289.48,289.5,288.2,289.2,19153.84,53.2035448
2016/9/9,289.69,289.69,287.51,287.7,17508.94,49.07104825
2016/9/12,288.58,288.58,285.55,286.39,17075.14,47.89342065
2016/9/13,285.55,286.84,285.2,286.15,22355.44,63.73426615
2016/9/14,285.99,286.1,283.5,284.95,23202.9,65.29110061
2016/9/19,285.1,285.1,282.2,283.8,33847,92.87746585
2016/9/20,283.41,284,283.2,283.5,26190.92,72.70002992
2016/9/21,284.49,284.5,283,284.4,31431.44,86.14873076
2016/9/22,285.2,286.9,284.95,286.85,45960.26,129.6119003
2016/9/23,286.85,288.09,286.5,286.8,28135.32,75.33853704
2016/9/26,287.97,287.97,286.67,287.12,25181.06,71.36403749
2016/9/27,287.3,288,286.79,287.49,21046.7,59.31759652
2016/9/28,287.65,287.65,284.6,284.91,27710.56,78.07674219
2016/9/29,284.65,285.39,284.18,284.54,19885.96,55.89584119
2016/9/30,284.99,285.2,283.01,284.95,8584.6,24.40629534
2016/10/10,284.95,284.95,272,273.32,37426.76,102.0759311
2016/10/11,273.12,273.64,272.5,273.35,27839.38,74.81825457
2016/10/12,273.1,273.49,272.37,272.65,25029.26,67.11351097
2016/10/13,273.1,273.95,272,273.21,25369.24,69.03511723
2016/10/14,272.83,274,272.66,272.8,25493.02,68.82924633
2016/10/17,272.55,273.5,271.5,273.06,21052.3,57.11139401
2016/10/18,272.1,275,272.1,274.97,25245.52,68.3981629
2016/10/19,274.97,274.99,273.8,274.61,29494.06,80.72160115
2016/10/20,276.98,277.49,276,276,22850,61.91745711
2016/10/21,276.6,276.88,275.21,275.54,19130.98,50.74309619
2016/10/24,276.55,278.7,275.78,276.89,16992.6,46.86923906
2016/10/25,276.52,277.99,276.3,277.31,23001.7,63.0803827
2016/10/26,277.33,278.98,277.21,278.77,37080.86,102.0661658
2016/10/27,277.99,279.98,277.2,277.68,26773.16,74.33846679
2016/10/28,278.5,279,277.31,277.55,28421.72,79.04743288
2016/10/31,277.78,280,277,278.93,14204.18,39.537125
2016/11/1,279.4,280.2,278.4,280.11,22037.16,60.71802227
2016/11/2,281.99,282.85,280.55,282.57,21985.48,61.6789566
2016/11/3,283.49,284.78,282.85,283.73,15124.6,42.87224779
2016/11/4,281.5,284.18,281.5,282.94,16661.74,45.38338895
2016/11/7,283,284.8,281.31,281.38,16303.82,45.91037684
2016/11/8,281.3,282.99,280.1,280.7,14053.08,39.36050369
2016/11/9,283.97,289.9,279.22,288.38,18336.34,52.25808882
2016/11/10,288.3,288.3,282.15,282.6,32162.42,89.96846272
2016/11/11,282.5,282.89,276.1,278.47,21699.82,59.68822661
2016/11/14,278.35,280,268,271.99,25152.84,67.82962582
2016/11/15,272.75,273.78,270.1,273.69,23976.02,64.65044622
2016/11/16,273.69,275,272.3,273.26,25182.28,67.58053051
2016/11/17,273,275,273,273.45,19393.84,52.87007025
2016/11/18,273.8,273.95,270.02,270.7,24009.26,64.81950949
2016/11/21,271.85,272.88,270.6,272.8,22737.14,61.35909828
2016/11/22,273.8,273.8,272.1,272.41,16531.34,45.10085648
2016/11/23,273.7,273.7,272.11,273,13452.18,36.59669902
2016/11/24,272.55,273.49,270,270.4,13224.6,35.56326417
2016/11/25,270.99,270.99,264.51,269.36,20193.48,53.50494663
2016/11/28,269.99,271.86,268.46,270.59,14676.12,39.60399589
2016/11/29,270.68,271.88,268.6,268.69,15590.12,41.62002273
2016/11/30,268.61,269.35,266,267.91,20363.54,51.57836796
2016/12/1,267.5,267.99,263.2,265.54,17522.36,46.45361584
2016/12/2,265.39,265.5,263.75,265.34,27893.44,71.91990219
2016/12/5,265.1,267.24,264,265,14182.98,37.48593047
2016/12/6,265,266.2,263.98,264.69,16050.72,42.4646151
2016/12/7,265,265.47,264.1,265.45,16998.38,44.79078655
2016/12/8,265,268.5,264.8,268.49,23689.14,62.65524375
2016/12/9,268.3,268.3,265.1,266.49,29170.66,75.92175295
2016/12/12,265.26,265.86,264,265,25013.32,66.1198199
2016/12/13,264.55,265.4,264,265.34,23690.2,62.61413873
2016/12/14,265,265.95,264.2,265.93,30597.6,79.70847966
2016/12/15,265.93,266.7,262.2,263,27985.72,73.69970624
2016/12/16,262.6,263.3,261.7,262.11,37362.4,97.03860607
2016/12/19,262.45,263.5,262.02,262.76,35026.4,92.21458484
2016/12/20,262.88,263.7,261.42,262.06,28995.74,75.96760466
2016/12/21,262.4,262.65,258.6,260.97,28913.7,75.52041431
2016/12/22,261.18,261.18,259.05,260,17490.18,45.46686474
2016/12/23,258.95,260.37,258.7,260.07,29799,76.56282025
2016/12/26,260,261.5,259.8,261.4,23763.04,60.87024527
2016/12/27,261.4,262,260.6,261.67,37662.46,96.1958286
2016/12/28,262.5,262.9,260.11,261.91,22202.9,57.71113296
2016/12/29,261.6,263.2,260.8,262.99,32651.44,85.06994305
2016/12/30,262.84,265.8,261,263.9,14103,37.27135035
2017/1/3,264.04,265.2,258,263.65,25727.72,67.66719893
2017/1/4,263.99,265,263.2,264.87,39495.02,104.227384
2017/1/5,265.98,265.98,264,264.73,32353.82,85.41304246
2017/1/6,264.9,265.65,263.5,265.29,32280.3,83.41506569
2017/1/9,265.06,266,264.66,265.89,26863.94,70.42361013
2017/1/10,265.89,268.6,265.89,268.11,34177.86,89.10555132
2017/1/11,268.88,269.88,268,269.09,32032.88,85.22828875
2017/1/12,269,269.77,266.75,269.33,45750.66,122.5723256
2017/1/13,270.6,270.6,268.42,268.79,32794.32,87.33451276
2017/1/16,269,270.99,268.15,270.5,22754.42,60.87822894
2017/1/17,270.98,272.51,270,272.18,24975.78,67.2150647
2017/1/18,273,273,270.95,271.03,30412.26,81.37860163
2017/1/19,273,273,268,268.03,28088.6,74.61621344
2017/1/20,268.99,269.36,268,269.05,25057.2,66.51303382
2017/1/23,269.33,271,268.15,270.28,28536.9,77.00405295
2017/1/24,270.48,270.66,269.7,269.85,23837.2,63.56037984
2017/1/25,270.49,271.15,267.7,268.07,25750.9,68.65076982
2017/1/26,268.99,268.99,265.8,266.25,4662.76,12.1864558
2017/2/3,266.25,270.1,266.25,269.3,8327.82,22.39695585
2017/2/6,268.01,272.4,267.3,271.79,20912.82,56.83789041
2017/2/7,272.2,274.7,272.2,274.16,27291.04,74.57691749
2017/2/8,274.2,275.39,273.85,274.35,26036.56,71.53803956
2017/2/9,275.97,277.65,275.51,276.31,20488.9,56.42515588
2017/2/10,276.2,276.69,272.8,272.83,23756.46,65.03996568
2017/2/13,273.97,275.01,273.1,274.64,19591.2,53.75067768
2017/2/14,274.98,274.98,272.7,274.06,24930.48,68.11324696
2017/2/15,274.49,274.59,273,273.4,21005.64,57.43725333
2017/2/16,273.99,275.45,272.1,274.93,32060.84,87.70721945
2017/2/17,275.5,276.1,275.11,275.75,28661.64,78.18206992
2017/2/20,275.75,276.66,274.9,275.5,18287.06,50.182076
2017/2/21,276.49,276.49,275.01,275.55,23312.48,63.93317656
2017/2/22,274.86,276.45,274.5,275.6,19905.7,54.74680515
2017/2/23,276.48,276.48,275.3,276.2,50573.04,139.2204116
2017/2/24,276.59,279.84,276.01,279.63,43323.48,119.7104381
2017/2/27,281.2,281.2,278.81,280.6,21690.94,60.61967791
2017/2/28,280.4,281.9,279.45,281.83,16807.34,46.56236429
2017/3/1,280,280.35,277.4,278,20573,57.32850514
2017/3/2,278,279.43,277,278.35,20383.62,56.7742163
2017/3/3,278.49,278.5,275.7,276.23,25031.78,69.25862103
2017/3/6,275.5,277,275.39,276.54,32833,90.23780836
2017/3/7,276.5,276.9,275.3,275.37,24619.82,67.72750104
2017/3/8,275.9,275.9,273.71,273.79,22180.02,60.50529416
2017/3/9,274.6,274.6,271.8,272.22,27685.74,75.24355216
2017/3/10,272.69,273.49,270.2,270.41,22424.28,60.67974409
2017/3/13,271.78,274.15,270.12,272.9,39624.06,107.6840978
2017/3/14,271,273.88,270.15,271.3,30335.08,82.19844237
2017/3/15,272,272.1,271,271.51,28357.68,76.87220925
2017/3/16,271.4,276.2,271,275.89,30086.42,81.83745268
2017/3/17,275.02,276.48,275.01,275.62,31657.62,86.39821875
2017/3/20,275.62,277.2,275.62,277.07,22749.88,62.84429124
2017/3/21,276.7,277.25,275.7,275.75,19114.46,52.58486901
2017/3/22,276.2,278.95,276.2,278.2,25607.28,71.11785007
2017/3/23,278.2,278.6,277.81,278.21,20591.88,57.08310061
2017/3/24,278.4,279.28,277.6,277.88,23680.34,64.67373256
2017/3/27,278.35,281,277.88,280.53,22830.86,63.64341418
2017/3/28,280.5,281.19,280,280.23,25766.76,72.1737113
2017/3/29,280.5,281.17,279.35,279.74,36053.04,100.5104384
2017/3/30,279.52,279.99,279.3,279.6,33149.9,91.77713936
2017/3/31,278.48,279.93,277.6,277.81,14866.76,40.9513239
2017/4/5,277.81,280.7,277.81,280.63,16383.3,45.90322423
2017/4/6,280.49,280.55,278.8,280.21,21794.14,60.43505188
2017/4/7,280.35,284.43,279.7,282.93,22064.78,62.20897316
2017/4/10,282.9,284.48,280.51,281.39,19080.6,53.34935821
2017/4/11,281.39,281.9,280,281.84,21306.76,59.43238638
2017/4/12,282.49,285.6,281.5,284.41,27912.22,78.00732399
2017/4/13,285.58,300,284,286.69,33805.92,96.1260345
2017/4/14,286.99,287,285.8,286.6,16836.18,48.15269921
2017/4/17,287.45,288.5,286.41,286.9,13923.68,38.70240525
2017/4/18,289.99,289.99,285.75,286.13,21319.92,60.91723154
2017/4/19,285.8,286.69,284.9,285.75,24022.72,67.63803563
2017/4/20,285.99,285.99,284.9,285.49,43273.44,121.2568075
2017/4/21,285,285.7,284.9,285.36,30860.72,86.13275731
2017/4/24,286,286.82,283.45,283.57,19895.24,56.55606309
2017/4/25,283.6,284.2,282.5,283.3,23337.46,65.77066076
2017/4/26,289,289,281.09,282.05,33856.1,95.35387415
2017/4/27,282,283.2,282,282.59,25355.3,71.52280664
2017/4/28,283.8,283.8,281.51,283.45,3350.74,9.31525867
2017/5/2,281.99,281.99,280.8,280.94,14836.92,41.70982938
2017/5/3,281.6,281.6,280.03,280.37,12058.22,33.93116545
2017/5/4,289.99,289.99,275.6,276.19,22672.96,62.89509242
2017/5/5,278,278,274.03,275.87,19796.48,54.73421056
2017/5/8,280.5,280.5,275,275.5,15153.8,41.6564573
2017/5/9,276.88,276.88,274.55,275.2,22365.34,61.53045019
2017/5/10,275.24,275.24,273,273.89,27600.48,75.66282617
2017/5/11,274.88,274.88,273.6,274.26,33134.46,90.88033715
2017/5/12,274.68,275.7,273.9,275.51,21723.62,59.63641538
2017/5/15,275.39,276.5,274.65,276.29,27789.96,76.6786811
2017/5/16,276.99,278,276.11,276.7,24619.54,67.95738542
2017/5/17,277.49,277.88,276.31,277.61,20550.66,56.95611763
2017/5/18,280,281.25,278,279.82,24181.38,67.17756324
2017/5/19,298,298,278.21,279.26,26753.8,73.47434537
2017/5/22,280.68,280.68,279.03,280,24236.84,67.58187558
2017/5/23,280,281.6,280,281.4,24763.92,69.35600643
2017/5/24,281.4,281.69,278.5,278.5,22516.16,62.59330808
2017/5/25,279.75,280.5,278.7,279.75,26613.98,73.9127262
2017/5/26,280.99,280.99,279,280.35,24087.52,66.2852673
2017/5/31,280.35,280.35,278.81,279,19484.54,53.33879045
2017/6/1,279.7,280,278.58,278.99,18498.48,51.0675354
2017/6/2,279.59,279.59,277.82,278.16,52967.54,140.2739102
2017/6/5,276.8,282,273,281.87,29156.16,80.29794681
2017/6/6,278,283.48,278,283.2,28040.46,78.36571294
2017/6/7,285,285,283.2,283.75,22844.7,64.28678538
2017/6/8,283.75,283.83,282.51,282.7,37013,104.7829047
2017/6/9,283.19,283.19,279.5,279.72,24763.26,69.72541936
2017/6/12,280.74,280.74,278.48,278.85,30108.26,84.37601713
2017/6/13,279.75,279.75,278,278.35,30436.94,84.49916466
2017/6/14,279.6,279.72,277.8,279.3,50156.92,136.3796069
2017/6/15,279.35,281.33,277.3,277.47,52333.18,141.9919792
2017/6/16,277.47,277.47,276.11,276.9,25448.42,70.46754696
2017/6/19,278,278,276.01,276.25,17268.14,47.75505407
2017/6/20,277.5,277.5,275.49,276.01,22953.9,63.41806993
2017/6/21,276.5,276.5,275,275.79,13915.58,38.21598169
2017/6/22,276.22,277.55,275.2,277.47,28277.22,78.26014379
2017/6/23,277.47,277.88,277.05,277.78,27152.2,75.05099615
2017/6/26,278.29,278.8,277.9,277.9,25422,70.46397709
2017/6/27,277,277,274.8,276.56,22117.76,61.14005028
2017/6/28,275.55,276.99,275.55,275.94,32354.06,89.7129971
2017/6/29,277.08,277.08,274.81,275.03,35447.42,98.83096535
2017/6/30,275,275,272.85,273.1,12074.54,33.31553306
2017/7/3,270,273.65,270,271.84,17197.14,46.82271478
2017/7/4,272.15,272.15,269.1,270.38,21992.72,59.86478698
2017/7/5,271.5,271.5,269.5,270.02,21932.18,60.29273449
2017/7/6,270.2,271.1,269,270.12,24840.08,68.12372871
2017/7/7,270.49,270.79,269.3,269.8,17686.94,48.23049032
2017/7/10,271,271,265.6,265.77,17183.94,46.52009783
2017/7/11,267.5,268,266.1,267.55,24845.14,67.52684463
2017/7/12,267.99,269.39,266.95,268.9,14544.12,39.5181394
2017/7/13,268.91,269.8,268.19,269.1,20439.84,55.8417496
2017/7/14,269.8,269.8,267.55,267.79,19004,51.30377324
2017/7/17,268.98,270.79,268.7,270.3,13904.06,37.54959801
2017/7/18,271.48,271.65,270.6,270.85,19749.76,54.11370348
2017/7/19,271.49,271.9,270.75,271.35,15884.44,43.08822198
2017/7/20,272,272,271.25,271.29,30037.88,83.65052383
2017/7/21,272.8,273.2,271.17,273.19,13798.54,37.79728375
2017/7/24,273.5,274.46,273.38,273.8,19030.9,52.03717986
2017/7/25,274.01,274.47,273.58,273.84,14648.16,40.24692967
2017/7/26,273.5,273.82,271.7,272.3,11392.02,31.01425342
2017/7/27,273,275.3,271.56,274.6,20767.16,57.21155208
2017/7/28,274.51,275.45,274.01,274.29,17450.16,48.31943199
2017/7/31,275.35,276.1,273.93,275.1,7922.54,21.82675131
2017/8/1,276.48,276.48,273,275.3,17468.28,48.2945288
2017/8/2,275.3,276,274.61,274.8,12957,35.97127668
2017/8/3,275.5,275.64,273.4,273.4,17289.92,47.59958446
2017/8/4,276,276,274.08,275.26,15271.2,41.87786269
2017/8/7,275.5,275.6,272.9,273.37,15972.76,43.90966443
2017/8/8,273.49,273.54,272.45,273.02,12551.56,34.65436832
2017/8/9,274.49,276.69,271.8,274.14,21351.08,59.20624115
2017/8/10,274.99,275.98,274.36,275.29,18693.16,51.52128618
2017/8/11,276,277.28,275.99,276.72,18444.54,51.19289989
2017/8/14,277.48,277.99,276.06,276.6,13995.24,38.79367807
2017/8/15,277,277,274.58,274.7,20082.56,55.7530636
2017/8/16,275.22,275.22,273.71,274.5,27914.18,77.4268394
2017/8/17,275.16,277.5,274.26,277,29271.92,81.90575551
2017/8/18,277.81,278.7,276.5,278.5,24402.48,68.67268854
2017/8/21,278.5,279.6,276.5,277.51,14278.16,39.63517556
2017/8/22,277.51,278.3,276.27,276.67,23859.26,66.49084883
2017/8/23,277.52,277.68,276.3,277,22979.54,64.19274378
2017/8/24,278.22,278.22,276.91,277.08,20461.36,56.86789983
2017/8/25,277.99,277.99,276.73,276.8,31293,87.32821271
2017/8/28,277.59,278.42,275.46,278.21,19398.74,53.88611903
2017/8/29,278.88,281.5,277.5,281.17,21892.32,61.57970833
2017/8/30,281.5,281.85,277.98,278,37315.12,104.5542647
2017/8/31,279.5,279.5,277.4,277.91,26871.26,75.65651798
2017/9/1,278.65,280.48,278.1,279.54,24516.82,68.41895296
2017/9/4,280.48,282.67,279.26,282.04,18739.56,52.76797769
2017/9/5,282.04,282.04,280.7,281.2,19659.12,55.39255805
2017/9/6,281.2,282.49,280.61,282.44,14925.98,42.06380575
2017/9/7,282.98,282.98,280.98,281.39,15820.94,44.46883184
2017/9/8,281.99,282.35,281.1,281.75,23743.14,67.23587831
2017/9/11,282.6,282.6,280.8,281.49,20705.32,58.15778527
2017/9/12,282,282,279.38,279.85,22571.24,63.42455609
2017/9/13,279.4,280.75,279.4,280.67,17903.66,50.2503732
2017/9/14,281.98,281.98,279.37,279.8,12349.8,34.47099764
2017/9/15,280.2,281.49,279.28,280.2,18437.96,51.72739298
2017/9/18,280.2,280.7,278.65,278.93,21800.54,61.03896763
2017/9/19,278.93,279.6,278,278.65,23492.78,66.00801975
2017/9/20,280,280,278.5,278.89,20551.38,57.31513696
2017/9/21,279.39,279.96,276.1,276.45,31497.64,88.40786257
2017/9/22,277,277.39,275.5,277.3,27742.64,77.41029882
2017/9/25,276.4,277.98,275.71,276.55,18386.84,51.13648906
2017/9/26,276.5,280.86,276.3,280.1,26088.08,73.59117668
2017/9/27,280.1,280.2,277.65,277.65,15703.02,43.70377579
2017/9/28,278.29,278.29,276.2,276.67,25412.82,70.7031308
2017/9/29,277.49,277.85,275.5,277.45,14094.44,39.11513674
2017/10/9,274.76,276.94,274.76,276.3,23745.64,65.61170993
2017/10/10,277.32,277.32,275.65,276.21,22246.2,61.48158097
2017/10/11,277.8,277.8,275.1,275.1,22527.9,62.03539967
2017/10/12,276.35,276.68,274.9,276.25,26201.34,72.72903352
2017/10/13,276.75,276.75,275.49,276.5,16756.38,46.23390668
2017/10/16,276.51,278.15,276.1,278.05,17321.52,48.06680297
2017/10/17,278.5,278.5,276.2,276.62,15884.66,43.92179965
2017/10/18,277.5,277.5,275.16,275.7,15644.1,43.24823094
2017/10/19,275.75,275.8,274.43,274.9,17584.92,48.47540493
2017/10/20,276.8,276.8,274.81,274.82,20623.9,56.84429125
2017/10/23,275.85,275.85,273.95,274.08,20423.14,56.03428272
2017/10/24,273.81,275.7,273.3,275.01,15571.66,42.73386133
2017/10/25,275,275,273.72,273.89,20714.38,56.89238055
2017/10/26,273.51,274.88,273.51,274.5,31745.9,87.84814988
2017/10/27,274.99,274.99,272.6,272.93,26981.2,74.98050765
2017/10/30,273.5,273.76,272.4,272.92,23696.86,64.84339598
2017/10/31,273.75,274.1,273.01,273.94,12123.34,33.19036923
2017/11/1,274.3,274.3,272.61,273.45,11595.72,31.65796503
2017/11/2,273.99,273.99,272.7,273.34,16285.74,44.53412743
2017/11/3,273.5,273.98,272.81,273.6,12836.18,35.1192393
2017/11/6,274.02,274.12,272.78,273,16532.2,45.22599865
2017/11/7,273.65,274.77,273.1,274.34,18041.54,49.46617099
2017/11/8,274.98,274.98,273.22,274.57,13592.36,37.39519956
2017/11/9,274.85,275.45,274.5,275.37,23126.42,63.75924089
2017/11/10,276.52,276.52,275.04,275.94,15518.12,42.89876873
2017/11/13,276.9,277.21,274.7,274.99,17328.72,47.6680525
2017/11/14,276,276,274.44,274.49,20961.1,57.56542087
2017/11/15,274.49,275.3,273.75,275.05,22969.96,63.18909812
2017/11/16,275.99,275.99,274,274,28470.16,78.12450664
2017/11/17,275.18,275.18,274.25,274.85,19501.02,53.68525402
2017/11/20,275.5,276.51,274.5,276.3,18887.96,52.22700738
2017/11/21,276.79,276.79,274.66,274.89,22918.24,63.12404597
2017/11/22,275.42,275.82,274,274.74,22820.2,62.74723263
2017/11/23,275.68,275.68,274.1,275.2,17272.14,47.51671011
2017/11/24,275.9,275.9,274.8,275.25,15293.5,42.07265524
2017/11/27,274.55,275.35,274.49,275.34,15139.02,41.70673002
2017/11/28,275.95,276.3,274.11,275.7,18030,48.53688266
2017/11/29,276,276.25,275.51,276.2,14151.18,39.05103224
2017/11/30,276.49,276.49,274.05,274.39,16074.8,44.18661743
2017/12/1,274.9,274.9,272.7,272.83,18350.88,49.82625414
2017/12/4,273.49,274.29,271.8,272.65,19683.52,53.88032052
2017/12/5,273.48,273.48,272,272.87,18770.22,51.29224307
2017/12/6,272.99,272.99,270.77,271.43,22419.54,60.9527862
2017/12/7,271.91,271.91,268.95,269.28,31314.1,85.23080555
2017/12/8,269.8,269.8,267.49,267.79,28976.52,77.90095965
2017/12/11,269,269,266.92,268.28,21683.28,58.13770064
2017/12/12,268.67,268.67,266.9,267.5,22250.94,59.47206012
2017/12/13,267.9,267.9,266.48,267.79,34523,91.57685836
2017/12/14,267.79,270.1,267,270,24992.4,67.08082633
2017/12/15,270.88,270.88,268.8,269.57,22019.52,59.77692457
2017/12/18,270.3,270.3,269.16,269.9,29021.1,78.34225502
2017/12/19,270.88,271.45,269.69,271.31,39237.82,106.174117
2017/12/20,271.49,271.5,270,270.68,23920.4,64.76683503
2017/12/21,271.5,271.5,269.7,270.15,20640.74,55.79533041
2017/12/22,270.49,270.6,269.7,270.54,25175.98,68.41112943
2017/12/25,270.85,272.18,270.31,271.55,27323.24,74.52342344
2017/12/26,272.49,272.49,271.49,271.92,30864.28,84.74009921
2017/12/27,273.5,273.5,271.4,272.75,38084.78,103.9293055
2017/12/28,272.99,274.3,272.3,273.5,22760.36,62.32404691
2017/12/29,273.39,274.34,273,273,12002.16,32.86075452
2018/1/2,274,275.6,274,275.3,19684.58,54.15327409
2018/1/3,274.7,277.09,274.7,276,20112.36,55.61526399
2018/1/4,277.16,277.16,274.85,275.19,43633.28,118.2725098
2018/1/5,275.99,277.1,274.82,276.26,29888.62,82.28787762
2018/1/8,277.5,277.5,275.5,276.6,30382.08,83.84558377
2018/1/9,277.66,277.66,275.85,277.19,32719.78,90.13853587
2018/1/10,277.1,277.59,276.5,276.65,37355,103.1638561
2018/1/11,277.45,278.9,277.45,277.8,29052.9,80.42880061
2018/1/12,278.2,278.65,277.9,278.38,42054.74,115.5677455
2018/1/15,279.21,279.54,278,279.54,31462.52,87.42884754
2018/1/16,280,280,278.39,278.8,35319.64,98.25328141
2018/1/17,278.18,279.2,277.5,277.65,53151.04,147.0368959
2018/1/18,278.92,278.92,276.05,276.15,48786.6,134.7134573
2018/1/19,276.99,276.99,275.5,275.6,36102.54,99.59484191
2018/1/22,276.8,276.8,275.9,275.95,34533.4,95.13778445
2018/1/23,276.78,277.28,276,277.14,26847.94,74.08733052
2018/1/24,277.1,277.98,276.65,277.84,28943.16,79.63822648
2018/1/25,278.5,279.35,278,278.87,26388.72,73.10635125
2018/1/26,279.17,279.17,276.71,277.5,24055,66.73036193
2018/1/29,277.48,277.87,275.88,275.98,37120.54,102.6500941
2018/1/30,276,276.2,273.66,274,40491.4,111.3421301
2018/1/31,275.35,275.35,273.8,274.05,20180.48,55.59623412
2018/2/1,273.55,274,273.4,273.4,26348.92,72.17243517
2018/2/2,273,274.19,272.8,273.75,29087.46,79.42304839
2018/2/5,273.5,273.98,271.2,271.49,30759.82,83.83128389
2018/2/6,272.62,274.49,271.2,273.24,28975.38,79.26679154
2018/2/7,273.67,273.67,269.1,269.79,45799.02,124.8652791
2018/2/8,270.32,270.32,267.55,269.3,45777.56,124.6304693
2018/2/9,270,270.99,268.3,269.55,44675.7,122.0730577
2018/2/12,269.55,270.15,268.41,270.1,43383.88,117.9545094
2018/2/13,270.29,271.39,269.35,271.14,32666.44,89.2547709
2018/2/14,272.44,273.35,270.85,273.21,11444.96,31.4204071
2018/2/22,272,272,271,271.36,17636.18,48.15380353
2018/2/23,272.45,272.45,271.2,271.96,48725.82,134.6675305
2018/2/26,273.35,273.7,271.51,273.6,29423.34,80.72198938
2018/2/27,274.4,274.4,271.9,272.36,33193.6,91.01606521
2018/2/28,272.3,272.3,269.24,270.3,38250.88,104.6575432
2018/3/1,271.49,271.49,269.58,269.78,37577.92,103.0155937
2018/3/2,270.49,271.07,269,270.9,34867.38,95.26478545
2018/3/5,271.98,272.1,270.5,272.09,23838.98,65.10950248
2018/3/6,272.5,272.5,270.71,271.15,25314.9,69.30084653
2018/3/7,272.7,273.27,271.8,272.3,22621.28,61.95711483
2018/3/8,273.7,273.7,271.6,272.21,31792.72,87.49541848
2018/3/9,272.8,272.8,270.3,270.6,33901.06,92.3954935
2018/3/12,272.2,272.2,269.8,270.8,20872.44,56.61344229
2018/3/13,270.8,271,269.96,270.7,48085.98,130.8427275
2018/3/14,271.1,271.65,270.27,271.12,31724.44,86.65809183
2018/3/15,271.12,271.4,270.66,270.97,42338.48,115.7913192
2018/3/16,271.04,271.04,269.5,270.21,37470.62,102.2334775
2018/3/19,270.81,270.81,268.28,268.6,26963.18,72.68453091
2018/3/20,269.16,269.6,268.51,269.51,27170.56,74.15441105
2018/3/21,269.6,269.8,268.65,269.74,33055.84,89.96865917
2018/3/22,270.12,272.4,269.52,272.1,30703.66,84.8024523
2018/3/23,272.62,274.98,271.62,274.97,31067.2,85.99614761
2018/3/26,275.12,275.4,274.16,274.18,23196.8,64.09254372
2018/3/27,275.8,275.8,273.8,274.1,32683.82,90.95242908
2018/3/28,274.26,274.26,272.45,272.52,48671.84,135.103648
2018/3/29,272.52,272.52,269.4,269.9,41262.78,113.2857881
2018/3/30,269.04,270.6,269.04,270.56,22182.58,60.48737242
2018/4/2,271.11,271.5,270,270.84,25287.48,68.51791098
2018/4/3,271.85,272.68,271,272.44,26283.54,71.55431769
2018/4/4,272.47,272.48,270.77,272.16,22628,62.21232202
2018/4/9,272.2,272.2,271.35,271.5,26155.42,71.53115025
2018/4/10,272.35,272.79,271.42,271.97,24202.18,66.50984289
2018/4/11,272.76,273.24,271.69,272.9,21545.42,59.27061993
2018/4/12,274.18,275,273.14,274.08,43856.8,122.4442777
2018/4/13,274.08,274.08,271.95,272.1,34206.24,95.56159502
2018/4/16,272.42,273.79,271.7,272.89,22072.46,61.09246821
2018/4/17,273.4,273.55,272.99,273.5,22803.3,62.98184167
2018/4/18,273.57,273.57,272.3,273.04,35311.56,98.65132674
2018/4/19,273.89,274.5,273.5,274.09,38300,106.6470956
2018/4/20,274.09,274.09,272.71,272.88,26603.92,74.41523417
2018/4/23,273.82,273.82,271.38,271.45,23524.58,64.32515077
2018/4/24,271.52,271.52,270.65,271.09,37889.3,103.7162406
2018/4/25,271.67,271.67,270.5,270.51,30621.96,84.51074284
2018/4/26,270.4,271.28,270.3,271.27,35250.22,96.57590102
2018/4/27,271.29,271.29,269.9,270.3,16888.56,45.75490116
2018/5/2,270.3,270.3,268.76,269.84,24703.08,66.72266781
2018/5/3,270.62,270.62,268.9,269.4,27583.56,75.82696441
2018/5/4,270.53,270.53,269.22,269.48,20693.82,56.61233579
2018/5/7,270.62,270.95,269.5,269.99,16049.36,43.36377651
2018/5/8,270.71,270.71,269.99,270.35,25964.28,70.81158521
2018/5/9,271.3,271.3,269.29,269.61,19687.38,53.79364511
2018/5/10,270.62,270.62,269.7,270.1,26428.92,72.23874262
2018/5/11,270.4,270.8,270.22,270.79,22352.42,61.2477177
2018/5/14,271.42,271.42,270.33,270.52,19338.08,52.72793396
2018/5/15,270.3,270.55,269.04,269.47,20591.28,56.06904682
2018/5/16,269.62,269.62,266.45,267.1,28449.94,77.04522452
2018/5/17,267,267,265.2,265.49,24618.82,66.54777104
2018/5/18,267,267,265.41,265.8,28892.64,78.88039968
2018/5/21,265.85,266.27,264.8,265.32,23209.42,62.88356706
2018/5/22,266.8,266.8,265,266.01,36391.4,98.88087916
2018/5/23,267.8,267.8,265.9,266.49,21999.94,59.71766414
2018/5/24,268.8,268.8,266.15,267.65,28248.98,76.59427935
2018/5/25,267.5,268.96,267.03,268.87,17559.26,48.01023064
2018/5/28,269.5,269.5,267.6,267.8,15577.46,41.85967801
2018/5/29,268.58,268.92,267.6,268.4,10610.94,28.50860499
2018/5/30,269.88,270,268.31,268.85,12417.48,33.70042311
2018/5/31,270,270,268.92,269.54,14728.7,40.06890299
2018/6/1,270.55,270.55,268.7,269.09,18080.26,49.06341434
2018/6/4,270,270,267.67,267.94,10974.62,29.85193048
2018/6/5,269.17,269.17,267.23,267.5,21021.8,57.79497169
2018/6/6,268.11,268.4,267.4,267.87,27463.44,73.5314044
2018/6/7,267.94,268.3,267.3,268.09,18922.24,52.03402559
2018/6/8,268.9,268.9,267.55,268.13,15947.46,43.89147047
2018/6/11,269.12,269.12,268.01,268.26,21870.04,60.09362198
2018/6/12,269.08,269.08,268.1,268.11,28237.1,76.81175358
2018/6/13,268.99,268.99,267.15,267.86,24829.92,68.00348887
2018/6/14,268.79,269,267.6,268.93,29649.12,81.53043944
2018/6/15,269,269.8,268.61,268.67,26217.44,72.14915321
2018/6/19,268,268,266.8,267.82,21717.66,58.77883984
2018/6/20,267.82,267.82,266.2,266.3,40885.3,109.3354599
2018/6/21,268,268,265.25,265.75,18638.44,49.67203021
2018/6/22,266.21,266.75,265,266.68,40015.64,109.1088854
2018/6/25,267.3,267.6,266.41,267.16,27331.76,74.55841747
2018/6/26,269,269,267.01,267.2,35464.96,96.58663265
2018/6/27,266.99,267.75,266.6,267.56,17579.18,47.26850916
2018/6/28,267.65,267.75,267,267,24541.78,66.15773085
2018/6/29,267.4,267.77,266.9,267.38,11117.26,29.95898853
2018/7/2,267.95,268.22,267.2,267.42,18021.3,48.4736098
2018/7/3,268.9,268.9,267.5,267.84,19488.48,52.69114704
2018/7/4,268.6,269.4,267.8,268.4,17093.96,46.00086293
2018/7/5,269.39,269.39,268.25,268.29,17981.48,48.60464083
2018/7/6,267.56,269.35,267.56,269.21,12391.54,33.54466994
2018/7/9,269.9,269.9,268.85,269.1,15894.38,42.78935246
2018/7/10,270,270,268.1,268.25,20962.68,56.45791237
2018/7/11,268.3,269.9,268,269,19622.28,52.83026971
2018/7/12,269.4,269.4,267.9,267.99,14923.26,40.16927694
2018/7/13,268.8,268.8,267.75,267.8,22304.12,60.32602613
2018/7/16,269,269,267.7,268.15,14404.56,38.73515172
2018/7/17,269.5,269.5,267.25,267.87,24406.26,64.12521463
2018/7/18,269,269,264.9,265.47,19465.9,52.26587059
2018/7/19,267,267,265.55,266.29,22706.78,61.12665961
2018/7/20,266.37,267.5,265.5,267.48,20846.78,56.07029831
2018/7/23,267.8,268.55,266.6,268.4,13369.72,35.85477591
2018/7/24,269,269,267.9,268.43,12669.4,34.11989954
2018/7/25,269.5,269.5,268,268,12061.18,32.54374032
2018/7/26,268.95,268.95,268.1,268.58,16384.5,44.32983769
2018/7/27,268.9,268.9,268.25,268.25,14157.9,38.19931617
2018/7/30,268.82,268.94,268.21,268.29,16553.1,44.64283973
2018/7/31,268.8,268.9,268.09,268.65,14759.34,40.20554935
2018/8/1,269,269,267.91,268.24,17153.3,46.38098737
2018/8/2,269,269,267.9,267.93,18548.64,50.23133322
2018/8/3,269,269,267.53,267.81,10816.06,29.05016274
2018/8/6,269,269,267.15,267.6,14138.18,37.91146425
2018/8/7,268.5,268.5,267.08,267.61,12091.16,32.51055535
2018/8/8,267.5,267.6,266.5,267.2,26603.26,72.02764848
2018/8/9,266.9,267.39,266.52,267.14,14910.9,39.8857023
2018/8/10,268.3,268.3,266.95,267.24,16639.64,44.96195141
2018/8/13,268.3,268.3,267.6,267.72,12325.88,33.04589787
2018/8/14,267.72,267.72,265.48,265.51,20846.28,55.44679217
2018/8/15,266.49,266.49,264.85,264.97,23480.66,63.06273789
2018/8/16,265.69,265.69,260.75,262.39,26859.36,70.96119118
2018/8/17,262.8,262.8,261.5,261.59,21498.68,56.72264131
2018/8/20,262.35,263.18,261.6,263.18,17696.76,46.49247693
2018/8/21,263.3,264.59,262.95,264.51,22190.52,59.03363919
2018/8/22,264.7,264.7,263.1,264.1,18666.46,49.58413596
2018/8/23,264.3,270,263.8,264.26,13269.34,35.22286559
2018/8/24,264.75,265,263.75,264.6,17919.86,47.87434833
2018/8/27,264.6,265.8,264,265.3,13867.56,37.12475645
2018/8/28,266.01,266.58,264.7,266.34,15864.4,42.7965578
2018/8/29,266.6,266.6,264.81,265.69,17909.12,48.01614118
2018/8/30,265.7,266,265.38,266,18022.08,48.3798897
2018/8/31,265.65,266.5,265.12,266.47,10010.94,27.00485261
2018/9/3,267,267,265,265,16366.26,43.46155559
2018/9/4,265.49,265.49,264,264.14,16558.98,43.98865362
2018/9/5,264.14,264.35,263.7,263.91,10361.6,27.65743187
2018/9/6,265,265.1,263.7,264.8,11654.96,31.52916082
2018/9/7,265.8,265.83,264.8,265.22,17539.18,46.90886756
2018/9/10,265.76,265.76,264.66,265.19,13977.46,37.09865148
2018/9/11,266,266,264.67,265.38,19156.72,51.52270019
2018/9/12,266,266,264,265.2,17423.74,46.58107962
2018/9/13,265.98,266.42,264.61,266.15,17232.54,46.31333949
2018/9/14,266.6,266.98,265.71,266.72,14898.66,39.80563995
2018/9/17,268,268,265.5,265.69,16785.72,44.73335258
2018/9/18,266.88,267,265.67,265.79,20971.38,56.25606718
2018/9/19,267.48,267.48,265.9,266.69,17916.26,48.05032401
2018/9/20,266.05,266.92,266.05,266.54,15226.18,40.94952108
2018/9/21,267.45,267.9,266.37,267.7,19328.36,51.73672563
2018/9/25,267.8,267.8,266,266.53,25526.06,68.44396699
2018/9/26,266.95,267.15,266.5,267.1,25569.48,68.78275804
2018/9/27,267.8,267.8,265.98,266.3,29526.48,79.44312964
2018/9/28,266,266,263.6,264.06,23442.08,62.96389561
2018/10/8,268.49,268.49,264.6,266.98,25330.04,67.80359457
2018/10/9,267.49,267.49,266.08,266.72,18527.24,49.53279649
2018/10/10,267.3,267.3,266,266.46,14375.14,38.70468715
2018/10/11,266.68,268.3,266.3,268.28,14114.28,37.69160974
2018/10/12,269.45,272.35,268.31,271.35,21033.94,58.0626692
2018/10/15,272.68,274.8,270.11,274.45,15705.62,42.90318373
2018/10/16,275.12,275.4,273.51,274.25,19142.76,52.62861707
2018/10/17,275.25,275.25,273.2,273.74,11573.02,31.7875901
2018/10/18,274.76,274.76,273.39,273.65,19941.16,54.77457383
2018/10/19,274.49,275.38,274.06,274.2,16700.14,46.06336968
2018/10/22,275,275.1,274.2,274.7,15210.72,41.82510443
2018/10/23,274.95,276.69,273.6,276.32,19254.18,52.8962794
2018/10/24,277.65,277.96,275.9,276.21,15847.14,43.83493422
2018/10/25,276.45,278,270.01,276.5,17503.48,48.54344377
2018/10/26,277.35,277.5,276.36,277.48,25651.24,70.96495545
2018/10/29,277.5,278.6,276.7,277.2,18794.18,52.14222855
2018/10/30,277.3,277.39,275.8,275.8,24097.54,66.66213015
2018/10/31,275.95,276.94,273.8,273.8,12673.4,34.82912265
2018/11/1,275.02,275.02,273.5,274.85,19479.8,53.43743297
2018/11/2,275.66,275.9,274.34,274.34,17676.7,48.70474048
2018/11/5,275.5,275.79,273.82,275.52,16802.68,46.20385832
2018/11/6,276.32,276.32,274.7,274.86,21131.32,58.07864736
2018/11/7,276.52,276.52,274.4,275.22,19853.44,54.64243227
2018/11/8,276.09,276.09,273.7,273.86,19546.48,53.64245186
2018/11/9,274.3,274.55,273.39,273.48,16845.66,46.13446228
2018/11/12,275,275,271.11,271.25,20100.86,54.74078934
2018/11/13,272.02,272.02,270.3,270.6,15387.68,41.92060884
2018/11/14,270.6,270.8,269.85,270.13,31182.7,85.10471169
2018/11/15,270.45,272.1,269.66,272.09,25100.56,68.18373769
2018/11/16,272.09,272.73,270.53,272.69,18798.92,51.15596338
2018/11/19,273.47,274.1,272.12,273.71,15170.64,41.46658106
2018/11/20,273.98,274.55,273.5,274.42,18244.44,50.21122706
2018/11/21,274.75,275.04,273.51,274.38,19992.86,54.89853663
2018/11/22,274.75,274.95,273.52,274.65,16603.4,45.55599773
2018/11/23,274.65,275.35,274.6,274.61,35430.1,97.40391605
2018/11/26,274.4,275.2,274.1,275,16486.18,45.35850318
2018/11/27,275,275.01,274,274.19,18265.68,50.20051987
2018/11/28,275.2,275.2,272.6,272.9,21727.94,59.43022517
2018/11/29,273.49,275.05,272.8,274.6,15940.22,43.8095981
2018/11/30,273.91,275.88,273.91,274.65,10608.34,29.17280037
2018/12/3,274.95,274.95,273.65,274.27,19935.82,54.63510833
2018/12/4,275.6,275.6,273.9,274.06,21229.12,58.85598802
2018/12/5,274.39,274.7,274.03,274.28,19824.06,54.52096663
2018/12/6,274.69,275.87,274.18,275.3,18369.42,50.17538668
2018/12/7,276.29,276.42,275.01,275.8,33048.22,91.67237321
2018/12/10,276.67,279,276,278.83,17584.82,48.7739434
2018/12/11,278.83,278.83,277.85,278.09,19976.5,55.54141014
2018/12/12,278.09,278.69,277,277.45,16031.66,44.46326824
2018/12/13,277.85,278.5,276.8,278.26,19811.36,54.8766185
2018/12/14,277.5,277.5,276.61,277.48,25851.04,71.37454246
2018/12/17,277.5,277.5,276.3,276.8,19375.18,53.58090555
2018/12/18,278,278.6,276.99,278.59,37987.84,105.519614
2018/12/19,278.81,278.94,278.4,278.89,31328.26,87.19148587
2018/12/20,279,279.8,278,278.99,35202.1,97.80051491
2018/12/21,280.8,281.2,279.01,280.96,30500.42,85.038185
2018/12/24,281.28,282.4,280.5,281.76,24886.14,70.04114472
2018/12/25,282.25,284,281.3,283.4,23514.16,66.32788096
2018/12/26,284,284.49,283.1,284.21,34126.82,95.87961935
2018/12/27,284.21,284.21,282.8,282.87,39294.54,110.2885397
2018/12/28,283.99,284.9,283,284.6,23833.48,66.59303253
2019/1/2,283.98,285.88,283.98,285.8,24644.32,70.24613723
2019/1/3,285.89,287.98,285.3,287.31,20577.26,58.9162251
2019/1/4,287.31,289.3,285.72,287.49,23927.46,68.42126812
2019/1/7,287.49,288,284.8,286.18,23231.26,65.99750732
2019/1/8,287.37,287.37,284.6,284.75,30055.84,84.84863033
2019/1/9,286,286,283.65,283.88,32302.64,91.46935606
2019/1/10,285,285.3,282.51,283.84,30480.46,86.2946433
2019/1/11,284.99,284.99,282.61,283.2,32146.48,90.6546761
2019/1/14,283.49,283.5,282.03,283.5,23254.5,65.62562679
2019/1/15,283.95,284.25,282.2,282.32,29027.88,82.04650551
2019/1/16,284,284,282.02,282.97,30899.02,87.3105132
2019/1/17,283.3,283.4,282.2,283.1,33385.22,94.21252343
2019/1/18,284,284,283.1,283.28,34404.46,97.03833354
2019/1/21,284,284,281.87,282.18,25045.22,70.56773973
2019/1/22,282.6,282.89,279.35,282.82,28417.6,79.65695798
2019/1/23,284,284,282.13,282.34,18725.6,52.85551302
2019/1/24,283.49,283.49,282.1,282.6,22981.18,64.74605488
2019/1/25,282.6,282.6,281.7,282.39,17548.66,49.46266184
2019/1/28,282.75,284.8,281.53,284.45,20421.94,57.68379138
2019/1/29,284.98,286.1,283.55,285.92,28823.08,81.33425211
2019/1/30,286.7,293.49,286.1,286.72,23559.38,66.57912562
2019/1/31,286.55,286.8,285.61,286.7,18102.78,51.2105767
2019/2/1,287.15,287.85,286.68,287.42,38854.06,109.1532173
2019/2/11,286.51,287.8,286.51,287.43,14000.94,40.05909622
2019/2/12,287.75,291.8,281.4,287.8,13726.04,38.70336867
2019/2/13,288.49,288.49,287.07,287.07,15872.78,45.42261523
2019/2/14,287.42,288.16,286.01,286.5,12031.14,34.27020159
2019/2/15,286.7,288.57,286.06,288.41,9887.36,28.34815811
2019/2/18,289,290.08,288.2,289.98,16916.04,48.64722163
2019/2/19,290.8,291,289.1,290.67,14158.28,41.09626581
2019/2/20,292.2,293.18,291,292.33,18635.5,53.98350627
2019/2/21,293.8,293.8,290.56,290.71,18766.96,54.42107914
2019/2/22,291.49,291.49,288.5,288.91,17030.9,48.75151484
2019/2/25,288.91,289.8,287.62,288.33,23433.54,67.5648388
2019/2/26,289.2,289.2,287.2,288,16008.14,46.11142625
2019/2/27,288.97,288.97,280.6,287.89,23247.8,66.45268564
2019/2/28,287.08,287.98,285.1,286.02,13607.76,38.92636912
2019/3/1,288.2,288.2,284.4,284.49,20254,57.52934403
2019/3/4,285.76,285.76,280.7,280.71,17908.48,50.25073225
2019/3/5,280.73,280.73,278,279.5,15021.82,41.84576781
2019/3/6,280.97,281.5,278.5,281.25,20300.62,56.69238736
2019/3/7,281.25,284.49,279.7,280,25292.36,70.64540474
2019/3/8,281.31,282.55,279.51,282.54,18067.3,50.82707681
2019/3/11,283.5,284.29,282.2,283.5,19002,53.64584268
2019/3/12,284,284,282.5,282.8,21900.86,61.5831859
2019/3/13,283.98,284.88,283,284.86,33455.38,102.3285544
2019/3/14,285.99,285.99,284.14,284.14,26120.86,73.93957533
2019/3/15,284.14,284.4,282.6,284.29,25106.62,70.76103057
2019/3/18,285,285,283.25,284.28,27005.06,76.54526134
2019/3/19,284.85,285.3,283.03,285.2,22839.4,64.74984405
2019/3/20,285.8,285.8,284.2,284.59,23231.2,66.07723689
2019/3/21,285.48,286.6,283.7,286.5,33726.62,95.67233493
2019/3/22,286.95,286.95,285.01,286.5,27727.24,79.15473921
2019/3/25,286.88,287.3,286,287.21,31310.04,89.60072138
2019/3/26,287.5,288.18,286.26,287.65,30558.6,87.37401515
2019/3/27,287.65,287.8,286.67,287.1,35395.28,100.7416822
2019/3/28,289,289,286.3,286.49,60963.68,174.0638795
2019/3/29,285.61,286.5,281,281,19000.52,53.44590988
2019/4/1,284.2,284.2,281.4,282,17537.02,49.44308986
2019/4/2,283,283,281.35,281.51,16790.6,47.28247075
2019/4/3,283,283,281.12,282.05,26818.06,75.38505856
2019/4/4,283,283,281.71,282.71,13048.72,36.77307448
2019/4/8,282.2,283.89,282.2,283.62,11413,32.35142781
2019/4/9,283.62,284.78,283.62,283.8,22204.62,63.11744349
2019/4/10,284.7,285.2,284.3,285.1,20322.88,57.82520029
2019/4/11,285.45,285.8,284.35,285.15,21153.94,59.80982928
2019/4/12,286,286,282.68,282.8,22296.78,62.96444243
2019/4/15,283.45,283.45,281.2,281.45,22853.18,64.2322982
2019/4/16,281.95,282.2,280.61,281.38,26090.74,73.3364409
2019/4/17,281.49,281.49,279.2,279.7,21443.12,59.9236771
2019/4/18,280.68,280.68,277.5,278.7,14870.56,41.42185377
2019/4/19,280.2,280.2,278.07,279.61,17837.1,49.7106346
2019/4/22,280,282,279.2,280.12,18552.06,51.84590038
2019/4/23,280.95,280.95,278.2,279.16,25582.76,71.27492853
2019/4/24,279.5,279.5,277.75,278.5,31592.34,87.88124039
2019/4/25,280,280.25,278.11,280.1,21207.82,59.31887509
2019/4/26,280.88,281,279.02,281,24402.78,68.34009026
2019/4/29,281.98,281.98,279.99,280.49,27301.74,76.69145658
2019/4/30,280.5,280.98,279.5,280.88,15651.54,43.92581065
2019/5/6,283,283,281.8,282.06,19587.74,55.19197693
2019/5/7,282.07,282.3,281,281.75,11997.9,33.77548238
2019/5/8,280.71,283.09,280.71,282.65,21160.88,58.90912072
2019/5/9,283,283.97,281.1,283.5,21546.24,60.7008241
2019/5/10,282.8,284.15,282.8,283.32,23187.94,65.24181001
2019/5/13,282.09,285.35,282.09,285.05,21662.98,61.39698746
2019/5/14,286.12,289.48,285,288.7,25309.96,72.75697607
2019/5/15,289.5,289.5,287.5,287.59,18646,53.40721569
2019/5/16,289.45,289.45,288.1,288.71,20346.44,58.37989284
2019/5/17,289.35,289.35,286.85,288,15595.66,44.82430743
2019/5/20,289,289,286.23,287.19,22197.22,63.62639784
2019/5/21,287.89,287.89,286.06,286.6,16758.22,47.598075
2019/5/22,287,287,285.3,286.37,24316.98,69.19643021
2019/5/23,286.37,287.04,285.91,286.61,20148.72,57.24228616
2019/5/24,288.48,288.83,287,288.54,15941.86,45.03119102
2019/5/27,288.75,288.75,287.55,288.37,16587.64,47.46852658
2019/5/28,288.88,288.88,287.8,288.5,10479.34,29.84543389
2019/5/29,287.51,288.7,287,288.69,17203.98,49.06509001
2019/5/30,287.95,288.99,287,287.1,18774.54,54.01784086
2019/5/31,288.37,290.87,287.5,290.8,9596.96,27.50817255
2019/6/3,291,294.57,290.89,294.51,18300.8,53.61310958
2019/6/4,295.49,297.66,294.3,297.59,19813.28,57.9898755
2019/6/5,297.59,299.08,295.9,298.97,13528.12,39.42224332
2019/6/6,300,301,297.6,299.32,14713.22,42.16549774
2019/6/10,299.32,299.9,298.2,298.77,10334.86,30.88488987
2019/6/11,299.5,299.5,297,297,13392.94,39.91176917
2019/6/12,298,300.51,296.08,299.61,15393.26,45.36055235
2019/6/13,299.61,300.5,299.01,300.41,14300.52,42.41437976
2019/6/14,301.45,305.37,299.6,305.04,18113.84,54.11348787
2019/6/17,306,306.01,301.2,301.35,22455.1,67.80315971
2019/6/18,301.5,304,301.5,303.6,23006.62,68.55638086
2019/6/19,304.95,305,300,302.21,29252.1,86.38774885
2019/6/20,305.3,310,301.01,308.58,31599.82,90.91688489
2019/6/21,310,313.9,307.8,311,19468.64,60.33302484
2019/6/24,312,314.66,310.7,313.26,23136.64,72.04260251
2019/6/25,315.99,322,313.8,319.91,25347.3,79.15231389
2019/6/26,321,321,310.02,314.44,30069.6,94.05931046
2019/6/27,315,316,312,313.89,32464.1,99.97733841
2019/6/28,312.1,317.85,312.1,314.43,12030.7,37.81885847
2019/7/1,313.66,316.65,306.2,307.6,19760.6,60.83571256
2019/7/2,306.8,310.09,306.8,309.77,11974.12,36.91229549
2019/7/3,310.88,321.8,309.51,318,10602.78,33.19754221
2019/7/4,318,318,314.52,315.01,13889.6,41.10280774
2019/7/5,315.95,317,315,315.71,12407.54,37.64504645
2019/7/8,316.25,316.25,310.52,314.07,14334.16,44.06240637
2019/7/9,314.88,314.88,311.12,311.49,15894.18,49.51596645
2019/7/10,311.45,312.39,310.85,311.14,15886.92,49.48360141
2019/7/11,312.49,318,306.99,316.5,17292.72,54.02944841
2019/7/12,316.99,317.89,313.5,314.6,13283.08,40.57132494
2019/7/15,314.99,315.8,313.51,315,14408.42,45.29613552
2019/7/16,315,315.6,312,315.38,14533.58,43.86255199
2019/7/17,315.8,315.8,313.3,313.75,21310.78,64.22557252
2019/7/18,314.45,318.1,313.45,316.55,17098.24,52.80922767
2019/7/19,317.96,321.98,316,320.45,17086.8,51.57357014
2019/7/22,329.99,329.99,317.5,318.45,17872.74,56.40495072
2019/7/23,320,320,315.8,316.45,18872.82,57.45396741
2019/7/24,316.66,319,316.66,317.55,12789.24,40.25196607
2019/7/25,319,319.97,316.03,317.67,14654.54,44.83279935
2019/7/26,319.97,319.97,315.2,316.84,13528.64,42.44042328
2019/7/29,318.8,318.8,315.5,317.13,7921.84,25.15946186
2019/7/30,320,320,316.9,318.47,11450.68,35.35290218
2019/7/31,318.66,320,318,319.94,7353.6,23.45013854
2019/8/1,321,329.04,314.44,315.21,20259.82,63.95796516
2019/8/2,317,324,314.1,322.67,12456.66,38.54935865
2019/8/5,323.3,332.6,313.33,331.99,13085.8,43.23169971
2019/8/6,333.6,337.4,332,333.07,15192.36,48.2827395
2019/8/7,333.75,340.5,330.55,340.3,12948.4,42.5870826
2019/8/8,345,346.49,340.5,343.33,15731.56,51.43811902
2019/8/9,342,345,340.02,343.4,11392.44,38.07573906
2019/8/12,344.35,344.95,341.13,341.16,11499.02,39.31620555
2019/8/13,345.88,350.02,342.84,350,13212.64,44.40032922
2019/8/14,350.49,352.05,340,341.65,13522.82,46.24946169
2019/8/15,347,347.5,342.86,344.6,18928.1,62.17322977
2019/8/16,351.7,351.7,344.06,345.7,15098.54,50.43109982
2019/8/19,345.7,345.92,343.18,344.28,15023.66,51.00242122
2019/8/20,342.28,343.5,341.22,343.13,13536.82,44.36706962
2019/8/21,344.75,344.75,342.5,342.5,13236.52,42.21247821
2019/8/22,345,345,342.01,343.8,12724.84,41.75764335
2019/8/23,341.5,344.7,341.5,343,13567.06,46.22733017
2019/8/26,345,358,342.2,355.09,16541.98,58.37075896
2019/8/27,357,357,353.1,355.72,11196.58,39.01568825
2019/8/28,356.45,359,355.2,357.2,26030.84,89.21977232
2019/8/29,360,369.24,356.2,358.9,19876.9,65.0503032
2019/8/30,358.9,358.9,353,354.09,22502.68,83.44192731
2019/9/2,356,356,352.01,352.99,16484.5,57.72795712
2019/9/3,354.25,355.5,353.41,355.2,11486.86,38.94048972
2019/9/4,356.88,360.1,355.01,356.89,14044.22,47.41847371
2019/9/5,358,359.89,355.68,358.03,9749.3,33.62087736
2019/9/6,358.88,358.88,347.1,348.74,15021.94,51.12951101
2019/9/9,350,352.41,345.15,348.2,12494.62,42.99867293
2019/9/10,349.95,349.95,342.22,343.38,14526.46,48.69573584
2019/9/11,347,347,341.11,344.09,17468.14,58.16554871
2019/9/12,347,347,342.36,344.8,11696.3,39.98098738
2019/9/16,344.9,346,343.8,344.4,12824.78,44.1889684
2019/9/17,345.85,346.85,340,343.7,15024.62,51.33790712
2019/9/18,345.28,345.49,343.1,344.84,10620.94,35.63898612
2019/9/19,345.75,346,342,343.52,15364.52,52.21144089
2019/9/20,344.58,345.96,343.59,345.14,14208.42,46.29340481
2019/9/23,347,350,343,348.69,15096.58,52.60173367
2019/9/24,350.5,351.48,347.66,349.87,16511.14,55.86760772
2019/9/25,352.59,352.98,348.01,352.15,17602.92,58.76771447
2019/9/26,354,354,347.15,347.2,17575.6,61.12072408
2019/9/27,346.02,349.5,344.44,345.25,14990.02,51.01627894
2019/9/30,343.33,347.99,342.03,344.49,12293.28,42.46350979
2019/10/8,344.33,344.46,342.6,344,11608.3,38.00423017
2019/10/9,349,349,344.1,348.39,16046.08,56.12585247
2019/10/10,350,350,343.01,346.41,10093.58,34.72854932
2019/10/11,347.68,347.68,342.56,344.56,11520.76,38.12696914
2019/10/14,344.56,344.56,337.95,339.84,20598.36,65.42218723
2019/10/15,341.48,341.8,339.01,341.11,12631.18,42.79475304
2019/10/16,335,342.5,335,340.14,11323.14,37.7279988
2019/10/17,343,343,338.01,341.47,17295.74,56.69337313
2019/10/18,341.47,342.58,339,340.36,10612.1,34.83356863
2019/10/21,341.35,341.35,339.01,340.77,10172.56,34.18014247
2019/10/22,342.5,342.5,338.61,340.16,7763.56,26.32655288
2019/10/23,340.95,341,338.67,340.58,9253.02,31.36342617
2019/10/24,285,343,285,339.94,11999.94,39.56426096
2019/10/25,341.5,344,340.4,343.8,13314.84,41.93179553
2019/10/28,345.75,346,342.11,343.64,10011.38,34.37734537
2019/10/29,346,346,339.8,340.68,12963.56,42.38455591
2019/10/30,340.35,340.75,338.21,339.8,15435.2,50.84648936
2019/10/31,340.95,340.95,339.35,340.3,8501.86,28.93709789
2019/11/1,340.3,343.66,340.3,343.27,17310.22,57.21217679
2019/11/4,342.65,343.97,341.6,342.52,6618.92,22.44749088
2019/11/5,345,345,340.4,340.99,9080.66,30.07542798
2019/11/6,343,343,335.01,336.05,9917.44,33.23861472
2019/11/7,337,337.79,335.2,335.84,16287.7,52.66481596
2019/11/8,335.38,335.38,329,331.4,12115.58,38.96176567
2019/11/11,335,335,327.02,330.93,9781.58,32.15501086
2019/11/12,333,333,326,327.82,10664.32,33.94699921
2019/11/13,328.98,331.2,321.4,330.9,16441.66,53.22440536
2019/11/14,330,332.4,330,331.98,9282.88,30.55930503
2019/11/15,333,333,330.62,331.12,25345.44,80.96075574
2019/11/18,331.12,331.7,330.56,330.79,11170,36.48267698
2019/11/19,333,333.6,329.51,332.45,12637.36,41.99301011
2019/11/20,333.88,334.3,331.52,333.6,19361.56,63.14343642
2019/11/21,334.98,334.98,332.78,333.43,14165.7,45.78398456
2019/11/22,334.68,334.68,331.55,333.9,8607.9,28.63229531
2019/11/25,334.36,334.36,330.59,330.89,15140.9,50.21344852
2019/11/26,332.88,332.88,329.05,330.89,9056.72,29.88619038
2019/11/27,331.95,331.95,329.5,331.5,25648.82,83.90111753
2019/11/28,332.16,332.16,329.65,330.6,8060.52,26.48589189
2019/11/29,329.09,331.7,329.09,331.69,9204.8,29.82310874
2019/12/2,332.36,332.36,330,331.31,12965.62,42.87916238
2019/12/3,331.4,333,331.02,333,14385.82,46.1413767
2019/12/4,333.85,339.3,333.5,339.22,9101.58,29.88872255
2019/12/5,339.98,339.98,335.5,336.49,10656.88,34.80614534
2019/12/6,337.68,337.68,334.26,334.6,12599.68,40.49993075
2019/12/9,337.1,337.1,331.61,332.31,25387.02,81.95562299
2019/12/10,334.49,334.49,331.7,333.43,15017.08,48.61541036
2019/12/11,332.91,333.53,332.34,332.68,15636.86,52.02272442
2019/12/12,334,334.85,332.1,334.69,19596.68,62.92452908
2019/12/13,335,336.9,330,331.75,23416.2,76.48220355
2019/12/16,332.68,334.16,330.2,334.16,19163.72,62.07277109
2019/12/17,334.86,334.86,333,333.71,24435.72,79.63445303
2019/12/18,334.95,334.95,333.24,334.25,26011.9,82.97023851
2019/12/19,334.9,334.9,332.8,333.52,20808,67.50949206
2019/12/20,334.88,334.98,333.5,334.89,15175.2,49.45062243
2019/12/23,335.36,336.32,333.05,336.08,19087.76,63.93152891
2019/12/24,337,337.59,335.43,336.96,21697.78,71.61429567
2019/12/25,337.88,339.55,336.62,338.59,17974.46,59.15828734
2019/12/26,339.45,340.1,338.36,339.84,21969.9,70.51349459
2019/12/27,341.86,342.29,338.11,340.47,35948.1,120.0183822
2019/12/30,340.7,342.5,340.32,340.43,14247.36,47.70331711
2019/12/31,340.4,343.5,340.4,340.8,9549.6,32.19575807
2020/1/2,341.95,343,340.8,341.91,26602.82,90.13929337
2020/1/3,342.98,347.48,340.9,347.3,13606.1,47.04371489
2020/1/6,350,355.78,347,354.55,30388.88,105.4943597
2020/1/7,356,356,350,351.35,22717.7,76.61139263
2020/1/8,352.99,361,350.15,356.61,23762.42,83.98758533
2020/1/9,355.55,358.6,344,345.84,19991.76,68.666543
2020/1/10,354,354,345.01,346.79,17303.28,58.19929946
2020/1/13,347.45,348,345.5,345.7,19620.74,67.12064046
2020/1/14,347.58,347.58,340.5,342.96,21904.66,71.79385218
2020/1/15,343.98,345.85,342.6,344.97,16776.8,56.21592072
2020/1/16,347,347,344.8,345.45,20330.18,67.2787216
2020/1/17,347,347,343.9,344.75,15812.46,53.18841285
2020/1/20,345.01,345.6,344,345.2,11714.1,40.38227597
2020/1/21,345.98,348.8,345.1,348.2,13390.74,46.43063889
2020/1/22,342,347.85,342,345.86,10415.84,34.91869559
2020/1/23,346,348.1,345.7,347.88,3660.54,12.56648433
2020/2/3,349,358,349,356.11,9506.68,33.78510899
2020/2/4,357.8,357.8,353.61,354.06,3275.44,11.61710592
2020/2/5,356,356,349.5,351.7,3635.44,12.83681557
2020/2/6,351.7,351.7,348.5,349.39,1794.34,6.26907898
2020/2/7,353,353,350.1,351.81,1997.22,7.030745916
2020/2/10,354,354.4,351.15,353,2486.38,8.7843343
2020/2/11,354.6,354.6,351.69,352.43,4840.38,16.44617641
2020/2/12,352.64,352.98,350.02,350.89,3202.44,11.00460932
2020/2/13,352.45,353.99,351,353.46,7186.06,25.05185527
2020/2/14,354.8,354.8,352.9,353.79,2547.86,8.63636477
2020/2/17,354.89,355.85,353.93,355.29,8617.06,30.4515021
2020/2/18,356,357.5,354.82,357.23,8120.8,26.62140203
2020/2/19,358.5,361.5,357.01,361.11,13392.2,45.16607461
2020/2/20,364,364,359,362.29,13222,46.10234084
2020/2/21,365,370,363.8,369.78,8254.54,28.84561103
2020/2/24,372.8,378.49,369.31,376.9,7579.14,28.16696132
2020/2/25,379,381,368.5,369.53,13533.94,48.50153582
2020/2/26,374,374,369.5,371.76,12517.94,45.94780223
2020/2/27,373.16,373.16,367.3,371.3,11756.44,41.42905871
2020/2/28,371.3,373.2,365.35,365.36,7583.66,27.2392507
2020/3/2,368.88,368.88,353,359.04,8786.92,31.19778523
2020/3/3,362.5,362.5,356.8,358.64,9146.2,31.65977971
2020/3/4,361.98,368,358.82,365,5972.64,21.44859067
2020/3/5,367.58,367.58,364.01,366.49,6070.24,22.18164497
2020/3/6,370,375.35,366.49,372.4,9633,33.1720128
2020/3/9,373.67,377.8,367.27,373.46,12891.04,48.18032045
2020/3/10,373.46,373.69,365.5,367.01,10900.14,37.91222875
2020/3/11,368.88,370,366.2,370,8786.9,31.76518734
2020/3/12,373,373,364.8,366.49,11920.4,41.79631288
2020/3/13,369,369,348.98,356.02,19855.38,67.31003409
2020/3/16,358.88,358.88,341,345,12455.12,43.19603135
2020/3/17,340,340,328.15,331.07,23317.78,76.17330874
2020/3/18,332.98,346,329.01,338.39,18871.54,62.40455039
2020/3/19,339.75,342,331,336.15,21185.46,66.40619973
2020/3/20,337,340.5,333.18,340,25431.2,80.02545356
2020/3/23,342.98,342.98,337.1,339.2,18828.82,62.60258055
2020/3/24,343,358.96,339,356.71,21090.2,72.65926447
2020/3/25,363,372,358.01,362.98,15755.32,56.50664061
2020/3/26,367.98,367.98,361.2,362,23830,80.09606134
2020/3/27,367,367.98,364.12,365.45,25550.38,87.80164241
2020/3/30,367.7,367.7,363.01,363.99,16119.68,58.80152582
2020/3/31,364.5,365.55,363.5,364.27,9155.06,33.0914068
2020/4/1,364.98,364.98,355.08,360,25842.76,84.45089795
2020/4/2,360.9,361.5,355,360.53,19568.54,64.94849762
2020/4/3,361.3,364.68,360.23,362.5,6878.72,23.38386739
2020/4/7,370,377.48,370,371,13355.1,49.65562251
2020/4/8,372.1,373.5,368.2,370.12,15732.16,54.34202801
2020/4/9,373,373,368.63,370.3,30830.24,101.8215566
2020/4/10,370.3,374,360.93,372.1,11023.4,39.54065276
2020/4/13,372.4,373.79,371.1,371.95,21538.32,77.40728175
2020/4/14,373.8,379,371.09,377,16521.54,62.19435849
2020/4/15,379,380.3,368.55,374.01,21907.84,76.78270545
2020/4/16,378,378.95,372.71,378.3,16454.16,60.07197065
2020/4/17,380,386.36,369.52,369.92,11778.3,43.6880309
2020/4/20,372.99,372.99,366.96,370.29,8718.06,32.2691822
2020/4/21,373.6,374.8,371.5,374.64,16264.52,57.69133301
2020/4/22,372,374.45,366,373.5,16367.3,57.27627051
2020/4/23,376,380.1,372.01,378.8,15520.46,57.65335502
2020/4/24,384.9,384.9,379.18,381.14,17498.32,59.5036331
2020/4/27,383.98,383.98,379.1,380.45,19666.34,71.08222056
2020/4/28,378.09,381,375.2,377.04,21087.18,75.47248554
2020/4/29,379.4,379.4,375.8,378.1,14951.58,55.68033543
2020/4/30,378.79,381,377,380.94,14971.98,56.37600251
2020/5/6,380.95,380.95,377.01,380.3,8684.8,32.26673986
2020/5/7,381,381.03,377.85,379.88,15154.92,53.53028353
2020/5/8,379.85,383.5,378.16,383.5,19466.1,68.47927084
2020/5/11,384.6,384.6,380.3,381.26,14447.58,53.17254375
2020/5/12,383,383,379.71,380.99,15747.52,55.13257036
2020/5/13,383,383,380.11,381.1,7020.34,26.26666902
2020/5/14,382,383.7,381.09,383.49,16626.54,56.53003856
2020/5/15,384.83,389.6,382.28,388.81,10913.12,40.17835564
2020/5/18,391.8,399.8,387.72,398.21,15307.16,58.43796179
2020/5/19,402.6,402.6,391,392.39,16312.96,61.20455482
2020/5/20,393.99,397.2,392.2,396.73,10104.46,37.2610259
2020/5/21,400,400,391.81,391.99,13651.34,51.37145428
2020/5/22,395,395,388.69,392,17390.6,58.93791799
2020/5/25,393.6,393.6,391,391.33,9237.78,35.44887283
2020/5/26,394.4,394.4,391.21,393.16,14327.78,52.81372376
2020/5/27,393.99,393.99,388.87,390,11956.02,46.27772389
2020/5/28,391.98,392.75,386,392.41,12666.14,48.17374199
2020/5/29,392.9,392.9,390.1,391.93,14108.1,46.79276416
2020/6/1,395,396.59,393.03,395.99,13193.96,52.14128113
2020/6/2,397.4,397.4,394.01,394.8,8877.14,34.73496586
2020/6/3,396.68,396.68,391.1,391.2,13228.24,50.03537606
2020/6/4,392.95,392.95,386.29,387.86,9324.06,35.96192979
2020/6/5,389.69,390.95,387.5,387.84,7017.44,27.18441034
2020/6/8,390.8,390.8,380.79,384.22,10913.44,41.9338768
2020/6/9,385.8,385.8,382.6,384.61,10420.66,38.00837644
2020/6/10,385.78,388.9,385.3,388.89,9104.44,35.34332226
2020/6/11,390.5,392.3,387.5,391.9,9531.46,36.27177916
2020/6/12,389.12,393.3,389.12,391.13,6466.94,24.33832762
2020/6/15,392.5,393.5,388.5,388.53,8481.58,33.15648285
2020/6/16,389.6,391.25,386,389.59,13287.34,49.43333916
2020/6/17,393.1,393.1,389,390.5,12884,49.29945217
2020/6/18,390.6,390.75,388.78,389.89,9614.78,37.18667674
2020/6/19,390.98,391.2,389.4,390.67,16383.08,59.04651338
2020/6/22,394.6,396.49,390.15,393.82,17722.52,66.57569246
2020/6/23,396,396,393.25,394.5,20377.02,73.21210837
2020/6/24,397.8,397.8,394.85,397,15503.3,58.46455509
2020/6/29,399,399,397,397.15,19831.5,78.70245744
2020/6/30,397.02,398.09,396.85,397.76,6521.28,25.88314308
2020/7/1,397.76,401,397,400.82,13316.56,53.27163145
2020/7/2,401,401,395.93,396.04,11879.96,46.8681197
2020/7/3,398,398.5,394.91,397.55,11067.5,40.21824635
2020/7/6,398,398,396.45,396.97,7470.2,29.66271602
2020/7/7,398,398.2,396.01,397.46,9502.78,36.91276381
2020/7/8,399,399.66,396.55,399.39,8512.28,32.74954929
2020/7/9,405,405,399.99,401.99,11274.14,42.353581
2020/7/10,404.5,404.5,399,399.79,8557.74,32.86540039
2020/7/13,404,404,399.3,401.18,7409.26,29.67716935
2020/7/14,403.99,403.99,399,400.33,10003.78,37.64436197
2020/7/15,400.33,401.75,399.8,400.39,8773.88,33.76468986
2020/7/16,401.75,401.75,399.3,399.79,10055.28,39.42116344
2020/7/17,403.5,403.5,396.04,397.44,11543.22,43.75464688
2020/7/20,398,398.8,397.51,398.69,7240.72,28.84558139
2020/7/21,399.49,402.5,399.49,401.66,10597.38,41.05683221
2020/7/22,401.66,415.99,401.66,410.44,11969.3,47.36932659
2020/7/23,414,414,406.1,412.65,7146.38,29.06377424
2020/7/24,412.01,417.99,412.01,417.95,14900.3,58.44336431
2020/7/27,417.99,430.48,417.8,426.85,11663.38,49.61198599
2020/7/28,427.03,436,423,425.2,15946.3,68.04195275
2020/7/29,425,428.88,422,427.07,10176.68,41.02385699
2020/7/30,427,428.6,422,422,10710.22,44.18257345
2020/7/31,420.2,429,420.19,428.97,7573.32,31.98247137
2020/8/3,428.99,429.79,425.5,427.68,13223.5,56.61169308
2020/8/4,427.1,428.8,426.5,428.09,12698.22,53.57592284
2020/8/5,428.29,440.5,427.11,439.59,12436.08,54.2854523
2020/8/6,441.45,443.25,436,442.99,11461.76,49.37713697
2020/8/7,446,449,443.5,445.99,10676.52,46.49948255
2020/8/10,445.13,446.8,439,441.9,10286.8,44.71012539
2020/8/11,442.98,444.8,430.1,433,9327.22,40.01952472
2020/8/12,415.27,428.5,401.4,407,13702.44,55.39600219
2020/8/13,407.85,415,407.85,412.5,11004.56,45.33953864
2020/8/14,411.72,422.77,411,416.54,15858.4,64.39860776
2020/8/17,416.54,421.5,415.7,420.7,9808.94,40.62201102
2020/8/18,423.99,430.42,420.31,430,12064.1,51.49167614
2020/8/19,431.2,433.21,422,423.88,16849.9,71.56990919
2020/8/20,426.87,426.87,412.51,415.6,19197.86,79.26574855
2020/8/21,414.1,416.7,412,414.99,13948.28,57.47696608
2020/8/24,405,417,404.4,415.71,10546.46,43.54083742
2020/8/25,417.99,419,412.6,413,11992.88,49.37060022
2020/8/26,423.89,423.89,412,412.58,11486.14,46.92949005
2020/8/27,412.9,417.89,411.11,417.6,11738.2,47.69243137
2020/8/28,416.56,423,413,418.18,13038.12,52.27884593
2020/8/31,419.69,421,417.56,419,8712.02,36.59055569
2020/9/1,420.38,424.04,419.02,423.98,14993.86,63.35557831
2020/9/2,424.9,426,418.3,418.3,14771.9,61.98818713
2020/9/3,417.01,420.39,412,414.5,10659.1,44.1386748
2020/9/4,415.5,416,412.11,414.8,11742.74,47.84867799
2020/9/7,415.98,424.05,411.4,413.22,14760.36,61.16152757
2020/9/8,413.99,414.9,412.08,414.5,9284.6,37.83195285
2020/9/9,411.01,415.79,409.92,414.78,12923.44,51.74349342
2020/9/10,414,417.7,413.18,417.43,12433.24,51.73216342
2020/9/11,417.5,419.5,414.6,416.29,9559.86,39.77398831
2020/9/14,416.98,417.55,415.5,415.5,8899.54,36.35058314
2020/9/15,415.15,418,415.15,417.03,10959.62,44.33822589
2020/9/16,417.99,418,414.89,416.46,9697.44,39.13230482
2020/9/17,415.04,417,412.38,413.7,10540.84,42.52368442
2020/9/18,413,415.5,411.28,415.48,11049.98,45.44629073
2020/9/21,415.01,416.25,414,415.27,11276.8,46.30350548
2020/9/22,414,414.8,398.86,405.58,15833.66,63.8348543
2020/9/23,405.89,407.8,398.5,400.67,15257.06,60.98584383
2020/9/24,400,401.58,394,395.29,19430.26,77.0886543
2020/9/25,395.5,400.4,395.01,400,28691.64,116.3975814
2020/9/28,398.2,400,397.5,399.21,24862.52,97.54986527
2020/9/29,397.72,404.5,397.72,403.8,13523.18,54.39991084
2020/9/30,404.5,405.6,402.77,402.97,6117.44,24.40140107
2020/10/9,403.8,405.8,402.5,404.49,20563.26,82.43030952
2020/10/12,406,409.8,404.65,408.79,13520.7,55.27891676
2020/10/13,409.3,409.7,406.2,406.63,6918.16,27.97191104
2020/10/14,407.48,407.6,399.8,402.85,15361,59.65697941
2020/10/15,403.5,404.48,400.61,402.3,14711.74,57.83585629
2020/10/16,401.25,404.5,400.65,404,10839.42,42.17588685
2020/10/19,403.7,404.45,401.03,404.4,12394.38,49.7897557
2020/10/20,404.96,404.97,401,401,13430.48,51.83999036
2020/10/21,402.4,404.8,402,404.1,15551.36,60.73215142
2020/10/22,402.91,405.69,402.91,404.01,10656.58,41.41349993
2020/10/23,403.02,404,401.1,402.74,8913.56,35.65350626
2020/10/26,405,405.5,400.2,400.9,9971.92,39.50312899
2020/10/27,401.3,404.49,401.3,404.02,9841,39.15129404
2020/10/28,403.8,405.25,403.79,404.6,10018.18,40.22889022
2020/10/29,403.78,403.78,398.7,399.47,16900.44,65.51488805
2020/10/30,398.58,399,395,397.21,11407.28,45.25358354
2020/11/2,397.98,400.4,397.6,399.9,18141.48,71.86214621
2020/11/3,400.58,402.2,399.15,401.56,9261.44,37.17236651
2020/11/4,402.02,404.6,402.02,402.66,10358.14,41.77980463
2020/11/5,405,405,399.5,402.37,20143.62,78.51823313
2020/11/6,403.66,408.8,403.66,406.94,11814.28,47.39729868
2020/11/9,408.98,409.28,406.2,406.2,10868.2,44.13880409
2020/11/10,405.15,405.15,392,396.69,19332.54,75.12337021
2020/11/11,394.02,396,394.02,396,11643.66,45.48584463
2020/11/12,395.2,395.4,392.2,394.39,13418.12,51.57090758
2020/11/13,394.99,396.5,393.9,395.93,8917.5,34.81721545
2020/11/16,396.38,398.5,395.25,396.01,10150.64,40.26235659
2020/11/17,392.58,396.8,391.58,395.8,12771.14,48.50438174
2020/11/18,394.68,396.27,392.4,393.72,17878.78,66.68325514
2020/11/19,392,394.2,390.23,391.5,11457.2,44.66344672
2020/11/20,390.06,392.9,390.05,392.1,11383.22,44.56651236
2020/11/23,395,395,391,391.65,10247.98,40.15746138
2020/11/24,390.9,391.89,381.51,383.36,14317.08,52.78025653
2020/11/25,380,381.85,377.7,378.45,12604.68,47.2445361
2020/11/26,379.9,380.7,278.39,378.85,17646.4,66.08037429
2020/11/27,378.8,379.81,377.5,377.5,8536.9,32.30498102
2020/11/30,377,378,366,370.58,10711.32,39.54830056
2020/12/1,368.5,373.1,367,372.99,17025.76,63.3693955
2020/12/2,374.88,378.5,374.88,378.43,14414.5,53.55132634
2020/12/3,380.5,382.99,378.2,382.98,11004.46,41.93437473
2020/12/4,382.6,383.5,379.01,383.38,12883.7,49.12519477
2020/12/7,383.39,383.39,380.3,382.52,17002.52,64.32058864
2020/12/8,380.33,387.86,380.33,386.76,22179.4,83.53074338
2020/12/9,385.99,388.2,384.3,384.75,10404.94,38.94569805
2020/12/10,384.75,385.7,381,381.46,14840.04,56.42626625
2020/12/11,378,384.1,369.61,381.46,16312.44,60.59032588
2020/12/14,381.6,383.69,380.45,380.46,14075.34,53.63248879
2020/12/15,380.2,384.09,379.02,383.8,16426.42,61.25834872
2020/12/16,384,386.8,383.5,385.44,15281.78,58.02787088
2020/12/17,386.75,388.8,384.1,388.7,14443.96,54.89727833
2020/12/18,389,391.89,388.22,390.34,19318.52,73.47993438
2020/12/21,390.98,397.91,389.43,395.96,16427.9,64.63072843
2020/12/22,391.3,394.48,390.3,390.32,19167.92,74.13084562
2020/12/23,390.31,392.5,388.6,390.12,14140.94,54.57444104
2020/12/24,388.55,391.8,387.6,390.4,19707.52,75.6934895
2020/12/25,389.73,392.74,389.11,392.21,13014.66,50.73116134
2020/12/28,392.99,396,391.36,391.61,17212.46,67.30891053
2020/12/29,391.4,395,389.8,390.66,19895.38,77.5546736
2020/12/30,390.8,391.5,389.8,390.39,12172.96,46.7400884
2020/12/31,389.54,394.5,389.54,390,5896.62,23.16933868
2021/1/4,397.48,399.5,396,398.09,22727.38,90.07511166
2021/1/5,398.12,401.2,398.12,401,13622.22,53.55364974
2021/1/6,401.58,402.48,399.71,400.73,12159.58,47.87946779
2021/1/7,401,401.73,394.02,398.49,12192.2,47.99559284
2021/1/8,395.21,397.99,395.2,395.97,13650.98,52.9293099
2021/1/11,393.58,394,379,385,14378.34,55.12286438
2021/1/12,384.51,388,382.99,387.99,17226.42,65.39146654
2021/1/13,388.85,388.85,384.7,386.5,14958,56.93688992
2021/1/14,387.8,388,382.5,383.7,15929.28,59.73072409
2021/1/15,384.95,387.6,383.8,385.41,11103.9,42.30065596
2021/1/18,385.58,386.02,380.8,384.6,16190.34,62.14273798
2021/1/19,385,386,384,384.97,16524.22,63.15000465
2021/1/20,385.48,386.88,383.2,386.76,11809.32,45.54256678
2021/1/21,386,390,383.03,389.46,14667.14,57.02760072
2021/1/22,389.6,389.6,387.25,388.09,14552.24,56.50276751
2021/1/25,381.09,388.9,381.09,386,11911.86,45.90994334
2021/1/26,386,390.5,386,387.45,17795.92,68.69452999
2021/1/27,386.51,387.48,383.8,385.39,11948.9,46.01455073
2021/1/28,384,386,382.22,382.23,15404.76,59.12500137
2021/1/29,384,386.92,382.65,384.5,12756.22,49.05637395
2021/2/1,385.45,389.45,384.01,388.47,28166.64,108.8041017
2021/2/2,389,389.9,384.7,384.83,17046.8,66.08468632
2021/2/3,384.01,386.2,381.28,382.36,16830.26,64.03441288
2021/2/4,382,383.69,377.3,379.5,11992.38,44.55208379
2021/2/5,379.59,379.59,373.21,376.23,11774.38,43.95973966
2021/2/8,378,378.79,374.61,378.59,13031.76,48.92505379
2021/2/9,372,383.19,372,382.74,14575.26,55.12451037
2021/2/10,384,384,380.81,383,4951.32,18.93544518
2021/2/18,377.01,377.01,370.5,372.06,13998.88,51.94733417
2021/2/19,373.87,373.9,368.5,370.67,15679.52,58.0754615
2021/2/22,369.8,375.49,369.53,374.5,15080.96,56.34919079
2021/2/23,375,379.12,375,377.99,16664.42,63.05804247
2021/2/24,378.99,378.99,375.8,377.28,17984.14,67.78458052
2021/2/25,377.28,377.6,372.58,373.04,11858.18,44.34158101
2021/2/26,372,374.4,367.1,368.26,14172.3,52.43853489
2021/3/1,368.26,370,360,367.37,21695.14,79.31624
2021/3/2,366,366,357.5,360.42,22509.16,81.06311802
2021/3/3,362.79,363,360,362.08,10442.64,37.99108875
2021/3/4,362.96,362.96,356.12,359,15636.34,56.20639311
2021/3/5,358.5,359.69,353.43,355.7,11647.78,41.44026695
2021/3/8,356,360,354.8,358.95,11976.94,43.05728038
2021/3/9,353.06,357.85,353.06,357.75,11012.56,39.43261118
2021/3/10,357.75,362.33,357.75,361.07,14607.88,52.91570341
2021/3/11,360,365.2,360,364.91,17163.88,62.34227898
2021/3/12,363.41,364.5,359.5,359.62,15267.62,55.48282878
2021/3/15,365.44,365.44,358.34,362.88,26658.22,103.127913
2021/3/16,364.29,364.8,363,363.26,27626.12,100.1664359
2021/3/17,364.89,365.68,363.5,364.7,13991.22,50.73783924
2021/3/18,363,368.33,362.7,366.79,13277.58,48.23198761
2021/3/19,364.51,367,362.02,366.64,14218.1,51.52317978
2021/3/22,365.65,367.65,364,364.4,11432.5,41.95985748
2021/3/23,364.31,366.26,364,366.2,17541.12,63.90789182
2021/3/24,366,366.45,363.8,364.59,15680.64,57.03788748
2021/3/25,365,367.3,364.05,365.68,26144.68,95.72175229
2021/3/26,365.02,368.7,364.21,365.1,16313.96,59.7658157
2021/3/29,365,366.6,364.6,365.4,16770.16,61.40795352
2021/3/30,366.45,366.45,360,360.66,13573.96,49.2249287
2021/3/31,358.5,359,355.3,356.79,8967.82,31.98607554
2021/4/1,356.5,364.56,356,364.49,21297.84,77.26055225
2021/4/2,364.1,368.89,363.22,368.04,8964.02,32.88399008
2021/4/6,368.5,368.5,365.8,366.39,11710.88,43.06610076
2021/4/7,367.7,368.59,366.9,368.14,9009.7,33.19007402
2021/4/8,366.03,369.49,366.03,369.2,13052.9,48.1715371
2021/4/9,370,372.3,369.66,370.15,14020.8,52.05310748
2021/4/12,370.98,370.98,367.3,368.62,9703.86,35.74405436
2021/4/13,368.7,368.7,364.95,365.59,12134.92,44.47617995
2021/4/14,365.9,369.5,365.8,368.6,11552.82,42.82384661
2021/4/15,368.31,368.75,366,368.52,15655.82,58.1322542
2021/4/16,368.95,373,368.12,371.8,14564.1,54.31199942
2021/4/19,373.5,375.95,373.33,374.7,13764.1,51.86778168
2021/4/20,374.61,374.62,370.5,371.44,15069.06,55.96287973
2021/4/21,372.39,375.08,371,374.65,11051.8,41.46134808
2021/4/22,374.6,376.79,372.09,375.2,15664.58,59.06554566
2021/4/23,375.5,375.5,373.25,373.81,14661.62,55.0886489
2021/4/26,376.1,376.1,371.5,372.83,14248.08,53.3185043
2021/4/27,372.2,373.5,371.4,372.97,11792.28,44.0087778
2021/4/28,372.6,374.2,370,370,15313.2,57.10161584
2021/4/29,370.5,374.4,370,372.44,26256.84,98.90880206
2021/4/30,372.3,372.39,368,370.97,7850.42,29.01422625
2021/5/6,373,375.8,373,375.35,18367.4,68.7516534
2021/5/7,375,379.95,374.61,379.82,13415.6,51.20289414
2021/5/10,379,382.6,378.51,380.7,9850.02,37.52198447
2021/5/11,380.21,382.08,380.1,380.7,11050.48,42.22921923
2021/5/12,381.81,381.98,377.52,381.29,10845.7,41.38970285
2021/5/13,380.9,383,378.82,379.41,10946.4,41.73568374
2021/5/14,378.01,381.8,378.01,381.13,9756.3,37.16327384
2021/5/17,380,386.5,380,385.57,11865.1,45.81922392
2021/5/18,384.95,389.8,384.5,388.2,12519.32,48.778216
2021/5/19,389.99,389.99,386.51,388.83,10470.2,40.66505848
2021/5/20,387,392.2,386,389.14,9798.92,38.23178832
2021/5/21,389.5,391.3,388.36,389.4,10752.54,41.87907248
2021/5/24,390,392.5,388.02,390.8,9245.18,36.25222279
2021/5/25,390,391.29,387.55,389.68,13810.66,54.02750685
2021/5/26,389.2,394.6,389,393.2,12617.9,49.63459239
2021/5/27,393.99,394.29,390.01,390.5,9735.1,38.08691883
2021/5/28,390.5,391,388.25,388.82,10559,41.17308836
2021/5/31,386.3,392.2,386.2,391.1,7786.24,30.53009434
2021/6/1,391,393.8,391,393.5,16291.4,63.99943715
2021/6/2,391.9,393.5,343,387.97,14612.22,57.01318303
2021/6/3,388,389.6,384.9,385.44,10076.4,39.05502487
2021/6/4,382.1,385,374.99,382.51,11708.46,44.35037215
2021/6/7,381.7,384.8,381,384.29,8900.98,34.17272307
2021/6/8,384.3,388.1,384.3,385.3,17257.4,66.87508761
2021/6/9,386.6,387,384.03,386,8792.92,33.98948041
2021/6/10,386.88,386.88,383.9,384.73,14290.2,55.21584987
2021/6/11,383.2,388.4,382.01,388.01,11587.52,45.00376601
2021/6/15,383.2,383.2,379,381.99,18470.42,70.88598534
2021/6/16,381.95,381.98,379,381.09,11400.44,43.58500447
2021/6/17,378.39,381.65,373.6,374,17830.58,67.18849804
2021/6/18,371.7,373.8,368.8,371,18950.46,71.17507565
2021/6/21,373,373,368.3,370.58,16572.12,61.38551967
2021/6/22,370.95,372.8,370.11,371.56,19179.52,72.19069207
2021/6/23,371.99,372.5,370.15,371.93,12154.28,45.60287962
2021/6/24,372.55,374.3,370.35,370.35,14315.64,54.64934636
2021/6/25,371.98,372.1,369.5,370.74,12263.7,45.82106394
2021/6/28,371.4,371.79,368.8,371.16,18605.72,69.38522043
2021/6/29,369.3,371.1,369.21,369.29,15886.56,60.50385435
2021/6/30,369,369.5,365.6,365.82,7829.18,28.6979626
2021/7/1,366,371,365.8,370.26,15753.38,58.26950049
2021/7/2,369.01,371.65,369.01,371.09,9468.74,35.24215547
2021/7/5,372,374.12,370,372.5,6878.4,25.61393876
2021/7/6,372.6,376,371.5,375.99,9780.26,36.58330118
2021/7/7,376,377.39,374.02,375.39,9797.86,37.11898051
2021/7/8,375.8,376.89,374.75,376,10151.16,38.19545037
2021/7/9,376.99,378.3,374.5,376.69,9123.44,34.41984581
2021/7/12,373.68,377.6,373.68,375.62,12114.26,43.51854499
2021/7/13,375.18,377.2,374,376.87,8832.32,33.28574272
2021/7/14,377.25,378.2,375.5,377.71,9813.56,37.5127813
2021/7/15,378.65,381,378,380.5,10969.88,42.13891679
2021/7/16,380.93,381.1,378.8,379.24,7183.7,27.3061853
2021/7/19,379.06,380.24,376.26,376.5,9824.12,37.12217015
2021/7/20,376,379.53,375.3,378.48,7267.26,28.10374795
2021/7/21,380.1,380.3,376.1,377.03,7824.2,29.63032751
2021/7/22,375.01,376.4,374.24,375.01,12632.56,47.9219167
2021/7/23,376,376.5,373.9,376.37,7262.34,27.68028162
2021/7/26,375.1,377.7,375,377.68,10451.44,41.04662112
2021/7/27,379.49,379.5,374.11,376.49,8478.82,31.77846853
2021/7/28,375.7,378.7,375.5,377.94,13796.5,53.48691821
2021/7/29,376.94,379.65,376,378.78,9128.86,34.5739065
2021/7/30,380.5,381,378.8,380.9,8065.3,30.66010968
2021/8/2,380.01,380.9,376.25,376.25,17444.1,65.89425466
2021/8/3,377.16,377.58,376,376.91,9140.28,35.28242328
2021/8/4,376.42,377.65,376.4,377.46,7616.4,28.96917245
2021/8/5,377.58,380.4,376.4,376.75,12257.22,46.51798743
2021/8/6,388.5,388.5,371,374.73,9579.6,35.89588763
2021/8/9,376.98,376.98,362.5,365.44,25044.68,91.62337385
2021/8/10,365.44,365.5,362,363.5,20336.46,73.82565
2021/8/11,363,363.25,360.5,362.37,19605.24,71.21030154
2021/8/12,363.98,366.99,363.08,366.8,10869.68,39.82758642
2021/8/13,366.6,367.75,364.6,367.69,12066.54,44.70240965
2021/8/16,367,372,367,371.14,16067.96,60.87224499
2021/8/17,370,375,370,374.7,12896.2,49.22746693
2021/8/18,366,375,366,374.2,12101.78,46.35800081
2021/8/19,371.1,373.99,371.1,372.87,18733.08,72.21065586
2021/8/20,373.5,374.99,372.5,374.39,10286.8,39.21465257
2021/8/23,374.4,374.4,371.79,373.66,12015.7,45.29093656
2021/8/24,373.79,377,373.79,376.44,11870.7,44.66934151
2021/8/25,376.4,377,374.35,374.4,13110.32,49.55387574
2021/8/26,375,375.5,372.8,373.27,7769.38,29.01606733
2021/8/27,373.5,377,372.1,376.39,12878.54,49.37878514
2021/8/30,376,379.78,374,377.5,12646.66,48.24204173
2021/8/31,377.51,378.2,376,377.55,11724.04,45.2666251
2021/9/1,379.98,379.98,375.2,377.38,19675.76,75.94900725
2021/9/2,379,379,376.3,377.29,6745.74,25.38057467
2021/9/3,376.8,377.6,375.63,376.95,15562.9,59.11879247
2021/9/6,377.99,380.98,377.99,379.43,13921.64,53.66982205
2021/9/7,380.49,380.49,377.79,378.5,14458.42,55.65915012
2021/9/8,378.48,378.48,373.8,374.85,18146.48,68.16407375
2021/9/9,375.98,375.98,371.6,373.17,8476.96,31.57881606
2021/9/10,375.38,375.38,371.81,374.09,14500,54.23652167
2021/9/13,374.8,374.8,371.8,372.95,16904.86,63.01382821
2021/9/14,373,373.79,372.05,373,12393.68,46.60528917
2021/9/15,373,375.5,371.4,374.1,12418.86,46.8528835
2021/9/16,374.8,375.3,370,371.09,15658.5,58.44484184
2021/9/17,370,370,364.2,367.73,22148.2,81.31259122
2021/9/22,372,372.75,371,372.23,23080.26,87.68632756
2021/9/23,372,372,368.05,368.54,25633.68,96.47259076
2021/9/24,370,370,365.11,366.69,26205.02,96.2075502
2021/9/27,366.5,368.11,364.3,367.74,29233.36,107.5599225
2021/9/28,367.9,367.97,363.6,364.62,17093.7,62.7426594
2021/9/29,364.2,364.39,362,363.64,29464.94,107.4703758
2021/9/30,364.3,364.47,361,362.14,12370.82,44.87842665
2021/10/8,367.19,367.43,365.9,365.9,27957.6,102.6173899
2021/10/11,367,370.5,365,365.15,23522.26,86.16407413
2021/10/12,367,367.79,276.99,367.37,13870.72,51.32410983
2021/10/13,367.1,368.2,366.6,367.16,10759.82,39.50350651
2021/10/14,369.5,372.49,366.4,371.99,16141.4,60.68048531
2021/10/15,372.8,373.2,371,371.09,16613.18,63.78339574
2021/10/18,367.09,370.49,366.01,366.36,19611.42,72.36530458
2021/10/19,367.74,367.97,366.03,367.87,20517.3,77.39029534
2021/10/20,367.8,368.1,364.5,366.64,18527.32,68.43523073
2021/10/21,367.54,369,366.2,368.2,13013.82,48.34755264
2021/10/22,368,370,367.3,369.89,14614.5,54.58998336
2021/10/25,369.5,372.5,367.01,369.5,16566.72,61.59344813
2021/10/26,371.8,372.3,370.01,370.45,11893.76,44.10603135
2021/10/27,370.99,370.99,366.51,367.49,17535.32,64.51707266
2021/10/28,368.5,371.76,367.5,371.67,14008.12,51.88637145
2021/10/29,369.09,372,369.09,370.19,13560.5,50.33748618
2021/11/1,368,369.5,366.65,368.58,23066.16,85.04563624
2021/11/2,367,370.5,367,370.23,15226.82,57.15571272
2021/11/3,370.63,370.63,366.8,367.35,18889.6,70.57673394
2021/11/4,368.29,368.29,364.1,366.4,22346.2,81.84476949
2021/11/5,366.8,371,366.8,370.89,13824.9,52.02191092
2021/11/8,371.97,376.2,369.6,374.61,13311.76,49.92093555
2021/11/9,374,376.5,374,375.89,14141.76,53.25038219
2021/11/10,375.8,377.2,375.3,375.67,10985.56,41.37152182
2021/11/11,376.4,383,375.6,382.2,11487.2,43.756086
2021/11/12,383,383.7,380,382.15,12012.52,46.05922747
2021/11/15,380,383.5,380,380.68,14433.06,55.01953669
2021/11/16,381.5,383.5,381.04,382.39,11143.58,42.62446204
2021/11/17,384.99,385.5,380,381.7,11876.1,45.26668574
2021/11/18,381.7,383.7,381.4,382.5,10750.28,41.42068994
2021/11/19,383,383.19,381.02,382.68,17232.4,65.98426382
2021/11/22,383.2,383.3,378.2,378.51,14144.26,53.71316423
2021/11/23,379.5,379.5,371,372.48,16352.64,60.91823211
2021/11/24,368.53,372,368,369.89,20280.12,75.2983132
2021/11/25,368.5,369.88,367.5,369.78,16005.96,59.41552928
2021/11/26,369.76,372.2,368.2,372.18,15454.1,57.52438709
2021/11/29,373,373,369,369.44,22482.54,83.26292349
2021/11/30,369.01,369.5,367.25,368.51,11144.16,41.15341115
2021/12/1,369,371,364.75,367.32,24019.36,88.54525539
2021/12/2,368.18,368.18,365.2,365.55,16142.08,59.07211276
2021/12/3,365.99,367.6,363.7,365.16,19134.64,70.65875598
2021/12/6,366.56,368,363.59,367.99,17517.14,64.34175085
2021/12/7,368.89,368.89,366.4,367.47,28487.6,106.4840506
2021/12/8,367.47,376.18,365.3,367.73,15543.1,57.92961969
2021/12/9,366.4,367.3,365.6,366.67,18331.06,67.67333836
2021/12/10,365.8,367.1,364.5,365.85,21223.86,78.21414055
2021/12/13,365.5,367.77,365.21,367.52,17682.78,64.9463304
2021/12/14,369,369,366.8,367.63,16829.46,62.96563492
2021/12/15,366.9,366.9,363.6,363.94,17292.7,63.35670195
2021/12/16,365,367.75,363.41,367.35,23958.24,88.8460426
2021/12/17,367.5,372.1,366.5,371.99,14200.54,52.86297214
2021/12/20,371.53,373.5,371,371,18053.88,67.06998768
2021/12/21,369.51,371,368.4,368.9,17587.7,65.69072531
2021/12/22,371.09,371.09,367.8,367.8,18686.3,69.50344515
2021/12/23,369,372.02,368.5,371.82,16616.9,61.72279615
2021/12/24,371.5,372.89,370.1,372.69,23697.64,88.52696613
2021/12/27,371.6,372.94,371.51,372.27,17073.7,63.75683735
2021/12/28,378.8,378.8,260.88,373.55,14235.3,53.09263931
2021/12/29,373.6,373.8,371.15,371.61,17502.88,64.89241032
2021/12/30,360.8,371.1,280.01,369.79,18358.92,68.36993661
2021/12/31,370.7,374.48,369.7,373.85,7969.42,29.78258562
2022/1/4,373,373,371,371.3,41337.42,153.4961192
2022/1/5,371.3,373.97,370.4,372.84,15670.12,58.44544997
2022/1/6,373.6,374.8,369.7,370.84,29797.94,111.2598621
2022/1/7,372.6,372.6,367.9,368.37,17005.44,62.68773814
2022/1/10,367.01,369.8,367,368.87,23097.42,85.22771394
2022/1/11,370.5,372.5,368.8,372.06,18551.68,69.14123312
2022/1/12,373.3,374.7,370.9,373.31,15532.58,58.49118147
2022/1/13,373.8,374.9,373.05,374.29,16200.16,60.73029651
2022/1/14,375.25,375.25,372.5,374.18,15968.84,60.20764434
2022/1/17,375,375,371.91,372.89,20116.68,74.97747607
2022/1/18,371,372.9,300,371.64,24570.18,92.42596226
2022/1/19,372.8,374.1,370.6,371.8,21865.82,81.55306687
2022/1/20,372,377,372,376.39,17265.88,65.4774243
2022/1/21,374.5,377.6,374.5,376.64,17391.42,66.30805554
2022/1/24,375.05,377,374.8,375.72,16454.42,61.76930905
2022/1/25,375.21,376.49,374,376.34,16121.42,61.14787509
2022/1/26,376,377.38,375.5,376.67,17430.7,65.83040809
2022/1/27,376.22,376.99,369.8,370.28,27918.78,104.7609591
2022/1/28,370.8,371.9,368.1,369.04,11816.5,44.08229999
2022/2/7,369.47,371.54,369.47,371.35,14722.48,54.76959479
2022/2/8,371.02,373.78,371,373.11,13936.52,52.14260254
2022/2/9,373.4,375.1,373,374.87,13134.98,49.62947332
2022/2/10,374.95,376.3,275.05,375.7,9650.78,36.22607722
2022/2/11,375.99,376,373.7,373.84,13346.94,49.95186883
2022/2/14,374.6,381.15,373,379.9,14006.08,53.24096294
2022/2/15,380.68,384.35,379.9,384.04,11699.82,44.84951225
2022/2/16,380,381.9,367.59,378.94,10447.9,39.54894902
2022/2/17,378.52,382.8,378.01,382.29,14981.5,57.07787678
2022/2/18,384.99,386.6,383.2,385.47,10630.16,40.97620417
2022/2/21,385.47,387.29,384.1,385.28,10794.78,41.33145807
2022/2/22,385.4,390.58,385.4,390.44,11162.46,43.24499443
2022/2/23,386.36,388.29,385.98,386.41,10809.98,41.51700459
2022/2/24,385.33,396.75,385.3,395.14,12686.98,49.54018968
2022/2/25,396.8,399.99,388,389.61,12068.94,47.1339192
2022/2/28,386.5,390,384,386.7,10616.66,41.22918739
2022/3/1,387.5,389.5,385,387.9,16181.88,61.44725721
2022/3/2,390.5,394.8,388.02,394.67,13715.1,53.79469794
2022/3/3,394.67,394.67,390.5,391.95,13708.88,52.68611769
2022/3/4,393,395.6,391.6,393.99,11799.14,45.39587535
2022/3/7,393.99,405.5,393.8,401.5,15677.28,63.05750962
2022/3/8,402.9,410.98,398.5,409.96,13468.76,53.83107525
2022/3/9,405,418,405,415.11,11814.46,48.76898549
2022/3/10,410,410.01,399.3,402.1,10753.72,42.98195046
2022/3/11,405.97,408,402.8,403.6,13667.66,54.04541359
2022/3/14,403.01,404.5,399.8,400.69,9184.12,36.43222026
2022/3/15,400,400.19,392,393.7,15125.88,58.60452748
2022/3/16,390,394.8,389.8,391.31,24246.96,91.67604286
2022/3/17,391,395,388.06,394.09,5160,20.26594055
2022/3/18,395.9,397.49,393.4,395.64,8032,31.06409237
2022/3/21,396,396.4,393,393.66,7803.22,30.75791484
2022/3/22,393.16,397.78,393,396.25,12838.5,50.36732107
2022/3/23,394.6,395.5,392.5,393.81,11041.68,43.23523741
2022/3/24,396,399.59,396,398,14909.5,57.42923648
2022/3/25,400.99,402.4,399,400,8674.84,34.66409317
2022/3/28,398.5,401.6,396.5,396.5,9889.98,39.34759907
2022/3/29,397,398.7,394,394,12204.48,47.65076094
2022/3/30,391.5,394.54,387.7,393.84,13619.86,53.31068857
2022/3/31,393.85,395.5,392.15,394.14,4605.9,18.1317858
2022/4/1,394.3,396.8,392.61,395.2,10109.6,39.75215348
2022/4/6,393.89,394.97,393,393.2,13844.36,53.67630857
2022/4/7,393.02,395.52,393.02,394.3,9230.82,36.23425594
2022/4/8,395.44,396.15,394.3,395.12,9599.6,37.68152907
2022/4/11,396,399,395.58,398.39,11014.38,43.70251974
2022/4/12,401,402.5,398.05,400.28,8949.32,35.77837601
2022/4/13,401.48,403.49,400.05,401.91,16627.26,66.3920879
2022/4/14,403.8,404.5,402.8,403.41,9819.94,38.98675181
2022/4/15,403.51,404.98,402,404.48,7211,28.86573639
2022/4/18,402.45,407.2,402.45,406.82,9808.24,39.77289625
2022/4/19,407.33,407.59,403.65,404.81,11317.64,45.04661315
2022/4/20,405,405.85,398.6,399.86,11659.42,46.44420353
2022/4/21,401,404.38,400.6,403.7,7053.62,28.35930526
2022/4/22,402.5,406,401,405.74,10854.58,42.62344461
2022/4/25,404,406.5,402.75,403.98,12741.78,50.97827283
2022/4/26,402.99,402.99,399.1,400.17,13402.04,53.70912138
2022/4/27,401,402.19,400,400.64,16700.98,66.55295069
2022/4/28,400.58,401.2,397.31,399.95,29422.8,116.8974291
2022/4/29,401.6,406.4,401,405.2,10423.12,42.25796159
2022/5/5,403.51,404.19,402.05,402.69,6548.86,26.4116143
2022/5/6,404,406,400.7,403,10183.06,40.21038634
2022/5/9,403.99,405,402.3,403.8,7699.8,31.1279636
2022/5/10,402.8,404.7,401.4,402.36,10463.18,41.57886905
2022/5/11,401.58,404.99,397.5,400.35,12333.04,48.91045271
2022/5/12,400.1,403.5,400,402.69,6896.7,27.57716797
2022/5/13,402.5,403.45,398.91,398.95,9757.54,38.81582837
2022/5/16,397.6,397.6,394.8,396.26,15523.9,61.45868595
2022/5/17,396.49,398.3,394.45,397.18,8186.48,32.52659071
2022/5/18,396.9,398.19,393.2,394.78,12461.94,49.11703636
2022/5/19,395,396,390.09,394.86,7736.44,30.58953858
2022/5/20,397,399,396.6,396.61,15776.44,62.70693893
2022/5/23,396.25,399.3,395.4,398.23,12853.64,50.90752811
2022/5/24,398,399.39,396.5,399.31,10442.58,41.47091896
2022/5/25,398.6,400,398,399.36,13851.36,55.32183494
2022/5/26,400,401.1,398.5,400.87,8318.78,33.22636621
2022/5/27,400,402.7,400,402.5,12369.72,49.12419071
2022/5/30,401.4,402.2,398.5,399.09,15374.98,61.37365289
2022/5/31,400.5,400.5,397.31,398.35,10199.06,40.57527071
2022/6/1,400,400,394.8,395.62,16881.4,66.63055251
2022/6/2,395.5,398.8,394.8,398.22,8225.66,32.73436211
2022/6/6,399.99,399.99,396.7,397,6778.74,26.94159967
2022/6/7,398.75,398.75,394.8,396.31,10836.5,42.84159552
2022/6/8,398,398.49,395,397,14976.32,59.09686772
2022/6/9,393.99,399.53,393.05,398.29,7068.86,28.06606124
2022/6/10,397,398.3,396.66,397.19,8848.12,35.05382601
2022/6/13,396.5,404.6,394.7,403.02,7305.26,29.49336397
2022/6/14,403,403,395.5,396.48,10523.42,41.72224333
2022/6/15,397.8,397.8,393.01,394.34,19628.24,77.35739583
2022/6/16,396.3,396.5,393.5,395.2,12103.96,47.30954144
2022/6/17,397.9,398.19,392.8,398.09,10856,43.0515441
2022/6/20,399,399,396.2,396.69,9981.92,39.59627054
2022/6/21,398,398,395.45,395.46,9813.34,38.632948
2022/6/22,396.8,396.99,394.8,395.91,14542.94,56.53757191
2022/6/23,398,398.2,395.9,396.08,9781.1,38.46283476
2022/6/24,396.2,397.5,393,393.85,16022.6,62.99978154
2022/6/27,396,396.8,392.8,396.11,15411.14,60.91377726
2022/6/28,395.2,395.5,393,393.87,24380.54,94.5008535
2022/6/29,394.99,395.64,392.51,392.68,17482.08,68.74711863
2022/6/30,394,394.9,391.7,391.7,7358.96,28.8889433
2022/7/1,393,394,387.71,388.42,10654.44,41.4673064
2022/7/4,391,392.32,386,390.59,9776.18,38.05958707
2022/7/5,391.3,391.3,389.5,390.01,7734.94,30.09556703
2022/7/6,390,390,381.3,382.64,12245.56,46.85557383
2022/7/7,384,384,375.1,377.29,10877.32,41.06528469
2022/7/8,377,377.99,375.9,376.19,11249.84,42.34921644
2022/7/11,379.5,379.5,375,376.5,12839.76,48.46359678
2022/7/12,376,378.99,374.6,377.27,14570.18,54.91909528
2022/7/13,378.5,378.5,374,374.7,11330.3,42.51051923
2022/7/14,377.2,378.47,372,374.29,10934.18,41.05204869
2022/7/15,377.27,377.27,371.3,371.89,12119.74,45.19826758
2022/7/18,372.8,374,371.2,374,9771.14,36.49600369
2022/7/19,374.66,374.66,371.9,372.43,11266.5,41.9605104
2022/7/20,373.5,373.5,372.1,372.4,11457.58,42.71324548
2022/7/21,373.5,373.87,368.11,369.57,13640.42,50.46017615
2022/7/22,369.79,375.7,369.1,375.68,13986.36,52.44875106
2022/7/25,375.98,378,375.4,377.08,12144.82,45.71011852
2022/7/26,377.9,377.9,374.5,377.18,13900.04,52.27855538
2022/7/27,377,377,375,376.07,13567.82,51.16271172
2022/7/28,375.51,380.3,374.8,379.5,15689.3,59.57576178
2022/7/29,371,385.1,371,383.96,9534.08,36.58057333
2022/8/1,381,386.6,381,385.13,10340.5,39.78616609
2022/8/2,386.95,389.7,386,387.16,9636.34,37.30205878
2022/8/3,388.8,389.96,383.62,385.58,13040.56,50.29075625
2022/8/4,386.47,387.8,384,387.05,10974.16,42.38215478
2022/8/5,389,390.38,386.8,390.19,8541.3,33.22190745
2022/8/8,387,389.7,385.95,388.02,11900.18,45.92925196
2022/8/9,389,390,388.35,389.32,9729.28,37.64603571
2022/8/10,390.2,391.8,387,390.27,10569.36,40.51649471
2022/8/11,387.09,392.45,336.2,388.7,11483.92,44.55795789
2022/8/12,391,391,389,390.17,8694.46,33.83932141
2022/8/15,390,392,388.5,390.64,7945.4,31.09849199
2022/8/16,388.51,390.97,388.2,390.27,10079.12,39.12404167
2022/8/17,391.3,391.3,388.61,388.72,12341.26,48.01509171
2022/8/18,389.67,389.67,386.5,387.2,15307.18,59.12708919
2022/8/19,387,388.5,384,386.13,17004.24,65.37905401
2022/8/22,387.2,387.5,385,385.07,16213.42,62.55806966
2022/8/23,384.6,387.39,384.4,387.33,12931.24,50.00688819
2022/8/24,387.3,388.97,386.2,388.88,14986.48,58.08369952
2022/8/25,388.98,390.15,388.2,390.04,12982.02,50.2941917
2022/8/26,388.1,390.99,388.1,390.47,12848.54,49.81944872
2022/8/29,389.2,389.5,387,387.5,15242.44,58.94227462
2022/8/30,388.5,390.1,388.05,388.9,13919.86,53.95283086
2022/8/31,388.6,388.6,386.4,386.83,9762.44,37.42468054
2022/9/1,386.7,386.7,383,384.26,18994.94,73.18723949
2022/9/2,383,384.89,381.01,384.34,16456.32,62.79413078
2022/9/5,383.5,387.49,383.5,387.14,14287,55.21476331
2022/9/6,387,389.3,385.5,388.75,11698.92,45.33663545
2022/9/7,389,389,385.51,387.39,8944.46,34.50266885
2022/9/8,388.5,389.99,386.62,389.73,15102.08,58.64690825
2022/9/9,390.2,390.5,387.5,390.13,9030.48,35.13856933
2022/9/13,389.5,390,389,389.37,15149.04,58.56665537
2022/9/14,390.5,390.5,386.5,386.66,11242.58,43.5599961
2022/9/15,387.6,387.85,384.81,385.36,12396.6,47.77574525
2022/9/16,386,386,383,384.64,16302.5,62.14455163
2022/9/19,384.8,385.97,384,384.3,18676.8,71.83317856
2022/9/20,384.8,386.7,384.15,385.58,13406.72,51.52809938
2022/9/21,385.58,386.99,384,386.76,9993.76,38.53817766
2022/9/22,387.17,389,384,385.71,10694.52,41.20818618
2022/9/23,387,388.1,386.51,387.96,16126.32,62.19455534
2022/9/26,385.5,385.99,384,385.84,23179.9,88.51391138
2022/9/27,385,386,383.65,386,29831.08,112.9165896
2022/9/28,386,387.35,385.1,385.83,14443.38,55.30950524
2022/9/29,387,389.97,386.5,389,22792.28,87.80844774
2022/9/30,385.5,390.4,385.5,390,8463.62,32.98278532
2022/10/10,390,396.1,390,392.49,13079.86,51.29582745
2022/10/11,391.2,392.9,391.2,392.01,13129.38,50.48104511
2022/10/12,392.01,393,391.8,392.57,9046.22,35.49309348
2022/10/13,392.08,393.3,392.08,392.83,8572.06,33.68254372
2022/10/14,394,394,390.5,392.45,10602.04,41.15572271
2022/10/17,390.2,392,390,390.97,12795.84,49.99967877
2022/10/18,391,392.01,390.45,390.8,14993.5,57.85152257
2022/10/19,391,391.54,389.85,390.01,11879.2,45.75498939
2022/10/20,390,390.05,388.3,388.6,10348.38,40.25295676
2022/10/21,390,390,388.01,388.93,7614.18,29.54968508
2022/10/24,388.3,393.5,388.3,393.32,10338.34,40.47958252
2022/10/25,393.4,394.88,393.05,393.68,14776.54,57.76505256
2022/10/26,393.94,394.9,393.4,393.96,16761.96,65.46908189
2022/10/27,392.8,393.97,392.4,393.18,15931.06,61.31895193
2022/10/28,393,393.99,392.5,392.55,10637.5,41.86870094
2022/10/31,392.5,392.6,391.05,391.76,8023.94,31.41802161
2022/11/1,392,392.48,391.05,391.99,7957.18,30.87461699
2022/11/2,392.97,393.39,391.56,392.6,6656.48,26.13777221
2022/11/3,392.97,393.9,391.5,391.98,12988.5,50.34215963
2022/11/4,390.48,392.82,366.01,392.7,9590.12,37.14036895
2022/11/7,391.4,395,391.4,394.5,7350.72,28.96792834
2022/11/8,394.99,396,394.4,395.18,12541.84,49.23226146
2022/11/9,395.99,403.8,395.5,403.56,13072.62,52.05012844
2022/11/10,403.02,404.5,402,402.53,10763.42,42.90079599
2022/11/11,403.65,410,403.5,407.19,9693.64,39.10818833
2022/11/14,410,412.51,400,402.47,8033.58,32.5115667
2022/11/15,403.6,406.3,403.6,404.99,11600.06,46.05269419
2022/11/16,406,407.15,405,406.77,15309.16,61.09559844
2022/11/17,407.5,408.3,406.78,407.31,10027.9,40.13799707
2022/11/18,408,408,406.6,406.6,8295.46,33.47650097
2022/11/21,406.3,406.5,404.01,404.71,15949,64.66668354
2022/11/22,406.9,406.9,404,404.93,7859.28,31.68962925
2022/11/23,404.5,405.2,404.1,404.35,11227.1,44.66006796
2022/11/24,404.3,406.8,404,405.9,12910.46,50.68490429
2022/11/25,407.89,407.89,405.25,406.3,9128.24,36.8003413
2022/11/28,407.5,408.94,406.7,406.87,14535.82,58.71376701
2022/11/29,408.2,408.5,405.83,406.68,10283.38,41.60159448
2022/11/30,407,407,405,405.76,7241.14,29.38424435
2022/12/1,404.3,407.5,403.2,407.48,6951.22,27.979987
2022/12/2,407.75,410,407.5,410,7227.82,29.3690038
2022/12/5,408,408.9,405.05,406.17,12350.2,49.68703115
2022/12/6,404.4,404.69,401.5,403.56,16252.52,64.50454355
2022/12/7,403.5,403.5,401.21,402.4,13501.58,53.47620104
2022/12/8,402,403.58,401.8,403.41,8698.86,35.03443385
2022/12/9,403,405,403,404.72,17124.02,67.18730333
2022/12/12,405.5,406.5,402.6,403.69,17342.34,69.0601859
2022/12/13,404,405,403.2,405,15515.86,62.63646419
2022/12/14,404.54,409,403,409,10486.38,42.1263419
2022/12/15,407,408,404.38,404.38,20241.38,80.24952171
2022/12/16,402.8,404,401.8,403.69,21128.64,83.13806486
2022/12/19,403.4,406.75,403.4,405.79,13618.82,54.78254264
2022/12/20,405.6,406.1,404.2,405.78,14939.76,60.55858672
2022/12/21,406.5,410.48,405.8,409.98,10918.68,44.25312155
2022/12/22,408.6,410.8,408.3,409.94,16095.64,64.86010406
2022/12/23,409.94,410.98,406,409.03,14347.28,57.50485717
2022/12/26,404.07,408,404.07,407.53,24581.6,99.75240404
2022/12/27,407.2,408,406.59,407.98,18532.46,74.09891575
2022/12/28,408.5,410,407.5,408.99,14218.98,57.41273898
2022/12/29,408.5,409.1,407,407.19,15411.82,62.4728287
2022/12/30,408,411.23,408,410.49,11481.74,45.46340736
2023/1/3,411,412.5,409,412.26,17783.1,72.96121611
2023/1/4,410.5,413.98,410,413.84,16279.58,66.564919
2023/1/5,413.4,414.2,412.3,412.73,17474.04,71.88527856
2023/1/6,412.2,412.2,408.5,409.35,22122.2,89.88325593
2023/1/9,407,414.49,407,413.42,25998.48,106.9441511
2023/1/10,414,414.2,412.2,414.13,22740.04,92.77049188
2023/1/11,414,415,413.58,415,23998.08,97.37432861
2023/1/12,414.25,414.51,412,414.37,13679.38,56.60809647
2023/1/13,414.7,415,413,414.43,18672.16,76.12113501
2023/1/16,415,418.4,413.3,417.21,21708.08,90.46840878
2023/1/17,418,418.89,417.5,418.19,18403.92,76.78692038
2023/1/18,419.5,419.5,416.39,418.23,24844.16,103.6651668
2023/1/19,418.23,420,417.3,419.21,9558.4,39.15830264
2023/1/20,419.21,423.5,418,422.45,3342.76,14.12818757
2023/1/30,425,425,420,422.67,18213.2,75.93454562
2023/1/31,421,422,418.3,418.33,13033.7,54.54565882
2023/2/1,416,423,416,421.67,9417.6,39.66756751
2023/2/2,421.5,425.9,420.5,425.85,6279.2,26.66487135
2023/2/3,425.8,426.1,418.5,419.52,13032.06,54.65241365
2023/2/6,420,420,413.3,414.04,14899.32,61.70771178
2023/2/7,414.5,415,412.55,413,14673.84,59.82829729
2023/2/8,413.6,414,412,413.45,11521.74,47.57008451
2023/2/9,414.8,414.8,412.5,414.54,11745.42,48.57220376
2023/2/10,414.25,415,410.4,412.65,17888.94,72.54332921
2023/2/13,412.2,414.1,412,413.83,12601.44,51.9309818
2023/2/14,413.3,413.9,411.1,413.08,14043.98,57.12558693
2023/2/15,413,414.15,411.95,412.4,13786.84,56.03314862
2023/2/16,412.01,413.99,411,412,14572.06,58.97280127
2023/2/17,412,412.7,411,411.35,12964.72,52.94155669
2023/2/20,412.5,414.17,411.8,413.15,12036.18,49.73403954
2023/2/21,414,414,411.6,411.8,13660.24,56.35351454
2023/2/22,412.7,414,412.21,414,9380.72,38.61585443
2023/2/23,415,415,412.2,412.78,10090.7,41.60520737
2023/2/24,412.78,414.7,411.9,414.01,13082.42,54.10203337
2023/2/27,414.5,414.5,412.82,413.04,19315.32,79.82035727
2023/2/28,414,414.09,412.6,412.69,11211.7,46.36008428
2023/3/1,413.3,416.9,412.5,414.75,9675.86,40.06224426
2023/3/2,414,414.75,413.6,414.3,12779.18,52.55117059
2023/3/3,415,416.49,414.2,416.21,10485.78,43.32019889
2023/3/6,417,420.42,416.35,420.26,11133.96,46.66219994
2023/3/7,420,421,419.3,419.76,10375.44,43.55339162
2023/3/8,418.6,418.6,414.8,415.22,14893.4,61.87813649
2023/3/9,415.6,415.79,414.8,415.46,14665.76,60.87975989
2023/3/10,415.8,419.49,415.5,417.73,14054.1,58.42835754
2023/3/13,417.5,424.18,417.4,421.45,14119.64,58.97145033
2023/3/14,423.2,427,422.9,427,8882.04,37.80328821
2023/3/15,426.5,427,425,426.56,10307.1,43.30127526
2023/3/16,427.77,433.5,427.77,430.29,13030.54,55.33026578
2023/3/17,432,433,430,432.42,11241.72,48.13453457
2023/3/20,433,466.72,433,449.23,18031.88,79.47831803
2023/3/21,449,449,424.09,441.36,12456.4,55.14446326
2023/3/22,439.07,439.3,434,434.14,14709.04,63.15950873
2023/3/23,434,439.09,433.3,438.2,11165.94,48.94448641
2023/3/24,438,441.5,437,439.66,20911.82,90.22192378
2023/3/27,443.34,443.34,437,437.22,14994.46,65.24148292
2023/3/28,435.3,438.29,433.9,435.81,17304.12,73.90940738
2023/3/29,435.8,438.87,435.8,437.01,15779.66,69.02983333
2023/3/30,437.5,439.49,436.51,437.19,14540.88,63.0169966
2023/3/31,438.8,440.99,437,440.74,7959.36,34.96437489
2023/4/3,439.7,439.7,434,435.56,16331.42,71.09946368
2023/4/4,439.5,440.3,438.8,439.51,8738.3,38.41571208
2023/4/6,446,446.9,445.6,446.69,10381.74,46.17607456
2023/4/7,446.6,446.6,444.5,445.9,9218.14,40.33366854
2023/4/10,446,446,441,442.33,15200.24,66.75519585
2023/4/11,442,444.2,441,444.19,16848.22,72.71405251
2023/4/12,444.5,448.51,443.4,447.34,10885.34,48.71278201
2023/4/13,448,448.3,445,447.86,10682.52,47.19151804
2023/4/14,449.68,451.65,449,449.35,7612.42,34.25017299
2023/4/17,449.5,449.5,442.5,445.44,10917.64,48.55236792
2023/4/18,446,446,440,443.7,14558.8,63.75198739
2023/4/19,445,446.65,442.4,443.52,9797.28,43.38507559
2023/4/20,442.5,444.6,439.6,444.15,15588.4,68.3296969
2023/4/21,444.15,445.69,441.5,442.44,13686.86,59.95712242
2023/4/24,442,444.65,439.5,441.64,16376.42,71.52124061
2023/4/25,441.5,445.7,440,445.44,14808.36,64.99172633
2023/4/26,447.18,447.18,442.3,445.93,22780.96,99.72026984
2023/4/27,446.2,447,444.5,446.72,19509.8,85.78804412
2023/4/28,446,447,442.6,443.37,14986.3,63.79066261
2023/5/4,447.49,457,447.49,452.79,9730.86,44.14059807
2023/5/5,453.7,456.7,452.95,454.92,8881.64,40.4767825
2023/5/8,453,453,446.2,450.3,15158.06,66.48534772
2023/5/9,454.89,454.89,449.8,451.14,10468.26,47.255432
2023/5/10,453.5,453.5,451.3,452.6,7132.4,32.29721529
2023/5/11,452.6,455.19,452,452.86,13244.74,59.91527794
2023/5/12,454.5,454.5,449.1,450.41,12014.22,54.09995856
2023/5/15,450,453.49,450,452.13,9263.76,41.87979353
2023/5/16,455.49,455.49,450,450.96,11532.32,51.70842563
2023/5/17,456.08,456.08,448.01,449.17,10900.56,48.9343841
2023/5/18,456.04,456.04,447,448.5,10041.24,45.01462431
2023/5/19,453.42,453.42,445.1,446.72,14207.28,61.39270043
2023/5/22,446,449.99,444.5,448.43,10776.04,48.29840747
2023/5/23,448.3,448.55,446,446,8736.84,38.06046185
2023/5/24,452.71,452.71,446.49,448.87,7007.2,31.14953347
2023/5/25,451.18,451.18,446.3,447.64,9206.98,41.01908022
2023/5/26,451.77,451.77,443.8,445.28,9525.44,42.34164546
2023/5/29,446.99,446.99,443.4,444.56,9344.76,41.50508839
2023/5/30,449.48,449.48,443.02,443.77,9678.12,42.99979406
2023/5/31,449.8,450.1,446.6,449.62,6613.4,29.08932912
2023/6/1,479.94,479.94,449.15,449.23,5473.64,24.62555175
2023/6/2,455.71,455.71,450,451.11,6520.86,29.45906106
2023/6/5,455.84,455.84,445.53,446.31,10095.58,45.04553072
2023/6/6,448,449.94,445.3,449.02,8609.76,38.61522477
2023/6/7,453.79,453.79,448,449.29,6751.2,30.405773
2023/6/8,454.86,454.86,447.15,447.59,13541.58,60.61035923
2023/6/9,450.5,451.2,447.5,450.88,9140.6,40.38259414
2023/6/12,455.51,455.51,450,451.45,10162.34,45.817955
2023/6/13,454,454,449.7,453.21,8258,36.9182883
2023/6/14,456,456,449.2,450.2,12830.74,56.09544283
2023/6/15,450.1,451,445.72,446.32,14131.1,62.43370217
2023/6/16,451,451,446,450.07,10085.16,45.29507784
2023/6/19,451,451.01,449.5,450.33,14410.66,64.91198651
2023/6/20,452,452,449.8,451.13,13477.92,59.45380785
2023/6/21,452.3,452.3,447.4,449.97,14264.88,64.11623642
2023/6/26,449.9,449.9,448,449.3,18155.24,80.98267542
2023/6/27,453.34,453.34,447.9,449.25,20752.34,91.69348232
2023/6/28,454.38,454.38,446,446.8,13345.42,59.68231446
2023/6/29,448.5,448.5,447,447.09,9160.56,39.79133935
2023/6/30,450,450,446,448.47,4377.4,19.63144428
2023/7/3,449,450.99,448.9,449.5,7856.14,35.31874251
2023/7/4,453,453,449.5,450,6163.42,27.74979561
2023/7/5,451,451,450,450.74,6440.58,29.01433514
2023/7/6,452,452,450.01,450.41,9270.38,41.76842685
2023/7/7,452.89,452.89,447.21,449.92,8687.02,39.02338949
2023/7/10,453.9,453.9,449,451.35,9607.1,41.75807979
2023/7/11,453.9,453.9,449.1,450.29,7946.84,35.2827937
2023/7/12,453.97,453.97,450.56,451.26,8580.26,37.93029977
2023/7/13,453.6,455.39,451.5,454.9,10458.96,47.40384474
2023/7/14,455,455,452.3,452.5,8304.9,37.65277363
2023/7/17,456.59,456.59,453.2,454.15,8632.66,39.21592808
2023/7/18,456,456.35,453.5,456.34,8520.46,38.40391567
2023/7/19,458.6,462.2,456.45,462.17,10076.02,46.25313878
2023/7/20,457.88,462.3,457.88,460.94,6969.06,32.14799816
2023/7/21,462,462,457.8,458.33,11065.12,49.38497472
2023/7/24,460,461.89,456.78,458.63,9182.6,42.03124684
2023/7/25,462,462,455.5,455.58,9668.9,44.1288297
2023/7/26,460,460,455,457.99,12930.48,59.23181057
2023/7/27,463,463,456.8,458.85,10472.26,47.85567479
2023/7/28,463,463,454.5,455.68,10175.26,46.15694143
2023/7/31,463,463,454.9,455.35,9454.18,43.03998864
2023/8/1,457.3,457.69,456,456.44,8834.24,40.3794647
2023/8/2,457.5,457.5,454.5,456.81,9560.68,43.60990143
2023/8/3,458,458,454.2,454.7,9875.68,43.61224709
2023/8/4,454.5,460,453.2,454.02,10702.48,48.56970704
2023/8/7,494.3,494.3,454,454.89,8521.38,38.79665429
2023/8/8,459,459,453.5,454.84,7689.98,35.01130748
2023/8/9,458,458,454.3,455.05,10289.98,46.79725664
2023/8/10,455,455,452.8,453.62,15005.08,67.92638684
2023/8/11,455,456,453.9,455.25,11028.18,50.11973053
2023/8/14,456.5,456.5,455,455.95,12341.58,56.25593589
2023/8/15,456,456.1,454.8,456,9150.88,41.70350981
2023/8/16,465,465,456.2,456.79,11761.96,53.53936683
2023/8/17,465,465,455.8,456.7,11105.42,50.74276662
2023/8/18,465,465,455.6,456.1,12722.64,58.0118385
2023/8/21,465,465,455.5,457.92,14228.96,65.0507813
2023/8/22,465,465,456.7,457.82,13243.68,59.98700925
2023/8/23,465,475,456.8,458.32,9642.66,44.19353038
2023/8/24,463.9,463.9,458.5,459.7,16530.12,74.88422078
2023/8/25,468,468,458.6,459,10311.6,46.9383008
2023/8/28,464,464,458.18,459.14,14312.38,65.40169656
2023/8/29,469,469,459.6,460.35,12661.8,56.59799135
2023/8/30,470,470,460.35,461.96,9703.02,44.26671844
2023/8/31,470,470.1,462.01,464.16,4881.82,22.63129236
2023/9/1,475,475,461.5,463.79,10091.58,45.21713117
2023/9/4,465,466.01,462.5,465.5,11137.7,51.81551687
2023/9/5,465,465.95,463.8,465.85,9203.28,42.84458672
2023/9/6,466,466,464.12,464.13,10050.96,46.64922856
2023/9/7,465,465.7,464.25,464.38,11075.08,51.50455272
2023/9/8,466,467.75,465.2,467.68,7887.64,36.87425262
2023/9/11,467.5,468.8,467.21,468.09,12945.14,60.58015109
2023/9/12,468,469.5,467.9,469.4,10703.74,50.14146644
2023/9/13,469,470.9,468,470.21,15262.5,69.65030954
2023/9/14,475,475,470.1,474.7,12131.44,57.43716899
2023/9/15,476,480.4,467.05,469.6,13024.72,61.36237631
2023/9/18,477.99,477.99,467,469.18,14454.42,67.86486512
2023/9/19,469.5,471.7,468,471.26,22565.04,102.536927
2023/9/20,472,474.7,471.3,472,16589.98,76.93107324
2023/9/21,474.2,476,472.2,472.83,22228.52,103.3578584
2023/9/22,471,473.6,469.4,471.72,20271.88,95.13757376
2023/9/25,470,475.75,470,475.73,26038.36,123.1998538
2023/9/26,475,475.8,473,474.04,22948.76,107.1573779
2023/9/27,474.5,474.5,462,462.68,32820.82,146.8244962
2023/9/28,467,467,445.5,447.1,14247.96,65.13304119
2023/10/9,446,459,438,438,25032.48,113.2572346
2023/10/10,446,452,446,449.88,14371.44,64.63279268
2023/10/11,435.5,451.5,435.5,450.42,9914.32,44.55539075
2023/10/12,451,453.7,446.5,451.05,12287.5,55.52820288
2023/10/13,452,454.77,452,453.99,9577.42,43.19047117
2023/10/16,451.01,465.31,451.01,460.24,10961.42,50.5417184
2023/10/17,460.1,463.5,460,462.61,7210.86,32.52206439
2023/10/18,462.55,467.4,461.52,466,11549.24,52.38155376
2023/10/19,466.4,469.85,466.4,468.95,12362.62,56.41780716
2023/10/20,468.5,476.8,468.5,474.84,9638.84,45.51275276
2023/10/23,465.31,475.97,465.31,472.47,9490.16,44.4209698
2023/10/24,471.11,473.95,471.11,473.31,12158.52,55.98002163
2023/10/25,476,476,470,471,12231.12,57.47673636
2023/10/26,470.01,474.5,469.6,474.17,14373.52,66.11040465
2023/10/27,473.2,475.98,472.2,475.8,10912.68,51.54798237
2023/10/30,474.5,488,473.68,476.9,18067.34,86.48495197
2023/10/31,476.5,478,475.9,476.86,9088.56,43.40252057
2023/11/1,477,478.48,474.8,475.4,13708.06,65.15272608
2023/11/2,474.67,477.15,474,476.32,7171.38,33.76538948
2023/11/3,476,477,474.61,476.99,11729.74,54.12723212
2023/11/6,476,479,474.02,474.63,9696.26,45.69285173
2023/11/7,473,475,471,471.44,12628.26,59.30840161
2023/11/8,469.92,471.83,468,470.5,9615.88,43.80863128
2023/11/9,470,470,467,467.73,14410.16,66.13968914
2023/11/10,466.5,470.5,465.1,469.46,7929.78,37.27697398
2023/11/13,466.5,469.7,464.1,468.94,12426.32,58.03634967
2023/11/14,467.7,470.8,465,470.78,11627.12,53.7591896
2023/11/15,468.11,472.4,468.11,471.55,10197.84,47.79151611
2023/11/16,471.55,471.79,469.5,470.88,11545.24,53.10551028
2023/11/17,469.3,473,469.3,471.65,6365.38,30.07337469
2023/11/20,470.2,470.8,466,466.35,14572,66.51732055
2023/11/21,464,467,463.1,466.79,13178.26,60.74447315
2023/11/22,464.5,469,464.4,465.69,11342.84,52.84877927
2023/11/23,463.2,467,463.2,465,14249.84,66.23588026
2023/11/24,463,465.79,463,465.02,11457.98,52.96398919
2023/11/27,464.11,469.95,464.11,469.83,15314.78,69.86394089
2023/11/28,470,471.6,470,471.31,19263.04,86.52485586
2023/11/29,470,475.7,470,474.22,11951.98,56.63312603
2023/11/30,473.5,475.2,473.5,474.04,6549.44,31.08104523
2023/12/1,472.5,475.3,472.5,474.32,8994.74,42.69541286
2023/12/4,475,487,475,480.45,9781.22,47.1450316
2023/12/5,479.5,480.5,471.5,473.93,12933.94,61.31227256
2023/12/6,472,473.8,470.8,473.7,9441.98,44.54830397
2023/12/7,471.9,474.79,471.9,474.45,8172.24,38.55873337
2023/12/8,473.3,474.9,472.8,474.1,14445.3,65.97579772
2023/12/11,474.6,474.6,468.2,469.34,14351.94,67.53252195
2023/12/12,468.5,470.39,466.3,467.76,28601.18,129.438865
2023/12/13,472,472,465,466.01,19708.84,92.10454978
2023/12/14,467.5,498,466.8,475.03,10362.28,48.8903115
2023/12/15,474,475,473,474,16229.6,73.28857271
2023/12/18,480,480,470.1,473.82,30700.44,142.2038827
2023/12/19,473.82,474.7,471.8,473.99,12950.2,60.75227761
2023/12/20,478,478,473,476.6,24333.84,110.7495546
2023/12/21,476.5,476.99,474,475.54,23748.64,110.2679263
2023/12/22,474,480.2,474,478.66,20011.12,92.99027733
2023/12/25,480,481.5,477.2,479,31805.06,148.1069129
2023/12/26,479,480.6,479,480.49,23637.7,109.7659847
2023/12/27,480,482.7,479.3,482.17,23307.94,105.8595571
2023/12/28,481.6,484.5,481.6,482.19,12906.84,61.86072872
2023/12/29,480.5,486,471.9,479.59,16169.68,77.23899481
2024/1/2,480.8,483.8,480,483.66,20330.94,97.91216118
2024/1/3,482,483.5,481.03,481.49,31547.46,152.1244068
2024/1/4,479,482,477,480.4,24970.08,119.8691808
2024/1/5,480.2,482.32,479.2,480,30191.3,145.2310467
2024/1/8,479.5,483,477.86,479,27580.96,132.453379
2024/1/9,480.9,480.94,476,478.66,22200.72,106.4883954
2024/1/10,479.5,480.3,477.9,478.08,20558.5,98.42328547
2024/1/11,478.8,480.56,477.71,478.2,17794.5,85.16597538
2024/1/12,478.51,495,477.12,479.18,17936.5,86.00879483
2024/1/15,480.1,483.99,480.1,483.44,16454.62,79.38010324
2024/1/16,482.32,484,482.32,482.7,13671.24,66.02655233
2024/1/17,481.03,482.49,477.11,477.3,31241.92,149.7022519
2024/1/18,478,479.51,476,476,28869.14,137.8349814
2024/1/19,478.1,482,477.1,479.51,14881.74,71.40560969
2024/1/22,480.1,481,477.5,478.39,20485.24,98.27442345
2024/1/23,479.49,479.65,477.5,478.52,16100.68,77.01809187
2024/1/24,478.31,479,477.8,478,18980.82,90.81510102
2024/1/25,479.45,479.5,475,475.8,21079.44,100.3779948
2024/1/26,476.5,479.5,475.75,479.26,16673.74,79.76270153
2024/1/29,478.45,480.2,476,479.2,22269.12,106.7200285
2024/1/30,478.11,480.9,478.11,480.15,14099.58,67.72475597
2024/1/31,479.5,481.93,479.5,480,12557,60.34585541
2024/2/1,480.01,482.2,480,480,15215.58,73.26426402
2024/2/2,479.81,483.8,479.81,483.55,10879.34,52.57795802
2024/2/5,484,484,479.08,479.11,15799.46,75.99774075
2024/2/6,480.79,480.79,477,478.81,9541.94,45.76070392
2024/2/7,479.8,481.28,478.6,480.08,8017.42,38.53679824
2024/2/8,479.11,482.49,479,480.58,10063.5,48.42010755
2024/2/19,478.1,481.9,477.5,479.52,31702.54,151.9731196
2024/2/20,479.52,480.3,479.08,479.66,25552.06,122.5671262
2024/2/21,480.95,480.95,479.31,479.57,13918.46,66.81917735
2024/2/22,479.21,480.4,478.4,479.32,17491.5,83.82228438
2024/2/23,479.21,480,477.65,477.81,16090.64,77.01207891
2024/2/26,478.8,481,478.8,480.57,11465.5,55.10983992
2024/2/27,480.79,481.3,479.58,481.3,7588.14,36.47673331
2024/2/28,481.3,481.97,480.05,480.1,8592.14,41.29104864
2024/2/29,479.6,481.5,479.6,480.96,6880.04,33.0870868
2024/3/1,480,483.44,480,483.4,11685.68,56.41963437
2024/3/4,482.88,490,482.88,489,9286.32,45.45052768
2024/3/5,489.43,496.6,489,496.52,10983.64,54.40499597
2024/3/6,498.09,503.99,497.5,499.76,11147.76,55.57028826
2024/3/7,499.5,506,499.5,505.1,10666.76,53.79132322
2024/3/8,505.1,505.99,503,505.84,9342.46,47.16048804
2024/3/11,507,509.99,505.1,507.29,11214.08,56.95050009
2024/3/12,507.3,507.9,505.15,505.24,8635.24,43.75839521
2024/3/13,504.5,506,503.26,504.79,13162.48,66.3829985
2024/3/14,505.2,507.95,505,505.2,6961.58,35.25098126
2024/3/15,505.3,507.2,504.5,507.12,10185.02,51.55174815
2024/3/18,505.5,506.3,502.7,503.26,10146.66,51.08033502
2024/3/19,504.5,505.94,503.21,504.06,10873.84,54.85295879
2024/3/20,504.2,505.2,503.6,505.2,8102.4,40.91024394
2024/3/21,504.51,514.95,504,514.94,15456.88,79.48185904
2024/3/22,514.94,515.5,508,511.16,12209.02,62.41395832
2024/3/25,510.7,514.8,510.7,511.13,12879.04,66.0218098
2024/3/26,511.2,513.9,511.2,512.52,12660.36,64.93016252
2024/3/27,517,517.5,514,515.94,11755.02,60.54295805
2024/3/28,516,518.9,516,518.8,13231.42,68.46552101
2024/3/29,520.5,538,519,527.54,19152.08,101.0704476
2024/4/1,528,533.8,527.11,533.74,16442.06,87.52618133
2024/4/2,529.81,533.9,528,533.8,14610.88,77.82089523
2024/4/3,533.8,540.7,533,537.5,17672.44,95.3613977
2024/4/8,537.5,560,537.5,554.11,25204.7,139.3366192
2024/4/9,552,558.3,550.5,555.5,25558.48,142.0073701
2024/4/10,556,559.97,554.5,557.9,17173.4,95.73130596
2024/4/11,554.3,556.89,551,554.14,19175.42,106.4152413
2024/4/12,553.5,569.87,553.5,567.21,16110.18,91.26390906
2024/4/15,567.01,576.99,556,558.68,29370.68,164.8966532
2024/4/16,559,569,552.66,562.5,14841.34,83.97498764
2024/4/17,562.61,569,562.02,564.46,13674.22,77.35106059
2024/4/18,566.3,568,558.8,563.37,9874.98,55.47477006
2024/4/19,562.8,573.96,561,565.55,9604.92,54.47961625
2024/4/22,563.1,567.6,555.8,556.55,11469.94,64.23989405
2024/4/23,552.8,553.55,542.01,544.01,11876.42,64.73327085
2024/4/24,544,549.3,544,548.33,12047.44,65.98844902
2024/4/25,546.01,550,544.6,548.16,9228.32,50.4875366
2024/4/26,555,555,546,553,11807.96,64.99794114
2024/4/29,552,553,548,549.06,14023.7,76.9738099
2024/4/30,549.2,550,545.67,545.8,9798.2,53.61711144
2024/5/6,545.8,545.8,540,544.13,8944.7,48.57092472
2024/5/7,544.1,547.6,543.3,544.84,7234.94,39.46957259
2024/5/8,543,545.9,542.5,544.18,7743.62,42.1469491
2024/5/9,545.6,545.6,543,543.43,5752.38,31.27734599
2024/5/10,544,556.4,544,556.34,7754.06,42.90332061
2024/5/13,556.5,558,552.1,553.01,9666.76,53.55780813
2024/5/14,552,553.6,550.6,550.66,9671.78,53.4022287
2024/5/15,552.8,561.5,552.3,555.99,6951.14,38.6092571
2024/5/16,555,563.5,554.5,560.35,8788.08,49.31644912
2024/5/17,559.5,563,558.5,561.44,6402.94,35.86693276
2024/5/20,562,578,562,573.8,12573.8,72.16096929
2024/5/21,572,576,566.3,568.96,6834.7,38.97162746
2024/5/22,570.5,572.5,568.1,568.6,7459.64,42.47155504
2024/5/23,570,570,554,556.72,10204.94,56.84435692
2024/5/24,556.54,556.54,547.52,551.43,11745.12,64.57244745
2024/5/27,551,554.98,550.83,551.6,10694.58,59.1099153
2024/5/28,553,556.3,552.5,552.7,8898.5,49.37408183
2024/5/29,556,558,554.9,555.76,8848.48,49.21962521
2024/5/30,555,555,548.5,551.72,8561.86,47.17360759
2024/5/31,551.5,558.3,551.5,553.6,7702.46,42.59430313
2024/6/3,553.5,556.5,546.38,549.19,10866.54,59.66853077
2024/6/4,550,554.8,550,553.49,9205.42,50.98370594
2024/6/5,548.5,553,547.31,550.25,6831.02,37.63147978
2024/6/6,550.8,561,550.8,559.36,9267.28,51.78151458
2024/6/7,556,562,556,559.9,7573.66,42.39949276
2024/6/11,545,548,541.88,543.95,10719.54,58.23696726
2024/6/12,544,546.5,544,545.97,10242.14,55.88654335
2024/6/13,550.5,550.5,544,546.26,11030.22,60.15385586
2024/6/14,544.5,547,542,546.24,6988.52,38.09382324
2024/6/17,550,552,546.2,547.33,8005.28,43.86428688
2024/6/18,546,548.88,546,547.64,5985.38,32.80919094
2024/6/19,547.2,554,546,550.06,8695.96,47.79256109
2024/6/20,550,554.58,549,554.35,7662.62,42.35904615
2024/6/21,552,558.8,552,556.25,7637.26,42.5839344
2024/6/24,558,559,548,549.98,9385.98,51.53528987
2024/6/25,549,550.5,548.5,549.75,8178.48,44.92240025
2024/6/26,550.1,551,544.74,546.18,9190.5,50.215007
2024/6/27,546.9,546.9,542.3,543.88,11213.84,60.88902512
2024/6/28,547.5,550.1,547.31,549.88,6558.34,35.9809406
2024/7/1,549,551,547.8,549.2,8845.64,48.5767238
2024/7/2,552,552,549,549.5,5693.64,31.34218012
2024/7/3,549,554.2,549,554.16,6551.46,36.14429079
2024/7/4,554.5,558,554.5,556.45,6484,36.10716984
2024/7/5,557.5,558.09,555.6,557.96,8835.26,49.23661746
2024/7/8,556.01,563.5,556.01,559.22,10110.92,56.74191615
2024/7/9,559,559.8,555.42,555.9,6855.24,38.19014252
2024/7/10,556,560.88,554.3,560.85,9300.34,51.93993758
2024/7/11,561.55,561.9,559.15,561.78,7411.16,41.56022429
2024/7/12,558.8,567.49,558.8,563.26,8791.1,49.71830759
2024/7/15,564,566.4,563.45,563.66,9841.94,55.63827609
2024/7/16,567,571.3,566.49,570.82,9169.84,52.24736072
2024/7/17,571,581.5,569.31,577.37,8784.02,50.81322515
2024/7/18,576,579.22,572.8,577.56,6397.34,36.84562716
2024/7/19,575.01,575.6,560.2,561.9,9589.4,54.18004586
2024/7/22,560,563.7,556.5,563.32,9682.88,54.48744433
2024/7/23,562,563.79,558.56,560,7180,40.24442614
2024/7/24,562.9,566.48,562.86,566.35,7482.32,42.30797215
2024/7/25,566.2,568.2,550.9,552.4,10759.96,59.64753899
2024/7/26,549.01,557.88,548,555.5,12545.88,69.5412917
2024/7/29,555.5,560.99,555.5,558.79,9926.74,55.46587508
2024/7/30,558,559.5,553.5,558.68,7260.04,40.50223735
2024/7/31,558,565.5,556.8,563.26,7289.76,41.05672497
2024/8/1,563,571,563,568.61,6637.14,37.73237478
2024/8/2,568.5,571.5,566.26,571.17,6222.1,35.47610606
2024/8/5,570,570,554,560.7,11212.7,62.70961016
2024/8/6,550,559.4,544,554.28,12622.9,69.94858197
2024/8/7,555.2,558.9,550.07,554.7,13570.36,75.08974236
2024/8/8,556.5,556.7,552,555.16,13759.66,76.18000778
2024/8/9,558,562,557.2,560.94,11270.42,63.10940034
2024/8/12,560.5,564.49,560.05,564.1,8153.94,45.84815056
2024/8/13,564.4,570.98,564.4,567.84,6291.06,35.76107244
2024/8/14,568,568.15,563.5,566.71,6521.64,36.9056887
2024/8/15,567.5,567.5,561,565.66,7610.84,42.99243075
2024/8/16,566,567.9,562,566.14,7256.8,41.11386167
2024/8/19,561.02,574.01,561.02,572.26,7753.74,44.34119746
2024/8/20,570.5,573.9,569.6,572.75,8861.4,50.67849552
2024/8/21,576,576,570.5,574.5,4829.76,27.74925564
2024/8/22,574,574.95,571.5,572.89,7068,40.49190259
2024/8/23,573,573,567,571.58,6796.44,38.81769452
2024/8/26,572.5,575,571.05,574.89,7891.16,45.26965224
2024/8/27,576,576,572.5,573.99,8474.6,48.62636626
2024/8/28,573.5,576,573,573.33,7819.96,44.93528957
2024/8/29,572.5,575.7,571.5,574.9,6528.58,37.54272035
2024/8/30,574,575.97,571.8,573.44,7022.1,40.25279738
2024/9/2,573,573.99,568.6,570.7,8958.52,51.07043519
2024/9/3,571,572,569.5,571.48,8237.46,47.01879322
2024/9/4,569.65,570.5,566.6,567.53,9709.54,55.26995206
2024/9/5,569.8,571.8,568.61,571.79,8919.44,50.83131577
2024/9/6,572.5,573.2,571,572.84,11240.96,64.35138641
2024/9/9,571.7,573,566.5,570.26,11717.56,66.74285297
2024/9/10,570.3,572.8,570,572.72,7171.82,41.0399957
2024/9/11,574,575.78,571.95,575.74,7383.82,42.432004
2024/9/12,575.5,575.5,571.8,575,8876.46,50.97097703
2024/9/13,575,583.8,575,582.54,9556.6,55.68899555
2024/9/18,584.99,585,581.85,581.98,10007.52,58.33886873
2024/9/19,583.5,585,579.2,583.05,9518.12,55.34859867
2024/9/20,585,588.32,582,588.3,9621.6,56.34123975
2024/9/23,590,593.96,588,592.2,13481.22,79.84629825
2024/9/24,592.5,595,590.6,592,12293.26,72.93966867
2024/9/25,591,599.28,587.35,595.66,12710.08,75.86523838
2024/9/26,597.5,600,596.8,597.15,10485.16,62.65891592
2024/9/27,600,600.56,596,597.16,13161.14,78.76850225
2024/9/30,598.7,598.8,593,595.25,11882.02,70.62728714
2024/10/8,592.01,601,592.01,593.4,11453.48,68.22449454
2024/10/9,595,596.5,586.5,588.6,11779.04,69.33281681
2024/10/10,589,595,586.6,590.89,9283.32,54.6041778
2024/10/11,590.18,597.5,590,597.3,9382.56,55.91747865
2024/10/14,596.5,602.8,596.5,600.82,7940.22,47.5972297
2024/10/15,600,603.45,598,603.26,8730.3,52.48285209
2024/10/16,602,610.59,602,609.96,8941.72,54.3644803
2024/10/17,610,613.5,609,612.66,8465.16,51.83035293
2024/10/18,612.3,621.39,612,616.83,12773.8,79.0353032
2024/10/21,618,624.7,610,624.06,13692.42,85.29790708
2024/10/22,625.99,627,620,625,11178.38,69.82302764
2024/10/23,625,628.85,625,628.68,13868.82,86.97954429
2024/10/24,628.68,628.68,617,623.03,14568.82,90.53824864
2024/10/25,623.5,624.5,620,621.5,14748.9,91.80402479
2024/10/28,621,626.24,621,624.65,14392.94,89.88791448
2024/10/29,624.5,630,623.5,629.5,12083.14,75.99684138
2024/10/30,629,637.49,628.61,636.75,10672.54,67.86331472
2024/10/31,635.01,655,633.51,634,9663.06,61.40645043
2024/11/1,634,634,622.5,627.67,12763.48,80.15541824
2024/11/4,628,630,621.55,623.48,13076.06,81.56546723
2024/11/5,623.48,625,620,623.78,10685,66.47304333
2024/11/6,623.5,629.78,621,624.69,8799.34,55.12863065
2024/11/7,622.7,622.7,608,610.01,10035.04,61.27971558
2024/11/8,610,617.38,610,612.85,12188,74.96289366
2024/11/11,615,619,612.31,613.3,9477.2,58.15320327
2024/11/12,612.1,612.1,602.4,602.81,10360.04,62.71041593
2024/11/13,601.7,604.98,601.6,603.09,8548.94,51.57139734
2024/11/14,603.24,604.55,589,591.12,11199.98,66.45707083
2024/11/15,591,595.3,590,591.97,8435.7,50.01895771
2024/11/18,591.5,602,591.5,598.77,12778.74,76.49414954
2024/11/19,601,608.2,599,607.3,11283.74,68.4555378
2024/11/20,610,611.89,607,608,9167.48,55.98667857
2024/11/21,609.7,616.68,609.7,616.42,10831.72,66.66620933
2024/11/22,617,624,616.5,623.91,11993.28,74.61784257
2024/11/25,625,627,614,616.51,8965.8,55.47262164
2024/11/26,620,620,606,607,8198.08,49.86077617
2024/11/27,609,614.49,607,613.8,8381.12,51.30177843
2024/11/28,614.9,614.9,606.01,611.77,8231.32,50.12161935
2024/11/29,612,616.2,609,614.88,7079.66,43.49351827
2024/12/2,616,616,608.2,613.18,6830.52,41.71730069
2024/12/3,615,618,615,616.72,7359.46,45.35861079
2024/12/4,616,618,614.8,615.86,7341.18,45.25267297
2024/12/5,615,617.99,614,616,6480.88,39.96892574
2024/12/6,616,616,609.06,614.09,7711.26,47.22433843
2024/12/9,613.8,618.5,612,617.26,7703.44,47.52014993
2024/12/10,619,622.5,618.41,619.63,8527.94,52.86196219
2024/12/11,621,627,621,624.79,8740.2,54.61179465
2024/12/12,626,629.9,625.5,628.83,7726.26,48.53705053
2024/12/13,626.5,631,621.25,622.43,8565.4,53.47214219
2024/12/16,620,625,616.35,618.34,11574.2,71.4624525
2024/12/17,621,621,616.7,618.21,9575.22,59.24590137
2024/12/18,616,619,614,616.5,9319.12,57.51000775
2024/12/19,616.5,616.5,607,614.53,14778.14,90.38948573
2024/12/20,615,616,608,611.83,12966.9,79.22283702
2024/12/23,611.1,618.94,611.1,618.4,11136.88,68.77252537
2024/12/24,600,617,600,616.34,9607.56,59.18146883
2024/12/25,615.2,617.89,615.05,616.8,8153.06,50.31483451
2024/12/26,617.5,618.98,616.5,618.07,10179.12,62.90216882
2024/12/27,618,619.5,618,618.55,10013.18,61.954161
2024/12/30,616.5,618,614.5,616.5,10156.7,62.64032629
2024/12/31,615.5,617.7,613.6,614.8,8629.54,53.06620179
2025/1/2,614,622.6,614,621.99,12745.84,79.18685399
2025/1/3,624.4,627.6,624.4,626.87,11230.76,70.36401252
2025/1/6,627.5,629,623.9,624.32,14292.08,89.40101674
2025/1/7,626,626,619,625,12672.34,79.13324157
2025/1/8,626,630,625,628.35,11148.34,69.83577124
2025/1/9,626.5,631,626.5,630.37,11930.18,74.99891258
2025/1/10,632.7,635,631,633.82,14013.76,88.73300389
2025/1/13,633.5,638.98,632.5,636.9,15313.56,97.44385303
2025/1/14,634.5,634.5,630.5,632.44,15678.74,99.08846312
2025/1/15,633,635.9,630,634.5,12568,79.64132804
2025/1/16,634.7,638.6,634.5,637.04,10434.94,66.51457142
2025/1/17,638,641.2,637.5,637.63,10660.92,68.21449173
2025/1/20,637.5,640,632.5,637.5,10144.96,64.51815538
2025/1/21,636.5,640,632,639,10897.08,69.43391479
2025/1/22,637.65,646.4,637.6,643.48,8124.32,52.29837001
2025/1/23,644,645.99,642,644.02,7412.1,47.73947029
2025/1/24,644,647.98,641.01,645.51,8659.9,55.99192859
2025/1/27,646.5,650,642.75,643.1,6404.84,41.3161608
2025/2/5,669.21,669.78,660.5,667.87,9334.18,62.33868086
2025/2/6,668.88,671.65,666.51,667.38,12427.72,83.25928369
2025/2/7,670,670,663,668.99,8918.4,59.66147704
2025/2/10,669,679.99,666,679.65,12495.42,84.39462975
2025/2/11,682,692,679,683.52,15833.22,108.6932536
2025/2/12,681,682.81,677.5,680.21,12594.46,85.63831951
2025/2/13,677.8,685.47,675,683.86,12135.32,82.97688804
2025/2/14,684.5,687.5,683.5,686.58,10894.24,74.80077366
2025/2/17,686,687,674,676.28,15275.02,103.2529353
2025/2/18,677,683.4,676.8,682.85,10441.16,71.09019901
2025/2/19,685,689.99,682,686.9,9960.9,68.45156885
2025/2/20,688,689.49,684,689.18,9567.86,65.8222412
2025/2/21,688.3,690,681.2,683.47,10892.72,74.54481002
2025/2/24,683,687,681.9,685.58,12291.68,84.15291486
2025/2/25,687.99,688.59,684,685.17,9741.44,66.86803948
2025/2/26,684,686.99,675,679.3,10195.3,69.42417784
2025/2/27,680,681.7,675.3,676.52,9667.76,65.56688942
2025/2/28,676,677.8,670,670.78,9780.24,65.82225547
2025/3/3,671,676.28,665.5,671.78,10061.72,67.58381112
2025/3/4,674,679.99,673,679.97,8446,57.13600126
2025/3/5,680,682.47,678.3,681.57,10594.5,72.1000859
2025/3/6,681,681.8,677,679.7,8483.4,57.74336185
2025/3/7,677,680.7,677,679.48,10313.98,69.9963683
2025/3/10,680,684,678.5,681.99,11337.64,77.16508401
2025/3/11,680.9,680.9,675,676.71,10158.12,68.70797226
2025/3/12,679,680.4,678,679.43,9461.1,64.24513538
2025/3/13,680,685.89,679,683.77,6326.66,43.31022913
2025/3/14,685.5,697.79,685.5,692.67,7907.52,54.92994327
2025/3/17,698,698,693.8,695.4,8427.84,58.58079009
2025/3/18,696,701.35,695,700.8,8643.04,60.48533956
2025/3/19,702,708.5,702,707.7,9087.16,64.16500143
2025/3/20,701.5,710.89,701.5,709.09,8900.02,63.11611684
2025/3/21,707.55,710,704.39,706.55,8901.22,62.91546631
2025/3/24,706.5,707,701,705.92,11652.5,82.20427136
2025/3/25,705.41,705.8,703,704.56,10436.74,73.53173787
2025/3/26,705,708,705,707.79,11755.56,83.07265166
2025/3/27,706.5,709.7,705.5,709.29,12609.4,89.34036998
2025/3/28,714,722,711.1,721.03,14237.02,102.4448073
2025/3/31,721.5,730.9,719,730.8,19696.52,143.0999456
2025/4/1,730.8,739.4,726,735.84,22584.82,166.2326692
2025/4/2,738.1,738.1,730,732.5,16407.04,120.50153
2025/4/3,735.9,747.5,732,738.94,18626.88,138.0274982
2025/4/7,705,727,703.31,713.98,21418.3,153.6315875
2025/4/8,718.9,719.9,710,717.5,16656.36,119.2218077
2025/4/9,718,729,713,728.88,19055.22,137.2603355
2025/4/10,732,744.99,728,741.26,16472.68,122.1367682
2025/4/11,743.5,762,740.5,757.1,17310.22,131.4301632
2025/4/14,757,765.5,756.31,762.47,16882.5,128.8272417
2025/4/15,765.3,765.3,757,762.9,12864.42,98.11120229
2025/4/16,762,781.9,761.5,781.62,14001.56,108.8038804
2025/4/17,782,795.36,780,786,26860.66,212.0580781
2025/4/18,788.5,790.49,778,788.62,15482.78,122.0980509
2025/4/21,790,806,787,804.11,26503,212.2953368
2025/4/22,808.2,834.6,805,825.8,33896.18,279.6668472
2025/4/23,829,829,780.55,786.99,27249.28,217.2767079
2025/4/24,787,802.3,775,792.47,22494.66,178.5529724
2025/4/25,792.47,803,780.5,785.6,14161.08,111.7562712
2025/4/28,787.6,788,776.01,778.4,12972.42,101.2072769
2025/4/29,781,791,780,780.05,12034.16,94.3527128
2025/4/30,783,784.76,778.01,780.19,8343.96,65.16398729
2025/5/6,785,797.5,785,792.2,12694.96,100.6130084
2025/5/7,792.9,801,791.8,798.51,12151.2,96.89878552
2025/5/8,789,807.9,785,786.5,15787.08,125.3968771
2025/5/9,792,799,774.05,785.5,12024.8,93.99392753
2025/5/12,787,788,755,759,11552.36,88.75768683
2025/5/13,743,765.8,742,763.9,9024.62,68.56111554
2025/5/14,760,764,757.05,758.38,8915.2,67.71072654
2025/5/15,753.8,755,729,735.86,10512.94,77.39314769
2025/5/16,743.5,755,739,746.4,12330.58,92.32900774
2025/5/19,735,756.79,735,754.5,8373.96,63.01860575
2025/5/20,747,756,747,753.49,10329.54,77.69819606
2025/5/21,757,775.79,757,773.82,8872.48,68.57486828
2025/5/22,768.5,782.3,768.5,778.36,8502.62,66.23492689
2025/5/23,774.9,778.5,768,776.4,8357.1,64.60691578
2025/5/26,779.5,782,773.51,773.94,6914.3,53.67532686
2025/5/27,774.2,777.29,767.3,768.75,7447,57.59250822
2025/5/28,767,770.9,765.5,769.67,6772.1,52.06016188
2025/5/29,769.7,769.7,756.64,763.02,6994.12,53.21003696
2025/5/30,763.02,771.9,762,768.79,5589.74,42.90728079
2025/6/3,786.5,786.5,776,778.5,6638.18,51.85653231
2025/6/4,783.19,783.19,775.5,779.46,8605.46,67.13581849
2025/6/5,779.75,783.69,778,781.25,5692.66,44.45581207
2025/6/6,786,786,774.5,779.88,7020.16,54.75134453
2025/6/9,781,781,764.5,772.3,8559.7,65.8147219
2025/6/10,780,780,766.7,772.68,7270.9,55.95675239
2025/6/11,790,790,772.5,774.69,7834.42,60.67535913
2025/6/12,774,783.5,772.2,780.54,6324.96,49.43885477
2025/6/13,785,798,773.99,792.07,9681.88,76.80484429
2025/6/16,795,798,787.3,788.2,9848.44,78.0242459
2025/6/17,789,789,779.01,783.19,6886.42,53.8983201
2025/6/18,800,800,779,781.85,9091.32,71.11836485
2025/6/19,784,785,776.3,777.41,8348.9,65.13314062
2025/6/20,780.3,781,774.4,777.4,10701.1,83.09537151
2025/6/23,776,780.9,775,777.98,10089.16,78.55701392
2025/6/24,782,782.2,767,768.87,12248.7,94.63117579
2025/6/25,768,772,764,771.49,8306.14,64.01786145
2025/6/26,770,774,768,773.64,7384.72,56.96773097
2025/6/27,772.03,772.03,762.2,763.3,9938.24,76.0517137
2025/6/30,760,765,756,764.43,9707.34,73.96232242
2025/7/1,761.5,773,760.5,772.88,9537.98,73.40976179
2025/7/2,774.5,776,770.7,770.7,6869.12,53.02731458
2025/7/3,774.6,777.6,772.8,776.14,5073.42,39.33328501
2025/7/4,772,773.5,768,771.9,7609,58.73265632
2025/7/7,772.5,773.3,765.9,767.75,5503.6,42.22665748
2025/7/8,766,773.29,765.01,771.48,5437.24,41.98358965
2025/7/9,770,771.3,761,763.38,8163.06,62.35805591
2025/7/10,763,770,763,769.73,6172.3,47.47207503
2025/7/11,767.4,771.8,767.4,769.66,4892.84,37.69656995
2025/7/14,764,777.5,764,777.4,9075.38,70.32141351
2025/7/15,776,778,772,776.02,6994.42,54.19190282
2025/7/16,774.5,774.5,770,772.4,5753.88,44.40252613
2025/7/17,773,778,769.3,770.91,6456.68,49.87125771
2025/7/18,770.5,773.79,768,773.5,4513.74,34.86492547
2025/7/21,775.6,778.5,773.5,777.34,8766.06,68.1060069
2025/7/22,778.5,783,778.5,780.35,6505.46,50.80680426
2025/7/23,782.3,789.3,782,788.5,7341.56,57.83174999
2025/7/24,790,790,773.25,775.34,9347.76,72.51951976
2025/7/25,774.1,775,772.2,774.21,5521.44,42.69150161
2025/7/28,772,774.3,767.8,771.8,8850.54,68.16074694
2025/7/29,770,770,765,767.69,8772.52,67.33693375
2025/7/30,767.9,771.21,767.9,769.68,7356.8,56.63489645
2025/7/31,770,772,763.5,767.36,11032.48,84.47120175
2025/8/1,767,768.4,764.8,767.29,8479.4,65.01523143
2025/8/4,770,778,770,776.01,5523.66,42.91305374
2025/8/5,778,781.8,778,779.85,4824.92,37.64110094
2025/8/6,780,781.5,778.9,779.14,6532.82,50.96885647
2025/8/7,780.9,782.5,779.01,782.08,6530.9,50.96352481
2025/8/8,779.5,784.5,779.5,783.18,5552.8,43.48225557
2025/8/11,783,790,775.01,775.54,7368.06,57.30190929
2025/8/12,775,775,772,773.47,7092.78,54.87347634
2025/8/13,773,775.48,771,774.96,6510.36,50.36401099
2025/8/14,774.45,776.98,774,775.05,4725.12,36.64376707
2025/8/15,775,775,770.2,773.55,5632.84,43.51108886
2025/8/18,769,781,769,774.46,5614.56,43.45342935
2025/8/19,774,774.5,771.2,773.05,8127.62,62.75063411
2025/8/20,772,774.49,767.6,770.24,8045.9,61.85858594
2025/8/21,773,775,771.2,772,4567.72,35.29075497
2025/8/22,772,774,770.01,771.87,5056.08,39.00823149
2025/8/25,771.87,778,770,775.85,5843.94,45.3313969
2025/8/26,776,779.6,775.5,777.1,7739.2,60.17283822
2025/8/27,779,779.5,777,778.07,7674.72,59.77629092
2025/8/28,777.5,780.7,777.5,779.85,7167.9,55.90560168
2025/8/29,779,782.59,779,781.71,8369.78,65.45061087
2025/9/1,782.9,798.9,782.9,794.66,13315.78,105.8646603
2025/9/2,795,806.5,795,799.95,11687.96,93.70569519
2025/9/3,800,812.99,800,809,13097.26,106.1461904
2025/9/4,814,817,804,809.19,10463.1,84.70122577
2025/9/5,809.19,813,809,811.5,9088.06,73.77171608
2025/9/8,810.3,822,810.3,821.2,10081.2,82.46285707
2025/9/9,823,833.99,823,832,13667.52,113.5806561
2025/9/10,832,836,824.5,829.75,9108.66,75.49163637
2025/9/11,830,832.8,825.8,826.52,7586.08,62.87029487
2025/9/12,825,831.7,824.1,830.41,9450.58,78.44987695
2025/9/15,830.2,831,826,828.21,9527.2,78.94413133
2025/9/16,829,839.99,829,838.73,9667.46,80.88864868
2025/9/17,838.7,841,831.4,831.85,8951.58,74.63355219
2025/9/18,832.8,837,822,824.59,10499.96,86.86695384
2025/9/19,830,830,823,826.71,7306.38,60.32086829
2025/9/22,827,845,827,839.5,7301.9,61.14281183
2025/9/23,843,850.88,840.1,850.65,7739.38,65.69637051
2025/9/24,854,856.8,848.75,856.63,6892.16,58.88226695
2025/9/25,856.5,857,848,851.74,10303.38,87.58924677
2025/9/26,853,854.8,847.6,853,9286.48,79.15076212
2025/9/29,853.3,864.99,852.5,862.9,14795.68,127.0993873
2025/9/30,865,880,861,871.86,8471.24,73.94573849
2025/10/9,917.9,918.8,902,911.5,15595.42,142.2016236
2025/10/10,913.5,917.8,896.05,897.63,16002,144.1311304
2025/10/13,901,927.9,895,926.73,18575.14,171.2406873
2025/10/14,928,957.8,927,940.72,26900.24,253.9033974
2025/10/15,940,960,933.8,959.04,17322.68,165.4054449
2025/10/16,958,970,955,968.14,22388.04,216.347099
2025/10/17,969,1002,965,997.17,24473.98,243.4653431
2025/10/20,999.99,999.99,962,974.3,28444.44,277.0950586
2025/10/21,977,999,977,987.12,15935.76,157.8851257
2025/10/22,976.8,976.8,932,948.8,22212.1,209.8391615
2025/10/23,920,946,920,941.21,9994.46,93.81642754
2025/10/24,945,955,934.3,935.6,10507.48,98.79030401
2025/10/27,928.6,953,928,930.79,11298.4,105.3865348
2025/10/28,930.79,930.79,896.52,896.6,14745.96,133.8087152
2025/10/29,895,913.7,895,912.94,14314.76,129.7261669
2025/10/30,917,922,894.01,906.89,11985.42,108.2889171
2025/10/31,910.5,925,909,921.5,8142.68,74.8065156
2025/11/3,924,925,909,920,8788.62,80.62461334
2025/11/4,918,925,910.5,916.49,7689.06,70.26420872
2025/11/5,912,916.5,903,910,8812.92,79.93879122
2025/11/6,910,919.8,910,918,5339.48,48.80354659
2025/11/7,920,924,912,918.03,5809.64,53.27342836
2025/11/10,919,935,914,934.81,8082.38,75.17487367
2025/11/11,938.9,950.99,935,946.79,11202.26,106.2362587
2025/11/12,949,949,939,944.84,7978.8,75.35557357
2025/11/13,946,960,940.1,959.14,8263.64,79.14661211
2025/11/14,959.55,968,948,948.03,7413.22,70.77691693
2025/11/17,942,943,921,931.42,9930.64,92.43600447
2025/11/18,935.5,938,916.04,916.96,9662.46,88.84013918
2025/11/19,923.5,937.8,921.05,935.33,6310.06,58.85835317
2025/11/20,940,942.5,927,929.95,5951.7,55.47450956
2025/11/21,933,938,918,924.44,5905.54,54.75389793
2025/11/24,924,935,923.8,926,6484.96,60.02095281
2025/11/25,930,945,930,941.54,5636.04,53.12635537
2025/11/26,940,945.9,935,941.16,5591.84,52.77487508
2025/11/27,945.8,945.8,940,943.98,3788.12,35.6681299
2025/11/28,942.5,950.9,942,948.15,5676.4,53.82430823
2025/12/1,946.2,962.2,756.4,958.46,8657.38,82.86874373
2025/12/2,960,962,951,954.89,5964.66,56.94569782
2025/12/3,952,957.5,945,950.06,6169.26,58.82266259
2025/12/4,948.4,958.88,946,949.32,5272.56,50.08025051
2025/12/5,951,957,950,956.5,6051.62,57.74797713
2025/12/8,956,961,950.3,954.1,7447.92,70.95070203
2025/12/9,954.3,954.3,945,947.13,6100.88,57.84895501
2025/12/10,950,955.9,948.5,950.91,6329.82,60.28432715
2025/12/11,950.91,962,950,952.39,4865.7,46.44403896
2025/12/12,955,965.9,951.5,964.25,6611.64,63.7078295
2025/12/15,978.9,979,960,976.82,7231.66,70.53824734
2025/12/16,978,978.5,963,964.89,7457.02,72.143669
2025/12/17,964,977.94,964,972.71,6947.48,67.65122642
2025/12/18,972.6,977.99,971.5,975.55,4719.52,46.01653682
2025/12/19,974.66,980,970,975.51,6643.58,64.71156869
2025/12/22,977,995,974,992.79,12609.88,124.4768317
2025/12/23,985,1014,985,1006.87,11494.44,116.0052007
2025/12/24,1008.2,1017.2,995,1007.69,9021.5,91.16643607
2025/12/25,1009.5,1009.5,999.7,1002.98,8305.14,83.21837111
2025/12/26,1004,1017,1003.51,1007,14250.86,143.9632724
2025/12/29,1010,1015,1000.01,1004,22116.74,223.0486172
2025/12/30,1003.99,1003.99,970,981.91,19650.52,192.7224439
2025/12/31,986,990,960,974.9,16821.04,163.7191324
2026/1/5,990,996,987.01,993.57,18720.08,185.4843344
2026/1/6,994,1008,990,1003.01,10741.62,107.6233719
2026/1/7,1002,1007.3,996.5,999.68,9839.12,98.59033963
2026/1/8,1005,1005,992.01,996.21,9878.04,98.4422808
2026/1/9,995,1004.88,992.05,1003.49,7081.24,70.99043735
2026/1/12,1003.5,1029,1001.49,1023.71,8996.42,91.99477588
2026/1/13,1024,1030.01,1022.5,1025.02,6099.56,62.57197771
2026/1/14,1028,1038.58,1024,1038,8032.7,83.16979604
2026/1/15,1040,1040,1027.5,1034.27,10278.2,105.9764434
2026/1/16,1036,1036,1028,1032.63,9432.52,97.24096698
2026/1/19,1033,1049.99,1020,1045.72,11766.16,122.846583
2026/1/20,1046,1056.8,1044.5,1056.43,13502.2,141.9188042
2026/1/21,1058.99,1099.99,1055,1087.81,15974.12,173.4778704
2026/1/22,1090,1098,1066.01,1083.69,11766.08,126.7207246
2026/1/23,1083.77,1114,1081,1110.3,16342.62,181.4651584
2026/1/26,1107,1147,1105,1144.45,29490.6,335.8366398
2026/1/27,1143.5,1150,1126,1144.14,23996.76,273.4329075
2026/1/28,1142,1185.9,1030,1184.96,24859.42,291.873896
2026/1/29,1180.5,1256,1178,1243.02,28722.02,357.0717914
2026/1/30,1247.9,1248.5,1148.01,1163.95,22073.98,259.3764588
2026/2/2,1153,1157,998,1030,27136.52,283.412527
2026/2/3,1070,1100,1040,1097.89,24874.16,267.7016747
2026/2/4,1100,1198.5,1090,1140.3,18882.84,214.0462798
2026/2/5,1139,1140,1078,1105.47,14487.78,159.7901507
2026/2/6,1094,1102.95,1049.01,1093.85,16914.04,183.0899825
2026/2/9,1090,1132,1050,1116.02,9656.54,108.2168317
2026/2/10,1121,1130.5,1115,1116.69,6148.78,68.86504657
2026/2/11,1120,1128,1115,1123.02,5623.78,63.21831666
2026/2/12,1136,1137,1120,1122.52,3972.68,44.64777105
2026/2/13,1124,1127,1092,1108.92,5943.38,65.80159001
2026/2/24,1155,1158,1138.3,1147.66,8654.14,99.3403445
2026/2/25,1146.1,1155,1136,1145.64,5667.06,65.02884923
2026/2/26,1145.1,1150,1141.51,1144.51,5349.96,61.1965027
2026/2/27,1144.99,1147.9,1135,1142.97,4762.58,54.52813276
2026/3/2,1146,1201.8,1144.2,1199.45,15371,182.0387147
2026/3/3,1195,1219.9,1174.5,1182,9219.68,109.3610473
2026/3/4,1149,1169,1125,1153.18,14920.22,172.0473862
2026/3/5,1154,1158,1140.38,1149.61,11192.04,128.5890999
2026/3/6,1151,1151,1132,1139.33,8829.76,100.7442513
2026/3/9,1135,1160,1120,1140.38,8365,95.23073459
2026/3/10,1139.1,1151.6,1132.1,1144.78,6847.34,78.62766637
2026/3/11,1148.5,1158,1142.5,1150.42,5314.24,61.21117725
2026/3/12,1149,1152,1141.5,1146.45,6855.94,78.48676773
2026/3/13,1147,1150.8,1129.65,1131.09,7567.84,85.91607665
2026/3/16,1138,1140,1110.01,1114.61,7972.66,88.99772105
2026/3/17,1117.8,1121,1109,1115.97,6053.96,67.58089661
2026/3/18,1115,1117,1108,1111.89,7440.34,82.69170261
2026/3/19,1095,1181,1057,1061,9683.54,104.4357684
2026/3/20,1140,1140,1007,1041.59,13377.44,139.6564415
2026/3/23,1040,1046,911,924.65,17189.5,165.4561435
2026/3/24,965,999,953.2,979.56,18123.16,175.0944834
2026/3/25,980,1028.99,965.1,1015.45,13543.72,137.7802888
2026/3/26,1015.45,1022.5,982,991.36,13363.36,133.6978316
2026/3/27,988,999.5,977,993.9,10391.86,102.8963803
2026/3/30,990,1015,986,1008.75,11089.54,111.4983699
2026/3/31,1015,1029.99,1008,1018.9,7108.74,72.5328471
2026/4/1,1023,1050,1015,1047.89,5982.98,62.4143334
2026/4/2,1060,1095,1010,1027.5,7345.4,75.88270157
2026/4/3,1022,1042,1020,1034.42,4251.04,43.88633819
2026/4/7,1032,1035,1026,1028,5812.18,59.86753166
2026/4/8,1033,1065,1021,1059.91,6060.8,64.18976276
2026/4/9,1060,1060,1036,1036,4562.36,47.4611649
2026/4/10,1047,1055,1043,1047.23,4954.58,51.91782038
2026/4/13,1048.5,1055,1035,1042.3,6591.96,68.56921759
2026/4/14,1040,1052,1035.1,1048.35,6784.58,71.09932427
2026/4/15,1047.1,1067.8,1046,1055.19,4595.3,48.62004159
2026/4/16,1050,1060.2,1050,1058.36,4279.78,45.2847514
2026/4/17,1058,1060,1046.1,1053,5627.96,59.18607348
2026/4/20,1055,1070,1045,1053.98,5298.04,55.76183127
2026/4/21,1055.5,1059,1048.06,1050.48,5940.6,62.5120557
2026/4/22,1053,1055.8,1038.88,1049.11,5329.68,55.80906975
2026/4/23,1047,1053,1034.5,1037.5,5849.62,60.75567528
2026/4/24,1040,1044,1028,1033.25,4951.3,51.1038774
2026/4/27,1039.9,1044,1033,1037.21,4123.66,42.78200918
2026/4/28,1035,1038.9,1019,1020.73,5146.1,52.78556833
2026/4/29,1007,1020,1006.32,1009.88,5519.12,55.87794669
2026/4/30,1007,1016,995,1013.6,5310.76,53.64546449
2026/5/6,1017,1027,1014.04,1026.94,4214.74,43.07381283
2026/5/7,1030,1044.99,1025.1,1038.94,5130.02,53.07965408
2026/5/8,1038.2,1045,1031,1032,4303.78,44.56959501
2026/5/11,1033.5,1039.9,1018.31,1025.82,5197.86,53.27595556
2026/5/12,1025,1040.1,1025,1028.51,3586.26,37.05546611
2026/5/13,1030,1032.9,1018,1029.99,5177.62,53.28608926
2026/5/14,1030.8,1031.2,1022.02,1028.68,5164.84,53.00467664
2026/5/15,1031.5,1031.5,1000.05,1006.01,10113.34,101.8494213
2026/5/18,1000.01,1005,980.02,999.69,9312.22,92.74838297
2026/5/19,999.69,1008.8,995,998,5228.36,52.21454579
2026/5/20,999.7,1000.5,979.01,984.98,8507.76,83.66038795
2026/5/21,998.8,1002,984,991.4,4972,49.48871565
2026/5/22,992,995.95,986,992.1,4531.34,44.96405153
2026/5/25,998,1001.99,985.6,997,5625.5,56.11928448
2026/5/26,999,1000.5,990.17,991.97,5563.22,55.22070723
2026/5/27,988,993,979.01,982.53,4750,46.72639546
2026/5/28,972,980,956.01,961.82,8976.48,86.26056407
2026/5/29,965,988,959,984.96,4426.4,43.53321243
2026/6/1,987,999,980.02,980.6,3954.52,38.9352054
2026/6/2,982,989,970.1,987.45,3182.86,31.25171749
2026/6/3,987,987,972.4,972.8,3642.36,35.52151569
2026/6/4,975,978.5,970,974.5,3566.92,34.78796784
2026/6/5,983,984.5,966.5,974.41,4141.38,40.18816015
2026/6/8,975,975,932,941.01,7940.04,74.87572806
2026/6/9,945,951.48,944,944.98,3630.76,34.37102136
2026/6/10,945,950,910,915.63,6681.42,61.18629822
2026/6/11,915,915,883.81,896.01,5758.66,51.39544967
2026/6/12,888,919,885,907.47,4877.64,44.38163757
2026/6/15,912.6,943,909,937.51,4288.52,40.22963069
2026/6/16,945,948.6,936.7,940.48,4402.28,41.33937008
2026/6/17,941,945.8,937,939.18,4105.38,38.61525148
2026/6/18,939,950,933.33,935.86,3475.1,32.57344474
2026/6/22,917.5,920,908.01,914.35,5772.12,52.75112735
2026/6/23,918.99,918.99,896.01,898.93,5464.34,49.23855647
2026/6/24,900,904.6,885,894.39,6070.88,54.12758314
2026/6/25,887,888,867,874.95,7526.54,65.62477384
2026/6/26,874,885,870.01,883.7,6305.86,55.32280776
2026/6/29,885,894.88,881.21,886.74,4936.44,43.79937053
2026/6/30,883,887.99,860.02,879.03,5348.14,46.5649747
2026/7/1,878,886,866.5,868.8,4553.66,39.57927434
2026/7/2,882,896,874.2,887,3423.08,30.34712668
2026/7/3,886,915.7,886,910.98,4334.58,39.45439518
2026/7/6,910,917,905.1,907.77,3780.58,34.40274105
2026/7/7,906.5,909,899.01,902.57,2151.64,19.42099102
2026/7/8,908,912,895.95,901.07,3449.58,31.07468927
2026/7/9,892,899,883,898.79,4097.94,36.62813106
2026/7/10,899,904.5,896.8,897.25,3554.2,31.93717098
2026/7/13,899.99,900,883,886.46,4971.36,44.10220597
2026/7/14,885.3,889,872,879.9,5884.54,51.64225501
2026/7/15,882,895,876.8,877.99,4721.88,41.52461524
2026/7/16,880,888,876,877.32,3066.14,26.94026558
2026/7/17,875,882.5,867,872.48,5776.98,50.30859359
2026/7/20,872,878.5,866,873,4283.2,37.45708593
2026/7/21,872.5,889.6,872,886.95,6034.62,53.33065982
2026/7/22,882.01,904,882.01,899,8620.36,77.55601828
2026/7/23,900,908,895,895.67,4672.3,42.00250468
2026/7/24,892,892,877.53,883.66,5658.24,49.84680286
2026/7/27,886,896,882,893.97,3818.24,34.09588496
2026/7/28,893,896,879.5,883.28,4805.24,42.37878467
2026/7/29,877,885,875.03,881.98,5321.64,46.7831372
2026/7/30,879,891.6,872.05,880.69,5224.62,46.16245113
2026/7/31,885,895,883.5,884.92,3258.84,28.88507564
2026/8/3,881.6,886,876,883.04,5552.32,49.03877732
2026/8/4,885,885,876,884.22,4181.7,36.93263537
2026/8/5,885.99,907.49,883.1,904.92,4846.68,43.60864651
2026/8/6,906.01,935,906.01,925.6,6520.82,60.50350381
2026/8/7,924.71,934,918,930.47,5363.04,49.78912707
2026/8/10,938,948,934,944.67,4665.8,43.90645885
2026/8/11,940,965,938,946.7,4812.98,45.92537273
2026/8/12,952.5,958,950,955.75,3265.1,31.15872039
2026/8/13,955,963,947.2,949.24,3854.24,36.73265518
2026/8/14,955,955,933.01,940.72,3886.14,36.44829796
2026/8/17,946,956,946,952.44,4462.76,42.50186158
2026/8/18,953,961,948.5,955.16,3713.6,35.4221544
2026/8/19,952,959.99,939.5,945.22,4359.14,41.12679517
2026/8/20,945,972.9,945,968.14,4386.26,42.51022662
2026/8/21,967,986.6,962,983.56,5466.9,53.64095089
2026/8/24,990,1006.6,985,1004.21,7268.38,72.89026865
2026/8/25,1004,1012.6,998.5,1000,4636.6,46.55574169
2026/8/26,1002,1007.9,992.08,1000.68,3883.74,38.92941902
2026/8/27,999,1002.2,991,992.29,4100.96,40.88309623
2026/8/28,995,997.66,986,995.05,4132.34,40.9536619
2026/8/31,993,1000,951,962,4790.18,45.97775611
2026/9/1,962.5,966,956,957.92,4340.3,41.6450541
2026/9/2,948,948,926.8,937.5,6553.74,61.20581736
2026/9/3,939.99,961,937.5,957.5,8334.08,79.62468082
2026/9/4,958.2,975,958.2,965.95,5029.98,48.61801457
2026/9/7,964,968,943,949.6,5247.08,49.88261289
2026/9/8,949,959.94,948,951.52,5103.14,48.73931481
2026/9/9,950,952.8,941,951.77,5370.9,50.86439071
2026/9/10,952,957,945.51,952.99,4446.3,42.40282474
2026/9/11,946.5,952,929,939.54,7187.08,67.34473253
2026/9/14,938.88,950,932.8,932.8,6128.64,57.39110845
2026/9/15,956,956,920,928.17,6890.52,64.05751859
2026/9/16,925,938.59,924.5,936.75,5054.54,47.13577197
2026/9/17,937.5,964,924,934.81,6143.82,57.12522363
2026/9/18,937,948.9,935.5,947.09,5219.06,49.13981856
